2026-07-29 23:57:53 | INFO     | root | exceptions.py:124 | ========================================
2026-07-29 23:57:53 | INFO     | root | exceptions.py:124 | ========================================
2026-07-29 23:57:53 | INFO     | root | exceptions.py:125 |  BSMA Logging Initialized
2026-07-29 23:57:53 | INFO     | root | exceptions.py:125 |  BSMA Logging Initialized
2026-07-29 23:57:53 | INFO     | root | exceptions.py:126 |  Log File : logs\bsma.log
2026-07-29 23:57:53 | INFO     | root | exceptions.py:126 |  Log File : logs\bsma.log
2026-07-29 23:57:53 | INFO     | root | exceptions.py:126 |  Log File : logs\bsma.log
2026-07-29 23:57:53 | INFO     | root | exceptions.py:127 | ========================================
2026-07-29 23:57:53 | INFO     | root | exceptions.py:127 | ========================================
2026-07-29 23:57:53 | INFO     | __main__ | exceptions.py:166 | Application started
2026-07-29 23:57:53 | INFO     | __main__ | exceptions.py:166 | Application started
2026-07-29 23:57:53 | INFO     | __main__ | exceptions.py:166 | Application started
2026-07-29 23:57:53 | WARNING  | __main__ | exceptions.py:168 | This is a warning
2026-07-29 23:57:53 | WARNING  | __main__ | exceptions.py:168 | This is a warning
2026-07-29 23:57:53 | ERROR    | __main__ | exceptions.py:170 | This is an error
==================
2026-07-29 23:57:53 | WARNING  | __main__ | exceptions.py:168 | This is a warning
2026-07-29 23:57:53 | ERROR    | __main__ | exceptions.py:170 | This is an error
2026-07-29 23:57:53 | INFO     | root | exceptions.py:125 |  BSMA Logging Initialized
2026-07-29 23:57:53 | CRITICAL | __main__ | exceptions.py:172 | Critical failure example
2026-07-29 23:57:53 | CRITICAL | __main__ | exceptions.py:172 | Critical failure example
2026-07-29 23:57:53 | ERROR    | __main__ | exceptions.py:170 | This is an error
2026-07-29 23:57:53 | INFO     | root | exceptions.py:126 |  Log File : logs\bsma.log
2026-07-29 23:57:53 | INFO     | root | exceptions.py:127 | ========================================
2026-07-29 23:57:53 | CRITICAL | __main__ | exceptions.py:172 | Critical failure example
2026-07-29 23:57:53 | INFO     | __main__ | exceptions.py:166 | Application started
2026-07-29 23:57:53 | WARNING  | __main__ | exceptions.py:168 | This is a warning
2026-07-29 23:57:53 | ERROR    | __main__ | exceptions.py:170 | This is an error
2026-07-29 23:57:53 | CRITICAL | __main__ | exceptions.py:172 | Critical failure example
2026-07-29 23:58:12 | INFO     | root | exceptions.py:122 | ========================================
2026-07-29 23:58:12 | INFO     | root | exceptions.py:123 |  BSMA Logging Initialized
2026-07-29 23:58:12 | INFO     | root | exceptions.py:124 |  Log File : logs\bsma.log
2026-07-29 23:58:12 | INFO     | root | exceptions.py:125 | ========================================
2026-07-29 23:58:12 | INFO     | __main__ | exceptions.py:164 | Application started
2026-07-29 23:58:12 | WARNING  | __main__ | exceptions.py:166 | This is a warning
2026-07-29 23:58:12 | ERROR    | __main__ | exceptions.py:168 | This is an error
2026-07-29 23:58:12 | CRITICAL | __main__ | exceptions.py:170 | Critical failure example
2026-07-30 00:12:40 | INFO     | root | logger.py:158 | ========================================
2026-07-30 00:12:40 | INFO     | root | logger.py:159 |  BSMA Logging Initialized
2026-07-30 00:12:40 | INFO     | root | logger.py:160 |  Log File : logs\bsma.log
2026-07-30 00:12:40 | INFO     | root | logger.py:161 | ========================================
2026-07-30 00:12:40 | INFO     | __main__ | logger.py:200 | Application started
2026-07-30 00:12:40 | WARNING  | __main__ | logger.py:202 | This is a warning
2026-07-30 00:12:40 | ERROR    | __main__ | logger.py:204 | This is an error
2026-07-30 00:12:40 | CRITICAL | __main__ | logger.py:206 | Critical failure example
2026-07-30 00:20:16 | INFO     | root | logger.py:158 | ========================================
2026-07-30 00:20:16 | INFO     | root | logger.py:159 |  BSMA Logging Initialized
2026-07-30 00:20:16 | INFO     | root | logger.py:160 |  Log File : logs\bsma.log
2026-07-30 00:20:16 | INFO     | root | logger.py:161 | ========================================
2026-07-30 00:20:16 | INFO     | __main__ | logger.py:200 | Application started
2026-07-30 00:20:16 | WARNING  | __main__ | logger.py:202 | This is a warning
2026-07-30 00:20:16 | ERROR    | __main__ | logger.py:204 | This is an error
2026-07-30 00:20:16 | CRITICAL | __main__ | logger.py:206 | Critical failure example
2026-08-02 15:46:58 | INFO     | root | logger.py:158 | ========================================
2026-08-02 15:46:58 | INFO     | root | logger.py:159 |  BSMA Logging Initialized
2026-08-02 15:46:58 | INFO     | root | logger.py:160 |  Log File : logs\bsma.log
2026-08-02 15:46:58 | INFO     | root | logger.py:161 | ========================================
2026-08-02 15:46:58 | INFO     | bsma_test | run_pipeline.py:25 | Memulai Uji Coba Pipeline BSMA...
2026-08-02 15:46:58 | INFO     | bsma_test | run_pipeline.py:36 | Trace dimuat: IA.BBJM.00.HNN | Npts: 42000 | SR: 100.0 Hz
2026-08-02 15:48:25 | INFO     | root | logger.py:158 | ========================================
2026-08-02 15:48:25 | INFO     | root | logger.py:159 |  BSMA Logging Initialized
2026-08-02 15:48:25 | INFO     | root | logger.py:160 |  Log File : logs\bsma.log
2026-08-02 15:48:25 | INFO     | root | logger.py:161 | ========================================
2026-08-02 15:48:25 | INFO     | bsma_test | run_pipeline.py:25 | Memulai Uji Coba Pipeline BSMA...
2026-08-02 15:48:25 | INFO     | bsma_test | run_pipeline.py:36 | Trace dimuat: IA.BBJM.00.HNN | Npts: 42000 | SR: 100.0 Hz
2026-08-02 15:52:42 | INFO     | root | logger.py:158 | ========================================
2026-08-02 15:52:42 | INFO     | root | logger.py:159 |  BSMA Logging Initialized
2026-08-02 15:52:42 | INFO     | root | logger.py:160 |  Log File : logs\bsma.log
2026-08-02 15:52:42 | INFO     | root | logger.py:161 | ========================================
2026-08-02 15:52:42 | INFO     | bsma_test | run_pipeline.py:25 | Memulai Uji Coba Pipeline BSMA...
2026-08-02 15:52:42 | INFO     | bsma_test | run_pipeline.py:36 | Trace dimuat: IA.BBJM.00.HNN | Npts: 42000 | SR: 100.0 Hz
2026-08-02 15:54:28 | INFO     | root | logger.py:158 | ========================================
2026-08-02 15:54:28 | INFO     | root | logger.py:159 |  BSMA Logging Initialized
2026-08-02 15:54:28 | INFO     | root | logger.py:160 |  Log File : logs\bsma.log
2026-08-02 15:54:28 | INFO     | root | logger.py:161 | ========================================
2026-08-02 15:54:28 | INFO     | bsma_test | run_pipeline.py:25 | Memulai Uji Coba Pipeline BSMA...
2026-08-02 15:54:28 | INFO     | bsma_test | run_pipeline.py:36 | Trace dimuat: IA.BBJM.00.HNN | Npts: 42000 | SR: 100.0 Hz
2026-08-02 15:56:24 | INFO     | root | logger.py:158 | ========================================
2026-08-02 15:56:24 | INFO     | root | logger.py:159 |  BSMA Logging Initialized
2026-08-02 15:56:24 | INFO     | root | logger.py:160 |  Log File : logs\bsma.log
2026-08-02 15:56:24 | INFO     | root | logger.py:161 | ========================================
2026-08-02 15:56:24 | INFO     | bsma_test | run_pipeline.py:25 | Memulai Uji Coba Pipeline BSMA...
2026-08-02 15:56:24 | INFO     | bsma_test | run_pipeline.py:36 | Trace dimuat: IA.BBJM.00.HNN | Npts: 42000 | SR: 100.0 Hz
2026-08-02 15:57:39 | INFO     | root | logger.py:158 | ========================================
2026-08-02 15:57:39 | INFO     | root | logger.py:159 |  BSMA Logging Initialized
2026-08-02 15:57:39 | INFO     | root | logger.py:160 |  Log File : logs\bsma.log
2026-08-02 15:57:39 | INFO     | root | logger.py:161 | ========================================
2026-08-02 15:57:39 | INFO     | bsma_test | run_pipeline.py:25 | Memulai Uji Coba Pipeline BSMA...
2026-08-02 15:57:39 | INFO     | bsma_test | run_pipeline.py:36 | Trace dimuat: IA.BBJM.00.HNN | Npts: 42000 | SR: 100.0 Hz
2026-08-02 15:57:39 | INFO     | bsma_test | run_pipeline.py:74 | Mengeksekusi Pipeline dengan 6 plugin...
2026-08-02 15:59:03 | INFO     | root | logger.py:158 | ========================================
2026-08-02 15:59:03 | INFO     | root | logger.py:159 |  BSMA Logging Initialized
2026-08-02 15:59:03 | INFO     | root | logger.py:160 |  Log File : logs\bsma.log
2026-08-02 15:59:03 | INFO     | root | logger.py:161 | ========================================
2026-08-02 15:59:03 | INFO     | bsma_test | run_pipeline.py:26 | Memulai Uji Coba Pipeline BSMA...
2026-08-02 15:59:03 | INFO     | bsma_test | run_pipeline.py:37 | Trace dimuat: IA.BBJM.00.HNN | Npts: 42000 | SR: 100.0 Hz
2026-08-02 15:59:03 | INFO     | bsma_test | run_pipeline.py:75 | Mengeksekusi Pipeline dengan 6 plugin...
2026-08-02 16:01:19 | INFO     | root | logger.py:158 | ========================================
2026-08-02 16:01:19 | INFO     | root | logger.py:159 |  BSMA Logging Initialized
2026-08-02 16:01:19 | INFO     | root | logger.py:160 |  Log File : logs\bsma.log
2026-08-02 16:01:19 | INFO     | root | logger.py:161 | ========================================
2026-08-02 16:01:19 | INFO     | bsma_test | run_pipeline.py:26 | Memulai Uji Coba Pipeline BSMA...
2026-08-02 16:01:19 | INFO     | bsma_test | run_pipeline.py:37 | Trace dimuat: IA.BBJM.00.HNN | Npts: 42000 | SR: 100.0 Hz
2026-08-02 16:01:19 | INFO     | bsma_test | run_pipeline.py:75 | Mengeksekusi Pipeline dengan 6 plugin...
2026-08-02 16:01:19 | ERROR    | bsma_test | pipeline.py:111 | Pipeline execution failed at BaselineCorrection.
Traceback (most recent call last):
  File "C:\Users\USer\Documents\GitHub\Project BSMA\core\pipeline.py", line 103, in run
    new_context = plugin.process(current)
  File "C:\Users\USer\Documents\GitHub\Project BSMA\core\preprocessing\baseline.py", line 54, in process
    self.validate_input(context)
  File "C:\Users\USer\Documents\GitHub\Project BSMA\core\interfaces\preprocessor.py", line 105, in validate_input
    if context.waveform is None:
AttributeError: 'ProcessingContext' object has no attribute 'waveform'
2026-08-02 16:02:44 | INFO     | root | logger.py:158 | ========================================
2026-08-02 16:02:44 | INFO     | root | logger.py:159 |  BSMA Logging Initialized
2026-08-02 16:02:44 | INFO     | root | logger.py:160 |  Log File : logs\bsma.log
2026-08-02 16:02:44 | INFO     | root | logger.py:161 | ========================================
2026-08-02 16:02:44 | INFO     | bsma_test | run_pipeline.py:26 | Memulai Uji Coba Pipeline BSMA...
2026-08-02 16:02:44 | INFO     | bsma_test | run_pipeline.py:37 | Trace dimuat: IA.BBJM.00.HNN | Npts: 42000 | SR: 100.0 Hz
2026-08-02 16:02:44 | INFO     | bsma_test | run_pipeline.py:75 | Mengeksekusi Pipeline dengan 6 plugin...
2026-08-02 16:02:44 | ERROR    | bsma_test | pipeline.py:111 | Pipeline execution failed at BaselineCorrection.
Traceback (most recent call last):
  File "C:\Users\USer\Documents\GitHub\Project BSMA\core\pipeline.py", line 103, in run
    new_context = plugin.process(current)
  File "C:\Users\USer\Documents\GitHub\Project BSMA\core\preprocessing\baseline.py", line 54, in process
    self.validate_input(context)
  File "C:\Users\USer\Documents\GitHub\Project BSMA\core\interfaces\preprocessor.py", line 112, in validate_input
    if context.waveform.size == 0:
AttributeError: 'ProcessingContext' object has no attribute 'waveform'
2026-08-02 16:04:20 | INFO     | root | logger.py:158 | ========================================
2026-08-02 16:04:20 | INFO     | root | logger.py:159 |  BSMA Logging Initialized
2026-08-02 16:04:20 | INFO     | root | logger.py:160 |  Log File : logs\bsma.log
2026-08-02 16:04:20 | INFO     | root | logger.py:161 | ========================================
2026-08-02 16:04:20 | INFO     | bsma_test | run_pipeline.py:26 | Memulai Uji Coba Pipeline BSMA...
2026-08-02 16:04:20 | INFO     | bsma_test | run_pipeline.py:37 | Trace dimuat: IA.BBJM.00.HNN | Npts: 42000 | SR: 100.0 Hz
2026-08-02 16:04:20 | INFO     | bsma_test | run_pipeline.py:75 | Mengeksekusi Pipeline dengan 6 plugin...
2026-08-02 16:04:20 | ERROR    | bsma_test | pipeline.py:111 | Pipeline execution failed at BaselineCorrection.
Traceback (most recent call last):
  File "C:\Users\USer\Documents\GitHub\Project BSMA\core\pipeline.py", line 103, in run
    new_context = plugin.process(current)
  File "C:\Users\USer\Documents\GitHub\Project BSMA\core\preprocessing\baseline.py", line 54, in process
    self.validate_input(context)
  File "C:\Users\USer\Documents\GitHub\Project BSMA\core\interfaces\preprocessor.py", line 124, in validate_input
    if context.waveform.size == 0:
AttributeError: 'ProcessingContext' object has no attribute 'waveform'
2026-08-02 16:05:43 | INFO     | root | logger.py:158 | ========================================
2026-08-02 16:05:43 | INFO     | root | logger.py:159 |  BSMA Logging Initialized
2026-08-02 16:05:43 | INFO     | root | logger.py:160 |  Log File : logs\bsma.log
2026-08-02 16:05:43 | INFO     | root | logger.py:161 | ========================================
2026-08-02 16:05:43 | INFO     | bsma_test | run_pipeline.py:26 | Memulai Uji Coba Pipeline BSMA...
2026-08-02 16:05:43 | INFO     | bsma_test | run_pipeline.py:37 | Trace dimuat: IA.BBJM.00.HNN | Npts: 42000 | SR: 100.0 Hz
2026-08-02 16:05:43 | INFO     | bsma_test | run_pipeline.py:75 | Mengeksekusi Pipeline dengan 6 plugin...
2026-08-02 16:05:43 | ERROR    | bsma_test | pipeline.py:111 | Pipeline execution failed at BaselineCorrection.
Traceback (most recent call last):
  File "C:\Users\USer\Documents\GitHub\Project BSMA\core\pipeline.py", line 103, in run
    new_context = plugin.process(current)
  File "C:\Users\USer\Documents\GitHub\Project BSMA\core\preprocessing\baseline.py", line 55, in process
    waveform = context.waveform
AttributeError: 'ProcessingContext' object has no attribute 'waveform'
2026-08-02 16:07:48 | INFO     | root | logger.py:158 | ========================================
2026-08-02 16:07:48 | INFO     | root | logger.py:159 |  BSMA Logging Initialized
2026-08-02 16:07:48 | INFO     | root | logger.py:160 |  Log File : logs\bsma.log
2026-08-02 16:07:48 | INFO     | root | logger.py:161 | ========================================
2026-08-02 16:07:48 | INFO     | bsma_test | run_pipeline.py:26 | Memulai Uji Coba Pipeline BSMA...
2026-08-02 16:07:48 | INFO     | bsma_test | run_pipeline.py:37 | Trace dimuat: IA.BBJM.00.HNN | Npts: 42000 | SR: 100.0 Hz
2026-08-02 16:07:48 | INFO     | bsma_test | run_pipeline.py:75 | Mengeksekusi Pipeline dengan 6 plugin...
2026-08-02 16:07:48 | ERROR    | bsma_test | pipeline.py:111 | Pipeline execution failed at BaselineCorrection.
Traceback (most recent call last):
  File "C:\Users\USer\Documents\GitHub\Project BSMA\core\pipeline.py", line 103, in run
    new_context = plugin.process(current)
  File "C:\Users\USer\Documents\GitHub\Project BSMA\core\preprocessing\baseline.py", line 112, in process
    state = replace(
  File "C:\Users\USer\AppData\Local\Programs\Python\Python310\lib\dataclasses.py", line 1447, in replace
    return obj.__class__(**changes)
TypeError: ProcessingState.__init__() got an unexpected keyword argument 'is_baseline_corrected'
2026-08-02 16:08:37 | INFO     | root | logger.py:158 | ========================================
2026-08-02 16:08:37 | INFO     | root | logger.py:159 |  BSMA Logging Initialized
2026-08-02 16:08:37 | INFO     | root | logger.py:160 |  Log File : logs\bsma.log
2026-08-02 16:08:37 | INFO     | root | logger.py:161 | ========================================
2026-08-02 16:08:37 | INFO     | bsma_test | run_pipeline.py:26 | Memulai Uji Coba Pipeline BSMA...
2026-08-02 16:08:37 | INFO     | bsma_test | run_pipeline.py:37 | Trace dimuat: IA.BBJM.00.HNN | Npts: 42000 | SR: 100.0 Hz
2026-08-02 16:08:37 | INFO     | bsma_test | run_pipeline.py:75 | Mengeksekusi Pipeline dengan 6 plugin...
2026-08-02 16:08:37 | ERROR    | bsma_test | pipeline.py:111 | Pipeline execution failed at BaselineCorrection.
Traceback (most recent call last):
  File "C:\Users\USer\Documents\GitHub\Project BSMA\core\pipeline.py", line 103, in run
    new_context = plugin.process(current)
  File "C:\Users\USer\Documents\GitHub\Project BSMA\core\preprocessing\baseline.py", line 129, in process
    return context.copy(**update_kwargs).add_history(history_msg)
AttributeError: 'ProcessingContext' object has no attribute 'copy'
2026-08-02 16:10:18 | INFO     | root | logger.py:158 | ========================================
2026-08-02 16:10:18 | INFO     | root | logger.py:159 |  BSMA Logging Initialized
2026-08-02 16:10:18 | INFO     | root | logger.py:160 |  Log File : logs\bsma.log
2026-08-02 16:10:18 | INFO     | root | logger.py:161 | ========================================
2026-08-02 16:10:18 | INFO     | bsma_test | run_pipeline.py:26 | Memulai Uji Coba Pipeline BSMA...
2026-08-02 16:10:18 | INFO     | bsma_test | run_pipeline.py:37 | Trace dimuat: IA.BBJM.00.HNN | Npts: 42000 | SR: 100.0 Hz
2026-08-02 16:10:18 | INFO     | bsma_test | run_pipeline.py:75 | Mengeksekusi Pipeline dengan 6 plugin...
2026-08-02 16:10:18 | ERROR    | bsma_test | pipeline.py:111 | Pipeline execution failed at Taper.
Traceback (most recent call last):
  File "C:\Users\USer\Documents\GitHub\Project BSMA\core\pipeline.py", line 103, in run
    new_context = plugin.process(current)
  File "C:\Users\USer\Documents\GitHub\Project BSMA\core\preprocessing\taper.py", line 82, in process
    waveform = context.waveform
AttributeError: 'ProcessingContext' object has no attribute 'waveform'
2026-08-02 16:11:04 | INFO     | root | logger.py:158 | ========================================
2026-08-02 16:11:04 | INFO     | root | logger.py:159 |  BSMA Logging Initialized
2026-08-02 16:11:04 | INFO     | root | logger.py:160 |  Log File : logs\bsma.log
2026-08-02 16:11:04 | INFO     | root | logger.py:161 | ========================================
2026-08-02 16:11:04 | INFO     | bsma_test | run_pipeline.py:26 | Memulai Uji Coba Pipeline BSMA...
2026-08-02 16:11:04 | INFO     | bsma_test | run_pipeline.py:37 | Trace dimuat: IA.BBJM.00.HNN | Npts: 42000 | SR: 100.0 Hz
2026-08-02 16:11:04 | INFO     | bsma_test | run_pipeline.py:75 | Mengeksekusi Pipeline dengan 6 plugin...
2026-08-02 16:11:04 | ERROR    | bsma_test | pipeline.py:111 | Pipeline execution failed at ButterworthFilter.
Traceback (most recent call last):
  File "C:\Users\USer\Documents\GitHub\Project BSMA\core\pipeline.py", line 103, in run
    new_context = plugin.process(current)
  File "C:\Users\USer\Documents\GitHub\Project BSMA\core\preprocessing\filter.py", line 85, in process
    waveform = context.waveform
AttributeError: 'ProcessingContext' object has no attribute 'waveform'
2026-08-02 16:12:15 | INFO     | root | logger.py:158 | ========================================
2026-08-02 16:12:15 | INFO     | root | logger.py:159 |  BSMA Logging Initialized
2026-08-02 16:12:15 | INFO     | root | logger.py:160 |  Log File : logs\bsma.log
2026-08-02 16:12:15 | INFO     | root | logger.py:161 | ========================================
2026-08-02 16:12:15 | INFO     | bsma_test | run_pipeline.py:26 | Memulai Uji Coba Pipeline BSMA...
2026-08-02 16:12:15 | INFO     | bsma_test | run_pipeline.py:37 | Trace dimuat: IA.BBJM.00.HNN | Npts: 42000 | SR: 100.0 Hz
2026-08-02 16:12:15 | INFO     | bsma_test | run_pipeline.py:75 | Mengeksekusi Pipeline dengan 6 plugin...
2026-08-02 16:12:15 | ERROR    | bsma_test | pipeline.py:111 | Pipeline execution failed at Parameter_Extraction.
Traceback (most recent call last):
  File "C:\Users\USer\Documents\GitHub\Project BSMA\core\pipeline.py", line 103, in run
    new_context = plugin.process(current)
  File "C:\Users\USer\Documents\GitHub\Project BSMA\core\processing\parameters.py", line 150, in process
    state = replace(context.processing_state, parameters=StageStatus.SUCCESS)
  File "C:\Users\USer\AppData\Local\Programs\Python\Python310\lib\dataclasses.py", line 1447, in replace
    return obj.__class__(**changes)
TypeError: ProcessingState.__init__() got an unexpected keyword argument 'parameters'
2026-08-02 16:13:14 | INFO     | root | logger.py:158 | ========================================
2026-08-02 16:13:14 | INFO     | root | logger.py:159 |  BSMA Logging Initialized
2026-08-02 16:13:14 | INFO     | root | logger.py:160 |  Log File : logs\bsma.log
2026-08-02 16:13:14 | INFO     | root | logger.py:161 | ========================================
2026-08-02 16:13:14 | INFO     | bsma_test | run_pipeline.py:26 | Memulai Uji Coba Pipeline BSMA...
2026-08-02 16:13:14 | INFO     | bsma_test | run_pipeline.py:37 | Trace dimuat: IA.BBJM.00.HNN | Npts: 42000 | SR: 100.0 Hz
2026-08-02 16:13:14 | INFO     | bsma_test | run_pipeline.py:75 | Mengeksekusi Pipeline dengan 6 plugin...
2026-08-02 16:13:14 | ERROR    | bsma_test | pipeline.py:111 | Pipeline execution failed at Parameter_Extraction.
Traceback (most recent call last):
  File "C:\Users\USer\Documents\GitHub\Project BSMA\core\pipeline.py", line 103, in run
    new_context = plugin.process(current)
  File "C:\Users\USer\Documents\GitHub\Project BSMA\core\processing\parameters.py", line 151, in process
    state = replace(context.processing_state, parameter_extraction=StageStatus.SUCCESS)
  File "C:\Users\USer\AppData\Local\Programs\Python\Python310\lib\dataclasses.py", line 1447, in replace
    return obj.__class__(**changes)
TypeError: ProcessingState.__init__() got an unexpected keyword argument 'parameter_extraction'
2026-08-02 16:14:33 | INFO     | root | logger.py:158 | ========================================
2026-08-02 16:14:33 | INFO     | root | logger.py:159 |  BSMA Logging Initialized
2026-08-02 16:14:33 | INFO     | root | logger.py:160 |  Log File : logs\bsma.log
2026-08-02 16:14:33 | INFO     | root | logger.py:161 | ========================================
2026-08-02 16:14:33 | INFO     | bsma_test | run_pipeline.py:26 | Memulai Uji Coba Pipeline BSMA...
2026-08-02 16:14:33 | INFO     | bsma_test | run_pipeline.py:37 | Trace dimuat: IA.BBJM.00.HNN | Npts: 42000 | SR: 100.0 Hz
2026-08-02 16:14:33 | INFO     | bsma_test | run_pipeline.py:75 | Mengeksekusi Pipeline dengan 6 plugin...
2026-08-02 16:14:34 | ERROR    | bsma_test | pipeline.py:111 | Pipeline execution failed at Response_Spectrum_Nigam_jennings.
Traceback (most recent call last):
  File "C:\Users\USer\Documents\GitHub\Project BSMA\core\pipeline.py", line 103, in run
    new_context = plugin.process(current)
  File "C:\Users\USer\Documents\GitHub\Project BSMA\core\processing\response_spectrum.py", line 139, in process
    state = replace(context.processing_state, response_spectrum=StageStatus.SUCCESS)
  File "C:\Users\USer\AppData\Local\Programs\Python\Python310\lib\dataclasses.py", line 1447, in replace
    return obj.__class__(**changes)
TypeError: ProcessingState.__init__() got an unexpected keyword argument 'response_spectrum'
2026-08-02 20:53:21 | INFO     | root | logger.py:158 | ========================================
2026-08-02 20:53:21 | INFO     | root | logger.py:159 |  BSMA Logging Initialized
2026-08-02 20:53:21 | INFO     | root | logger.py:160 |  Log File : logs\bsma.log
2026-08-02 20:53:21 | INFO     | root | logger.py:161 | ========================================
2026-08-02 20:53:21 | INFO     | bsma_test | run_pipeline.py:26 | Memulai Uji Coba Pipeline BSMA...
2026-08-02 20:53:21 | INFO     | bsma_test | run_pipeline.py:37 | Trace dimuat: IA.BBJM.00.HNN | Npts: 42000 | SR: 100.0 Hz
2026-08-02 20:53:21 | INFO     | bsma_test | run_pipeline.py:75 | Mengeksekusi Pipeline dengan 6 plugin...
2026-08-02 20:53:23 | ERROR    | bsma_test | pipeline.py:111 | Pipeline execution failed at Response_Spectrum_Nigam_jennings.
Traceback (most recent call last):
  File "C:\Users\USer\Documents\GitHub\Project BSMA\core\pipeline.py", line 103, in run
    new_context = plugin.process(current)
  File "C:\Users\USer\Documents\GitHub\Project BSMA\core\processing\response_spectrum.py", line 139, in process
    state = replace(context.processing_state, response_spectrum=StageStatus.SUCCESS)
  File "C:\Users\USer\AppData\Local\Programs\Python\Python310\lib\dataclasses.py", line 1447, in replace
    return obj.__class__(**changes)
TypeError: ProcessingState.__init__() got an unexpected keyword argument 'response_spectrum'
2026-08-02 20:54:40 | INFO     | root | logger.py:158 | ========================================
2026-08-02 20:54:40 | INFO     | root | logger.py:159 |  BSMA Logging Initialized
2026-08-02 20:54:40 | INFO     | root | logger.py:160 |  Log File : logs\bsma.log
2026-08-02 20:54:40 | INFO     | root | logger.py:161 | ========================================
2026-08-02 20:54:40 | INFO     | bsma_test | run_pipeline.py:26 | Memulai Uji Coba Pipeline BSMA...
2026-08-02 20:54:40 | INFO     | bsma_test | run_pipeline.py:37 | Trace dimuat: IA.BBJM.00.HNN | Npts: 42000 | SR: 100.0 Hz
2026-08-02 20:54:40 | INFO     | bsma_test | run_pipeline.py:75 | Mengeksekusi Pipeline dengan 6 plugin...
2026-08-02 20:54:42 | INFO     | bsma_test | run_pipeline.py:79 | 
============================================================
2026-08-02 20:54:42 | INFO     | bsma_test | run_pipeline.py:80 | HASIL EKSTRAKSI PARAMETER STRONG MOTION
2026-08-02 20:54:42 | INFO     | bsma_test | run_pipeline.py:81 | ============================================================
2026-08-02 20:54:42 | INFO     | bsma_test | run_pipeline.py:84 | PGA (Peak Ground Accel) : 0.006634 m/s^2
2026-08-02 20:54:42 | INFO     | bsma_test | run_pipeline.py:85 | PGV (Peak Ground Vel)   : 0.000222 m/s
2026-08-02 20:54:42 | INFO     | bsma_test | run_pipeline.py:86 | PGD (Peak Ground Disp)  : 0.000031 m
2026-08-02 20:54:42 | INFO     | bsma_test | run_pipeline.py:87 | Arias Intensity         : 0.000007 m/s
2026-08-02 20:54:42 | INFO     | bsma_test | run_pipeline.py:88 | CAV                     : 0.053864 m/s
2026-08-02 20:54:42 | INFO     | bsma_test | run_pipeline.py:89 | Duration (D5-95)        : 125.080 s
2026-08-02 20:54:42 | INFO     | bsma_test | run_pipeline.py:94 | Max PSA (5% Damping)    : 0.027702 m/s^2
2026-08-02 20:54:42 | INFO     | bsma_test | run_pipeline.py:96 | ============================================================
2026-08-02 20:54:42 | INFO     | bsma_test | run_pipeline.py:97 | Riwayat Pemrosesan (Audit Trail):
2026-08-02 20:54:42 | INFO     | bsma_test | run_pipeline.py:101 |  -> BaselineCorrection : SUCCESS
2026-08-02 20:54:42 | INFO     | bsma_test | run_pipeline.py:101 |  -> Taper : SUCCESS
2026-08-02 20:54:42 | INFO     | bsma_test | run_pipeline.py:101 |  -> ButterworthFilter : SUCCESS
2026-08-02 20:54:42 | INFO     | bsma_test | run_pipeline.py:101 |  -> Kinematic_Integration : SUCCESS
2026-08-02 20:54:42 | INFO     | bsma_test | run_pipeline.py:101 |  -> Parameter_Extraction : SUCCESS
2026-08-02 20:54:42 | INFO     | bsma_test | run_pipeline.py:101 |  -> Response_Spectrum_Nigam_jennings : SUCCESS
2026-08-02 21:23:25 | INFO     | root | logger.py:158 | ========================================
2026-08-02 21:23:25 | INFO     | root | logger.py:159 |  BSMA Logging Initialized
2026-08-02 21:23:25 | INFO     | root | logger.py:160 |  Log File : logs\bsma.log
2026-08-02 21:23:25 | INFO     | root | logger.py:161 | ========================================
2026-08-02 21:23:25 | INFO     | bsma_test | run_pipeline.py:27 | Memulai Uji Coba Pipeline BSMA...
2026-08-02 21:23:25 | INFO     | bsma_test | run_pipeline.py:38 | Trace dimuat: IA.BBJM.00.HNN | Npts: 42000 | SR: 100.0 Hz
2026-08-02 21:23:25 | INFO     | bsma_test | run_pipeline.py:76 | Mengeksekusi Pipeline dengan 6 plugin...
2026-08-02 21:23:27 | INFO     | bsma_test | run_pipeline.py:80 | 
============================================================
2026-08-02 21:23:27 | INFO     | bsma_test | run_pipeline.py:81 | HASIL EKSTRAKSI PARAMETER STRONG MOTION
2026-08-02 21:23:27 | INFO     | bsma_test | run_pipeline.py:82 | ============================================================
2026-08-02 21:23:27 | INFO     | bsma_test | run_pipeline.py:85 | PGA (Peak Ground Accel) : 0.006634 m/s^2
2026-08-02 21:23:27 | INFO     | bsma_test | run_pipeline.py:86 | PGV (Peak Ground Vel)   : 0.000222 m/s
2026-08-02 21:23:27 | INFO     | bsma_test | run_pipeline.py:87 | PGD (Peak Ground Disp)  : 0.000031 m
2026-08-02 21:23:27 | INFO     | bsma_test | run_pipeline.py:88 | Arias Intensity         : 0.000007 m/s
2026-08-02 21:23:27 | INFO     | bsma_test | run_pipeline.py:89 | CAV                     : 0.053864 m/s
2026-08-02 21:23:27 | INFO     | bsma_test | run_pipeline.py:90 | Duration (D5-95)        : 125.080 s
2026-08-02 21:23:27 | INFO     | bsma_test | run_pipeline.py:95 | Max PSA (5% Damping)    : 0.027702 m/s^2
2026-08-02 21:23:27 | INFO     | bsma_test | run_pipeline.py:97 | ============================================================
2026-08-02 21:23:27 | INFO     | bsma_test | run_pipeline.py:98 | Riwayat Pemrosesan (Audit Trail):
2026-08-02 21:23:27 | INFO     | bsma_test | run_pipeline.py:102 |  -> BaselineCorrection : SUCCESS
2026-08-02 21:23:27 | INFO     | bsma_test | run_pipeline.py:102 |  -> Taper : SUCCESS
2026-08-02 21:23:27 | INFO     | bsma_test | run_pipeline.py:102 |  -> ButterworthFilter : SUCCESS
2026-08-02 21:23:27 | INFO     | bsma_test | run_pipeline.py:102 |  -> Kinematic_Integration : SUCCESS
2026-08-02 21:23:27 | INFO     | bsma_test | run_pipeline.py:102 |  -> Parameter_Extraction : SUCCESS
2026-08-02 21:23:27 | INFO     | bsma_test | run_pipeline.py:102 |  -> Response_Spectrum_Nigam_jennings : SUCCESS
2026-08-02 21:23:27 | INFO     | bsma_test | run_pipeline.py:107 | 
Menyimpan laporan ke direktori outputs/reports...
2026-08-02 21:23:27 | INFO     | bsma_test | run_pipeline.py:113 | Laporan JSON berhasil disimpan: outputs\reports\IA_BBJM_00_HNN_20260802_212327.json
2026-08-02 21:23:27 | INFO     | bsma_test | run_pipeline.py:114 | Summary CSV berhasil diupdate : outputs\reports\bsma_summary.csv
2026-08-02 21:23:27 | INFO     | bsma_test | run_pipeline.py:115 | Pipeline Selesai dengan Sukses!

2026-08-02 21:31:55 | INFO     | root | logger.py:158 | ========================================
2026-08-02 21:31:55 | INFO     | root | logger.py:159 |  BSMA Logging Initialized
2026-08-02 21:31:55 | INFO     | root | logger.py:160 |  Log File : logs\bsma.log
2026-08-02 21:31:55 | INFO     | root | logger.py:161 | ========================================
2026-08-02 21:31:55 | INFO     | bsma_test | run_pipeline.py:28 | Memulai Uji Coba Pipeline BSMA...
2026-08-02 21:31:55 | INFO     | bsma_test | run_pipeline.py:39 | Trace dimuat: IA.BBJM.00.HNN | Npts: 42000 | SR: 100.0 Hz
2026-08-02 21:31:55 | INFO     | bsma_test | run_pipeline.py:77 | Mengeksekusi Pipeline dengan 6 plugin...
2026-08-02 21:31:57 | INFO     | bsma_test | run_pipeline.py:81 | 
============================================================
2026-08-02 21:31:57 | INFO     | bsma_test | run_pipeline.py:82 | HASIL EKSTRAKSI PARAMETER STRONG MOTION
2026-08-02 21:31:57 | INFO     | bsma_test | run_pipeline.py:83 | ============================================================
2026-08-02 21:31:57 | INFO     | bsma_test | run_pipeline.py:86 | PGA (Peak Ground Accel) : 0.006634 m/s^2
2026-08-02 21:31:57 | INFO     | bsma_test | run_pipeline.py:87 | PGV (Peak Ground Vel)   : 0.000222 m/s
2026-08-02 21:31:57 | INFO     | bsma_test | run_pipeline.py:88 | PGD (Peak Ground Disp)  : 0.000031 m
2026-08-02 21:31:57 | INFO     | bsma_test | run_pipeline.py:89 | Arias Intensity         : 0.000007 m/s
2026-08-02 21:31:57 | INFO     | bsma_test | run_pipeline.py:90 | CAV                     : 0.053864 m/s
2026-08-02 21:31:57 | INFO     | bsma_test | run_pipeline.py:91 | Duration (D5-95)        : 125.080 s
2026-08-02 21:31:57 | INFO     | bsma_test | run_pipeline.py:96 | Max PSA (5% Damping)    : 0.027702 m/s^2
2026-08-02 21:31:57 | INFO     | bsma_test | run_pipeline.py:98 | ============================================================
2026-08-02 21:31:57 | INFO     | bsma_test | run_pipeline.py:99 | Riwayat Pemrosesan (Audit Trail):
2026-08-02 21:31:57 | INFO     | bsma_test | run_pipeline.py:103 |  -> BaselineCorrection : SUCCESS
2026-08-02 21:31:57 | INFO     | bsma_test | run_pipeline.py:103 |  -> Taper : SUCCESS
2026-08-02 21:31:57 | INFO     | bsma_test | run_pipeline.py:103 |  -> ButterworthFilter : SUCCESS
2026-08-02 21:31:57 | INFO     | bsma_test | run_pipeline.py:103 |  -> Kinematic_Integration : SUCCESS
2026-08-02 21:31:57 | INFO     | bsma_test | run_pipeline.py:103 |  -> Parameter_Extraction : SUCCESS
2026-08-02 21:31:57 | INFO     | bsma_test | run_pipeline.py:103 |  -> Response_Spectrum_Nigam_jennings : SUCCESS
2026-08-02 21:31:57 | INFO     | bsma_test | run_pipeline.py:108 | 
Menyimpan laporan ke direktori outputs/reports...
2026-08-02 21:32:01 | INFO     | bsma_test | run_pipeline.py:117 | Laporan JSON berhasil disimpan: outputs\reports\IA_BBJM_00_HNN_20260802_213157.json
2026-08-02 21:32:01 | INFO     | bsma_test | run_pipeline.py:118 | Summary CSV berhasil diupdate : outputs\reports\bsma_summary.csv
2026-08-02 21:32:01 | INFO     | bsma_test | run_pipeline.py:119 | Laporan PDF berhasil dibuat   : outputs\reports\IA_BBJM_00_HNN_20260802_213157_Report.pdf
2026-08-02 21:32:01 | INFO     | bsma_test | run_pipeline.py:120 | Pipeline Selesai dengan Sukses!

2026-08-02 22:24:33 | INFO     | root | logger.py:158 | ========================================
2026-08-02 22:24:33 | INFO     | root | logger.py:159 |  BSMA Logging Initialized
2026-08-02 22:24:33 | INFO     | root | logger.py:160 |  Log File : logs\bsma.log
2026-08-02 22:24:33 | INFO     | root | logger.py:161 | ========================================
2026-08-02 22:24:33 | INFO     | bsma_batch_processor | run_pipeline.py:117 | Memulai BSMA Batch Processor...
2026-08-02 22:24:33 | INFO     | bsma_batch_processor | run_pipeline.py:132 | Ditemukan 15 fail data untuk diproses secara batch.
2026-08-02 22:24:33 | INFO     | bsma_batch_processor | run_pipeline.py:58 | 
============================================================
MEMPROSES FAIL: 20260127061533_IA_BBJM_00HNE_BP4_0.1_40.mseed
============================================================
2026-08-02 22:24:33 | INFO     | bsma_batch_processor | run_pipeline.py:67 | Stream dimuat untuk stasiun BBJM. Ditemukan 1 komponen trace.
2026-08-02 22:24:33 | INFO     | bsma_batch_processor | run_pipeline.py:75 | -> Analisis komponen: HNE (Npts: 42000 | SR: 100.0 Hz)
2026-08-02 22:24:35 | INFO     | bsma_batch_processor | run_pipeline.py:99 |    [+] HNE Selesai | PGA: 0.006101 m/s²
2026-08-02 22:24:35 | INFO     | bsma_batch_processor | run_pipeline.py:102 | -> Membuat Laporan PDF Gabungan untuk stasiun BBJM...
2026-08-02 22:24:39 | INFO     | bsma_batch_processor | run_pipeline.py:108 |    [+] Laporan PDF berhasil disimpan: outputs\reports\SM_Report_Gabungan_BBJM_20260802_222435.pdf
2026-08-02 22:24:39 | INFO     | bsma_batch_processor | run_pipeline.py:58 | 
============================================================
MEMPROSES FAIL: 20260127061533_IA_BBJM_00HNN_BP4_0.1_40.mseed
============================================================
2026-08-02 22:24:39 | INFO     | bsma_batch_processor | run_pipeline.py:67 | Stream dimuat untuk stasiun BBJM. Ditemukan 1 komponen trace.
2026-08-02 22:24:39 | INFO     | bsma_batch_processor | run_pipeline.py:75 | -> Analisis komponen: HNN (Npts: 42000 | SR: 100.0 Hz)
2026-08-02 22:24:41 | INFO     | bsma_batch_processor | run_pipeline.py:99 |    [+] HNN Selesai | PGA: 0.006634 m/s²
2026-08-02 22:24:41 | INFO     | bsma_batch_processor | run_pipeline.py:102 | -> Membuat Laporan PDF Gabungan untuk stasiun BBJM...
2026-08-02 22:24:44 | INFO     | bsma_batch_processor | run_pipeline.py:108 |    [+] Laporan PDF berhasil disimpan: outputs\reports\SM_Report_Gabungan_BBJM_20260802_222441.pdf
2026-08-02 22:24:44 | INFO     | bsma_batch_processor | run_pipeline.py:58 | 
============================================================
MEMPROSES FAIL: 20260127061533_IA_BBJM_00HNZ_BP4_0.1_40.mseed
============================================================
2026-08-02 22:24:44 | INFO     | bsma_batch_processor | run_pipeline.py:67 | Stream dimuat untuk stasiun BBJM. Ditemukan 1 komponen trace.
2026-08-02 22:24:44 | INFO     | bsma_batch_processor | run_pipeline.py:75 | -> Analisis komponen: HNZ (Npts: 42000 | SR: 100.0 Hz)
2026-08-02 22:24:47 | INFO     | bsma_batch_processor | run_pipeline.py:99 |    [+] HNZ Selesai | PGA: 0.002614 m/s²
2026-08-02 22:24:47 | INFO     | bsma_batch_processor | run_pipeline.py:102 | -> Membuat Laporan PDF Gabungan untuk stasiun BBJM...
2026-08-02 22:24:51 | INFO     | bsma_batch_processor | run_pipeline.py:108 |    [+] Laporan PDF berhasil disimpan: outputs\reports\SM_Report_Gabungan_BBJM_20260802_222447.pdf
2026-08-02 22:24:51 | INFO     | bsma_batch_processor | run_pipeline.py:58 | 
============================================================
MEMPROSES FAIL: 20260127061533_IA_BBJR_00HNE_BP4_0.1_40.mseed
============================================================
2026-08-02 22:24:51 | INFO     | bsma_batch_processor | run_pipeline.py:67 | Stream dimuat untuk stasiun BBJR. Ditemukan 1 komponen trace.
2026-08-02 22:24:51 | INFO     | bsma_batch_processor | run_pipeline.py:75 | -> Analisis komponen: HNE (Npts: 42000 | SR: 100.0 Hz)
2026-08-02 22:24:53 | INFO     | bsma_batch_processor | run_pipeline.py:99 |    [+] HNE Selesai | PGA: 0.005325 m/s²
2026-08-02 22:24:53 | INFO     | bsma_batch_processor | run_pipeline.py:102 | -> Membuat Laporan PDF Gabungan untuk stasiun BBJR...
2026-08-02 22:24:57 | INFO     | bsma_batch_processor | run_pipeline.py:108 |    [+] Laporan PDF berhasil disimpan: outputs\reports\SM_Report_Gabungan_BBJR_20260802_222453.pdf
2026-08-02 22:24:57 | INFO     | bsma_batch_processor | run_pipeline.py:58 | 
============================================================
MEMPROSES FAIL: 20260127061533_IA_BBJR_00HNN_BP4_0.1_40.mseed
============================================================
2026-08-02 22:24:58 | INFO     | bsma_batch_processor | run_pipeline.py:67 | Stream dimuat untuk stasiun BBJR. Ditemukan 1 komponen trace.
2026-08-02 22:24:58 | INFO     | bsma_batch_processor | run_pipeline.py:75 | -> Analisis komponen: HNN (Npts: 42000 | SR: 100.0 Hz)
2026-08-02 22:25:00 | INFO     | bsma_batch_processor | run_pipeline.py:99 |    [+] HNN Selesai | PGA: 0.007195 m/s²
2026-08-02 22:25:00 | INFO     | bsma_batch_processor | run_pipeline.py:102 | -> Membuat Laporan PDF Gabungan untuk stasiun BBJR...
2026-08-02 22:25:03 | INFO     | bsma_batch_processor | run_pipeline.py:108 |    [+] Laporan PDF berhasil disimpan: outputs\reports\SM_Report_Gabungan_BBJR_20260802_222500.pdf
2026-08-02 22:25:03 | INFO     | bsma_batch_processor | run_pipeline.py:58 | 
============================================================
MEMPROSES FAIL: 20260127061533_IA_BBJR_00HNZ_BP4_0.1_40.mseed
============================================================
2026-08-02 22:25:03 | INFO     | bsma_batch_processor | run_pipeline.py:67 | Stream dimuat untuk stasiun BBJR. Ditemukan 1 komponen trace.
2026-08-02 22:25:03 | INFO     | bsma_batch_processor | run_pipeline.py:75 | -> Analisis komponen: HNZ (Npts: 42000 | SR: 100.0 Hz)
2026-08-02 22:25:06 | INFO     | bsma_batch_processor | run_pipeline.py:99 |    [+] HNZ Selesai | PGA: 0.003553 m/s²
2026-08-02 22:25:06 | INFO     | bsma_batch_processor | run_pipeline.py:102 | -> Membuat Laporan PDF Gabungan untuk stasiun BBJR...
2026-08-02 22:25:09 | INFO     | bsma_batch_processor | run_pipeline.py:108 |    [+] Laporan PDF berhasil disimpan: outputs\reports\SM_Report_Gabungan_BBJR_20260802_222506.pdf
2026-08-02 22:25:09 | INFO     | bsma_batch_processor | run_pipeline.py:58 | 
============================================================
MEMPROSES FAIL: 20260127061533_IA_BMBNG_HNE_BP4_0.1_40.mseed
============================================================
2026-08-02 22:25:09 | INFO     | bsma_batch_processor | run_pipeline.py:67 | Stream dimuat untuk stasiun BMBNG. Ditemukan 1 komponen trace.
2026-08-02 22:25:09 | INFO     | bsma_batch_processor | run_pipeline.py:75 | -> Analisis komponen: HNE (Npts: 42000 | SR: 100.0 Hz)
2026-08-02 22:25:11 | INFO     | bsma_batch_processor | run_pipeline.py:99 |    [+] HNE Selesai | PGA: 0.002367 m/s²
2026-08-02 22:25:11 | INFO     | bsma_batch_processor | run_pipeline.py:102 | -> Membuat Laporan PDF Gabungan untuk stasiun BMBNG...
2026-08-02 22:25:15 | INFO     | bsma_batch_processor | run_pipeline.py:108 |    [+] Laporan PDF berhasil disimpan: outputs\reports\SM_Report_Gabungan_BMBNG_20260802_222511.pdf
2026-08-02 22:25:15 | INFO     | bsma_batch_processor | run_pipeline.py:58 | 
============================================================
MEMPROSES FAIL: 20260127061533_IA_BMBNG_HNN_BP4_0.1_40.mseed
============================================================
2026-08-02 22:25:15 | INFO     | bsma_batch_processor | run_pipeline.py:67 | Stream dimuat untuk stasiun BMBNG. Ditemukan 1 komponen trace.
2026-08-02 22:25:15 | INFO     | bsma_batch_processor | run_pipeline.py:75 | -> Analisis komponen: HNN (Npts: 42000 | SR: 100.0 Hz)
2026-08-02 22:25:18 | INFO     | bsma_batch_processor | run_pipeline.py:99 |    [+] HNN Selesai | PGA: 0.002748 m/s²
2026-08-02 22:25:18 | INFO     | bsma_batch_processor | run_pipeline.py:102 | -> Membuat Laporan PDF Gabungan untuk stasiun BMBNG...
2026-08-02 22:25:22 | INFO     | bsma_batch_processor | run_pipeline.py:108 |    [+] Laporan PDF berhasil disimpan: outputs\reports\SM_Report_Gabungan_BMBNG_20260802_222518.pdf
2026-08-02 22:25:22 | INFO     | bsma_batch_processor | run_pipeline.py:58 | 
============================================================
MEMPROSES FAIL: 20260127061533_IA_BMBNG_HNZ_BP4_0.1_40.mseed
============================================================
2026-08-02 22:25:22 | INFO     | bsma_batch_processor | run_pipeline.py:67 | Stream dimuat untuk stasiun BMBNG. Ditemukan 1 komponen trace.
2026-08-02 22:25:22 | INFO     | bsma_batch_processor | run_pipeline.py:75 | -> Analisis komponen: HNZ (Npts: 42000 | SR: 100.0 Hz)
2026-08-02 22:25:24 | INFO     | bsma_batch_processor | run_pipeline.py:99 |    [+] HNZ Selesai | PGA: 0.001136 m/s²
2026-08-02 22:25:24 | INFO     | bsma_batch_processor | run_pipeline.py:102 | -> Membuat Laporan PDF Gabungan untuk stasiun BMBNG...
2026-08-02 22:25:29 | INFO     | bsma_batch_processor | run_pipeline.py:108 |    [+] Laporan PDF berhasil disimpan: outputs\reports\SM_Report_Gabungan_BMBNG_20260802_222524.pdf
2026-08-02 22:25:29 | INFO     | bsma_batch_processor | run_pipeline.py:58 | 
============================================================
MEMPROSES FAIL: 20260127061533_IA_BOJI_HNE_BP4_0.1_40.mseed
============================================================
2026-08-02 22:25:29 | INFO     | bsma_batch_processor | run_pipeline.py:67 | Stream dimuat untuk stasiun BOJI. Ditemukan 1 komponen trace.
2026-08-02 22:25:29 | INFO     | bsma_batch_processor | run_pipeline.py:75 | -> Analisis komponen: HNE (Npts: 42000 | SR: 100.0 Hz)
2026-08-02 22:25:31 | INFO     | bsma_batch_processor | run_pipeline.py:99 |    [+] HNE Selesai | PGA: 0.063697 m/s²
2026-08-02 22:25:31 | INFO     | bsma_batch_processor | run_pipeline.py:102 | -> Membuat Laporan PDF Gabungan untuk stasiun BOJI...
2026-08-02 22:25:36 | INFO     | bsma_batch_processor | run_pipeline.py:108 |    [+] Laporan PDF berhasil disimpan: outputs\reports\SM_Report_Gabungan_BOJI_20260802_222531.pdf
2026-08-02 22:25:36 | INFO     | bsma_batch_processor | run_pipeline.py:58 | 
============================================================
MEMPROSES FAIL: 20260127061533_IA_BOJI_HNN_BP4_0.1_40.mseed
============================================================
2026-08-02 22:25:36 | INFO     | bsma_batch_processor | run_pipeline.py:67 | Stream dimuat untuk stasiun BOJI. Ditemukan 1 komponen trace.
2026-08-02 22:25:36 | INFO     | bsma_batch_processor | run_pipeline.py:75 | -> Analisis komponen: HNN (Npts: 42000 | SR: 100.0 Hz)
2026-08-02 22:25:38 | INFO     | bsma_batch_processor | run_pipeline.py:99 |    [+] HNN Selesai | PGA: 0.076860 m/s²
2026-08-02 22:25:38 | INFO     | bsma_batch_processor | run_pipeline.py:102 | -> Membuat Laporan PDF Gabungan untuk stasiun BOJI...
2026-08-02 22:25:42 | INFO     | bsma_batch_processor | run_pipeline.py:108 |    [+] Laporan PDF berhasil disimpan: outputs\reports\SM_Report_Gabungan_BOJI_20260802_222538.pdf
2026-08-02 22:25:42 | INFO     | bsma_batch_processor | run_pipeline.py:58 | 
============================================================
MEMPROSES FAIL: 20260127061533_IA_BOJI_HNZ_BP4_0.1_40.mseed
============================================================
2026-08-02 22:25:42 | INFO     | bsma_batch_processor | run_pipeline.py:67 | Stream dimuat untuk stasiun BOJI. Ditemukan 1 komponen trace.
2026-08-02 22:25:42 | INFO     | bsma_batch_processor | run_pipeline.py:75 | -> Analisis komponen: HNZ (Npts: 42000 | SR: 100.0 Hz)
2026-08-02 22:25:44 | INFO     | bsma_batch_processor | run_pipeline.py:99 |    [+] HNZ Selesai | PGA: 0.025836 m/s²
2026-08-02 22:25:44 | INFO     | bsma_batch_processor | run_pipeline.py:102 | -> Membuat Laporan PDF Gabungan untuk stasiun BOJI...
2026-08-02 22:25:48 | INFO     | bsma_batch_processor | run_pipeline.py:108 |    [+] Laporan PDF berhasil disimpan: outputs\reports\SM_Report_Gabungan_BOJI_20260802_222544.pdf
2026-08-02 22:25:48 | INFO     | bsma_batch_processor | run_pipeline.py:58 | 
============================================================
MEMPROSES FAIL: 20260127061533_IA_WGJR_00HNE_BP4_0.1_40.mseed
============================================================
2026-08-02 22:25:48 | INFO     | bsma_batch_processor | run_pipeline.py:67 | Stream dimuat untuk stasiun WGJR. Ditemukan 1 komponen trace.
2026-08-02 22:25:48 | INFO     | bsma_batch_processor | run_pipeline.py:75 | -> Analisis komponen: HNE (Npts: 42000 | SR: 100.0 Hz)
2026-08-02 22:25:51 | INFO     | bsma_batch_processor | run_pipeline.py:99 |    [+] HNE Selesai | PGA: 0.325117 m/s²
2026-08-02 22:25:51 | INFO     | bsma_batch_processor | run_pipeline.py:102 | -> Membuat Laporan PDF Gabungan untuk stasiun WGJR...
2026-08-02 22:25:54 | INFO     | bsma_batch_processor | run_pipeline.py:108 |    [+] Laporan PDF berhasil disimpan: outputs\reports\SM_Report_Gabungan_WGJR_20260802_222551.pdf
2026-08-02 22:25:54 | INFO     | bsma_batch_processor | run_pipeline.py:58 | 
============================================================
MEMPROSES FAIL: 20260127061533_IA_WGJR_00HNN_BP4_0.1_40.mseed
============================================================
2026-08-02 22:25:54 | INFO     | bsma_batch_processor | run_pipeline.py:67 | Stream dimuat untuk stasiun WGJR. Ditemukan 1 komponen trace.
2026-08-02 22:25:54 | INFO     | bsma_batch_processor | run_pipeline.py:75 | -> Analisis komponen: HNN (Npts: 42000 | SR: 100.0 Hz)
2026-08-02 22:25:56 | INFO     | bsma_batch_processor | run_pipeline.py:99 |    [+] HNN Selesai | PGA: 0.291675 m/s²
2026-08-02 22:25:56 | INFO     | bsma_batch_processor | run_pipeline.py:102 | -> Membuat Laporan PDF Gabungan untuk stasiun WGJR...
2026-08-02 22:25:59 | INFO     | bsma_batch_processor | run_pipeline.py:108 |    [+] Laporan PDF berhasil disimpan: outputs\reports\SM_Report_Gabungan_WGJR_20260802_222556.pdf
2026-08-02 22:25:59 | INFO     | bsma_batch_processor | run_pipeline.py:58 | 
============================================================
MEMPROSES FAIL: 20260127061533_IA_WGJR_00HNZ_BP4_0.1_40.mseed
============================================================
2026-08-02 22:25:59 | INFO     | bsma_batch_processor | run_pipeline.py:67 | Stream dimuat untuk stasiun WGJR. Ditemukan 1 komponen trace.
2026-08-02 22:25:59 | INFO     | bsma_batch_processor | run_pipeline.py:75 | -> Analisis komponen: HNZ (Npts: 42000 | SR: 100.0 Hz)
2026-08-02 22:26:01 | INFO     | bsma_batch_processor | run_pipeline.py:99 |    [+] HNZ Selesai | PGA: 0.097268 m/s²
2026-08-02 22:26:01 | INFO     | bsma_batch_processor | run_pipeline.py:102 | -> Membuat Laporan PDF Gabungan untuk stasiun WGJR...
2026-08-02 22:26:04 | INFO     | bsma_batch_processor | run_pipeline.py:108 |    [+] Laporan PDF berhasil disimpan: outputs\reports\SM_Report_Gabungan_WGJR_20260802_222601.pdf
2026-08-02 22:26:04 | INFO     | bsma_batch_processor | run_pipeline.py:140 | 
============================================================
BATCH PROCESSING SELESAI.
Seluruh data berhasil dianalisis.
============================================================
2026-08-02 22:59:47 | INFO     | root | logger.py:158 | ========================================
2026-08-02 22:59:47 | INFO     | root | logger.py:159 |  BSMA Logging Initialized
2026-08-02 22:59:47 | INFO     | root | logger.py:160 |  Log File : logs\bsma.log
2026-08-02 22:59:47 | INFO     | root | logger.py:161 | ========================================
2026-08-02 22:59:47 | INFO     | bsma_backend | run_pipeline.py:134 | Memulai BSMA Batch Processor...
2026-08-02 22:59:47 | INFO     | bsma_backend | run_pipeline.py:54 | 
============================================================
MEMPROSES FAIL: 20260127061533_IA_BBJM_00HNE_BP4_0.1_40.mseed
============================================================
2026-08-02 22:59:47 | INFO     | bsma_backend | run_pipeline.py:63 | Stream dimuat untuk stasiun BBJM (1 channel).
2026-08-02 22:59:47 | INFO     | bsma_backend | run_pipeline.py:76 | -> Analisis komponen: HNE (SR: 100.0 Hz)
2026-08-02 22:59:48 | INFO     | bsma_backend | run_pipeline.py:116 |    [+] Selesai | PGA: 0.61 Gal
2026-08-02 22:59:48 | INFO     | bsma_backend | run_pipeline.py:119 | -> Membuat Laporan PDF Gabungan...
2026-08-02 22:59:53 | INFO     | bsma_backend | run_pipeline.py:125 |    [+] Laporan PDF Tersimpan: outputs\reports\BSMA_Report_BBJM_20260802_225948.pdf
2026-08-02 22:59:53 | INFO     | bsma_backend | run_pipeline.py:54 | 
============================================================
MEMPROSES FAIL: 20260127061533_IA_BBJM_00HNN_BP4_0.1_40.mseed
============================================================
2026-08-02 22:59:53 | INFO     | bsma_backend | run_pipeline.py:63 | Stream dimuat untuk stasiun BBJM (1 channel).
2026-08-02 22:59:53 | INFO     | bsma_backend | run_pipeline.py:76 | -> Analisis komponen: HNN (SR: 100.0 Hz)
2026-08-02 22:59:54 | INFO     | bsma_backend | run_pipeline.py:116 |    [+] Selesai | PGA: 0.66 Gal
2026-08-02 22:59:54 | INFO     | bsma_backend | run_pipeline.py:119 | -> Membuat Laporan PDF Gabungan...
2026-08-02 22:59:57 | INFO     | bsma_backend | run_pipeline.py:125 |    [+] Laporan PDF Tersimpan: outputs\reports\BSMA_Report_BBJM_20260802_225954.pdf
2026-08-02 22:59:57 | INFO     | bsma_backend | run_pipeline.py:54 | 
============================================================
MEMPROSES FAIL: 20260127061533_IA_BBJM_00HNZ_BP4_0.1_40.mseed
============================================================
2026-08-02 22:59:57 | INFO     | bsma_backend | run_pipeline.py:63 | Stream dimuat untuk stasiun BBJM (1 channel).
2026-08-02 22:59:57 | INFO     | bsma_backend | run_pipeline.py:76 | -> Analisis komponen: HNZ (SR: 100.0 Hz)
2026-08-02 22:59:59 | INFO     | bsma_backend | run_pipeline.py:116 |    [+] Selesai | PGA: 0.26 Gal
2026-08-02 22:59:59 | INFO     | bsma_backend | run_pipeline.py:119 | -> Membuat Laporan PDF Gabungan...
2026-08-02 23:00:02 | INFO     | bsma_backend | run_pipeline.py:125 |    [+] Laporan PDF Tersimpan: outputs\reports\BSMA_Report_BBJM_20260802_225959.pdf
2026-08-02 23:00:02 | INFO     | bsma_backend | run_pipeline.py:54 | 
============================================================
MEMPROSES FAIL: 20260127061533_IA_BBJR_00HNE_BP4_0.1_40.mseed
============================================================
2026-08-02 23:00:02 | INFO     | bsma_backend | run_pipeline.py:63 | Stream dimuat untuk stasiun BBJR (1 channel).
2026-08-02 23:00:02 | INFO     | bsma_backend | run_pipeline.py:76 | -> Analisis komponen: HNE (SR: 100.0 Hz)
2026-08-02 23:00:04 | INFO     | bsma_backend | run_pipeline.py:116 |    [+] Selesai | PGA: 0.53 Gal
2026-08-02 23:00:04 | INFO     | bsma_backend | run_pipeline.py:119 | -> Membuat Laporan PDF Gabungan...
2026-08-02 23:00:07 | INFO     | bsma_backend | run_pipeline.py:125 |    [+] Laporan PDF Tersimpan: outputs\reports\BSMA_Report_BBJR_20260802_230004.pdf
2026-08-02 23:00:07 | INFO     | bsma_backend | run_pipeline.py:54 | 
============================================================
MEMPROSES FAIL: 20260127061533_IA_BBJR_00HNN_BP4_0.1_40.mseed
============================================================
2026-08-02 23:00:07 | INFO     | bsma_backend | run_pipeline.py:63 | Stream dimuat untuk stasiun BBJR (1 channel).
2026-08-02 23:00:07 | INFO     | bsma_backend | run_pipeline.py:76 | -> Analisis komponen: HNN (SR: 100.0 Hz)
2026-08-02 23:00:09 | INFO     | bsma_backend | run_pipeline.py:116 |    [+] Selesai | PGA: 0.72 Gal
2026-08-02 23:00:09 | INFO     | bsma_backend | run_pipeline.py:119 | -> Membuat Laporan PDF Gabungan...
2026-08-02 23:00:12 | INFO     | bsma_backend | run_pipeline.py:125 |    [+] Laporan PDF Tersimpan: outputs\reports\BSMA_Report_BBJR_20260802_230009.pdf
2026-08-02 23:00:12 | INFO     | bsma_backend | run_pipeline.py:54 | 
============================================================
MEMPROSES FAIL: 20260127061533_IA_BBJR_00HNZ_BP4_0.1_40.mseed
============================================================
2026-08-02 23:00:12 | INFO     | bsma_backend | run_pipeline.py:63 | Stream dimuat untuk stasiun BBJR (1 channel).
2026-08-02 23:00:12 | INFO     | bsma_backend | run_pipeline.py:76 | -> Analisis komponen: HNZ (SR: 100.0 Hz)
2026-08-02 23:00:13 | INFO     | bsma_backend | run_pipeline.py:116 |    [+] Selesai | PGA: 0.36 Gal
2026-08-02 23:00:13 | INFO     | bsma_backend | run_pipeline.py:119 | -> Membuat Laporan PDF Gabungan...
2026-08-02 23:00:16 | INFO     | bsma_backend | run_pipeline.py:125 |    [+] Laporan PDF Tersimpan: outputs\reports\BSMA_Report_BBJR_20260802_230013.pdf
2026-08-02 23:00:16 | INFO     | bsma_backend | run_pipeline.py:54 | 
============================================================
MEMPROSES FAIL: 20260127061533_IA_BMBNG_HNE_BP4_0.1_40.mseed
============================================================
2026-08-02 23:00:16 | INFO     | bsma_backend | run_pipeline.py:63 | Stream dimuat untuk stasiun BMBNG (1 channel).
2026-08-02 23:00:16 | INFO     | bsma_backend | run_pipeline.py:76 | -> Analisis komponen: HNE (SR: 100.0 Hz)
2026-08-02 23:00:18 | INFO     | bsma_backend | run_pipeline.py:116 |    [+] Selesai | PGA: 0.24 Gal
2026-08-02 23:00:18 | INFO     | bsma_backend | run_pipeline.py:119 | -> Membuat Laporan PDF Gabungan...
2026-08-02 23:00:22 | INFO     | bsma_backend | run_pipeline.py:125 |    [+] Laporan PDF Tersimpan: outputs\reports\BSMA_Report_BMBNG_20260802_230018.pdf
2026-08-02 23:00:22 | INFO     | bsma_backend | run_pipeline.py:54 | 
============================================================
MEMPROSES FAIL: 20260127061533_IA_BMBNG_HNN_BP4_0.1_40.mseed
============================================================
2026-08-02 23:00:22 | INFO     | bsma_backend | run_pipeline.py:63 | Stream dimuat untuk stasiun BMBNG (1 channel).
2026-08-02 23:00:22 | INFO     | bsma_backend | run_pipeline.py:76 | -> Analisis komponen: HNN (SR: 100.0 Hz)
2026-08-02 23:00:24 | INFO     | bsma_backend | run_pipeline.py:116 |    [+] Selesai | PGA: 0.27 Gal
2026-08-02 23:00:24 | INFO     | bsma_backend | run_pipeline.py:119 | -> Membuat Laporan PDF Gabungan...
2026-08-02 23:00:27 | INFO     | bsma_backend | run_pipeline.py:125 |    [+] Laporan PDF Tersimpan: outputs\reports\BSMA_Report_BMBNG_20260802_230024.pdf
2026-08-02 23:00:27 | INFO     | bsma_backend | run_pipeline.py:54 | 
============================================================
MEMPROSES FAIL: 20260127061533_IA_BMBNG_HNZ_BP4_0.1_40.mseed
============================================================
2026-08-02 23:00:27 | INFO     | bsma_backend | run_pipeline.py:63 | Stream dimuat untuk stasiun BMBNG (1 channel).
2026-08-02 23:00:27 | INFO     | bsma_backend | run_pipeline.py:76 | -> Analisis komponen: HNZ (SR: 100.0 Hz)
2026-08-02 23:00:28 | INFO     | bsma_backend | run_pipeline.py:116 |    [+] Selesai | PGA: 0.11 Gal
2026-08-02 23:00:28 | INFO     | bsma_backend | run_pipeline.py:119 | -> Membuat Laporan PDF Gabungan...
2026-08-02 23:00:32 | INFO     | bsma_backend | run_pipeline.py:125 |    [+] Laporan PDF Tersimpan: outputs\reports\BSMA_Report_BMBNG_20260802_230028.pdf
2026-08-02 23:00:32 | INFO     | bsma_backend | run_pipeline.py:54 | 
============================================================
MEMPROSES FAIL: 20260127061533_IA_BOJI_HNE_BP4_0.1_40.mseed
============================================================
2026-08-02 23:00:32 | INFO     | bsma_backend | run_pipeline.py:63 | Stream dimuat untuk stasiun BOJI (1 channel).
2026-08-02 23:00:32 | INFO     | bsma_backend | run_pipeline.py:76 | -> Analisis komponen: HNE (SR: 100.0 Hz)
2026-08-02 23:00:33 | INFO     | bsma_backend | run_pipeline.py:116 |    [+] Selesai | PGA: 6.37 Gal
2026-08-02 23:00:33 | INFO     | bsma_backend | run_pipeline.py:119 | -> Membuat Laporan PDF Gabungan...
2026-08-02 23:00:37 | INFO     | bsma_backend | run_pipeline.py:125 |    [+] Laporan PDF Tersimpan: outputs\reports\BSMA_Report_BOJI_20260802_230033.pdf
2026-08-02 23:00:37 | INFO     | bsma_backend | run_pipeline.py:54 | 
============================================================
MEMPROSES FAIL: 20260127061533_IA_BOJI_HNN_BP4_0.1_40.mseed
============================================================
2026-08-02 23:00:37 | INFO     | bsma_backend | run_pipeline.py:63 | Stream dimuat untuk stasiun BOJI (1 channel).
2026-08-02 23:00:37 | INFO     | bsma_backend | run_pipeline.py:76 | -> Analisis komponen: HNN (SR: 100.0 Hz)
2026-08-02 23:00:38 | INFO     | bsma_backend | run_pipeline.py:116 |    [+] Selesai | PGA: 7.69 Gal
2026-08-02 23:00:38 | INFO     | bsma_backend | run_pipeline.py:119 | -> Membuat Laporan PDF Gabungan...
2026-08-02 23:00:42 | INFO     | bsma_backend | run_pipeline.py:125 |    [+] Laporan PDF Tersimpan: outputs\reports\BSMA_Report_BOJI_20260802_230038.pdf
2026-08-02 23:00:42 | INFO     | bsma_backend | run_pipeline.py:54 | 
============================================================
MEMPROSES FAIL: 20260127061533_IA_BOJI_HNZ_BP4_0.1_40.mseed
============================================================
2026-08-02 23:00:42 | INFO     | bsma_backend | run_pipeline.py:63 | Stream dimuat untuk stasiun BOJI (1 channel).
2026-08-02 23:00:42 | INFO     | bsma_backend | run_pipeline.py:76 | -> Analisis komponen: HNZ (SR: 100.0 Hz)
2026-08-02 23:00:43 | INFO     | bsma_backend | run_pipeline.py:116 |    [+] Selesai | PGA: 2.58 Gal
2026-08-02 23:00:43 | INFO     | bsma_backend | run_pipeline.py:119 | -> Membuat Laporan PDF Gabungan...
2026-08-02 23:00:46 | INFO     | bsma_backend | run_pipeline.py:125 |    [+] Laporan PDF Tersimpan: outputs\reports\BSMA_Report_BOJI_20260802_230043.pdf
2026-08-02 23:00:46 | INFO     | bsma_backend | run_pipeline.py:54 | 
============================================================
MEMPROSES FAIL: 20260127061533_IA_WGJR_00HNE_BP4_0.1_40.mseed
============================================================
2026-08-02 23:00:46 | INFO     | bsma_backend | run_pipeline.py:63 | Stream dimuat untuk stasiun WGJR (1 channel).
2026-08-02 23:00:46 | INFO     | bsma_backend | run_pipeline.py:76 | -> Analisis komponen: HNE (SR: 100.0 Hz)
2026-08-02 23:00:48 | INFO     | bsma_backend | run_pipeline.py:116 |    [+] Selesai | PGA: 32.51 Gal
2026-08-02 23:00:48 | INFO     | bsma_backend | run_pipeline.py:119 | -> Membuat Laporan PDF Gabungan...
2026-08-02 23:00:52 | INFO     | bsma_backend | run_pipeline.py:125 |    [+] Laporan PDF Tersimpan: outputs\reports\BSMA_Report_WGJR_20260802_230048.pdf
2026-08-02 23:00:52 | INFO     | bsma_backend | run_pipeline.py:54 | 
============================================================
MEMPROSES FAIL: 20260127061533_IA_WGJR_00HNN_BP4_0.1_40.mseed
============================================================
2026-08-02 23:00:52 | INFO     | bsma_backend | run_pipeline.py:63 | Stream dimuat untuk stasiun WGJR (1 channel).
2026-08-02 23:00:52 | INFO     | bsma_backend | run_pipeline.py:76 | -> Analisis komponen: HNN (SR: 100.0 Hz)
2026-08-02 23:00:53 | INFO     | bsma_backend | run_pipeline.py:116 |    [+] Selesai | PGA: 29.17 Gal
2026-08-02 23:00:53 | INFO     | bsma_backend | run_pipeline.py:119 | -> Membuat Laporan PDF Gabungan...
2026-08-02 23:00:57 | INFO     | bsma_backend | run_pipeline.py:125 |    [+] Laporan PDF Tersimpan: outputs\reports\BSMA_Report_WGJR_20260802_230053.pdf
2026-08-02 23:00:57 | INFO     | bsma_backend | run_pipeline.py:54 | 
============================================================
MEMPROSES FAIL: 20260127061533_IA_WGJR_00HNZ_BP4_0.1_40.mseed
============================================================
2026-08-02 23:00:57 | INFO     | bsma_backend | run_pipeline.py:63 | Stream dimuat untuk stasiun WGJR (1 channel).
2026-08-02 23:00:57 | INFO     | bsma_backend | run_pipeline.py:76 | -> Analisis komponen: HNZ (SR: 100.0 Hz)
2026-08-02 23:00:59 | INFO     | bsma_backend | run_pipeline.py:116 |    [+] Selesai | PGA: 9.73 Gal
2026-08-02 23:00:59 | INFO     | bsma_backend | run_pipeline.py:119 | -> Membuat Laporan PDF Gabungan...
2026-08-02 23:01:02 | INFO     | bsma_backend | run_pipeline.py:125 |    [+] Laporan PDF Tersimpan: outputs\reports\BSMA_Report_WGJR_20260802_230059.pdf
2026-08-02 23:01:02 | INFO     | bsma_backend | run_pipeline.py:167 | 
============================================================
BATCH PROCESSING SELESAI.
============================================================
2026-08-03 07:27:32 | INFO     | root | logger.py:158 | ========================================
2026-08-03 07:27:32 | INFO     | root | logger.py:159 |  BSMA Logging Initialized
2026-08-03 07:27:32 | INFO     | root | logger.py:160 |  Log File : logs\bsma.log
2026-08-03 07:27:32 | INFO     | root | logger.py:161 | ========================================
2026-08-06 04:22:59 | INFO     | root | logger.py:158 | ========================================
2026-08-06 04:22:59 | INFO     | root | logger.py:159 |  BSMA Logging Initialized
2026-08-06 04:22:59 | INFO     | root | logger.py:160 |  Log File : logs\bsma.log
2026-08-06 04:22:59 | INFO     | root | logger.py:161 | ========================================
2026-08-06 04:22:59 | INFO     | bsma_backend | run_pipeline.py:160 | Memulai BSMA Batch Processor...
2026-08-06 04:22:59 | INFO     | bsma_backend | run_pipeline.py:55 | 
============================================================
MEMPROSES FAIL: 20250111072510_IA_WGJR_00HNE_BP4_0.1_40.mseed
============================================================
2026-08-06 04:22:59 | INFO     | bsma_backend | run_pipeline.py:64 | Stream dimuat untuk stasiun WGJR (1 channel).
2026-08-06 04:22:59 | INFO     | bsma_backend | run_pipeline.py:77 | -> Analisis komponen: HNE (SR: 100.0 Hz)
2026-08-06 04:23:00 | INFO     | bsma_backend | run_pipeline.py:142 |    [+] Selesai | PGA: 6.45 Gal
2026-08-06 04:23:00 | INFO     | bsma_backend | run_pipeline.py:145 | -> Membuat Laporan PDF Gabungan...
2026-08-06 04:23:04 | INFO     | bsma_backend | run_pipeline.py:151 |    [+] Laporan PDF Tersimpan: outputs\reports\BSMA_Report_WGJR_20260806_042300.pdf
2026-08-06 04:23:04 | INFO     | bsma_backend | run_pipeline.py:55 | 
============================================================
MEMPROSES FAIL: 20250111072510_IA_WGJR_00HNN_BP4_0.1_40.mseed
============================================================
2026-08-06 04:23:04 | INFO     | bsma_backend | run_pipeline.py:64 | Stream dimuat untuk stasiun WGJR (1 channel).
2026-08-06 04:23:04 | INFO     | bsma_backend | run_pipeline.py:77 | -> Analisis komponen: HNN (SR: 100.0 Hz)
2026-08-06 04:23:05 | INFO     | bsma_backend | run_pipeline.py:142 |    [+] Selesai | PGA: 8.37 Gal
2026-08-06 04:23:05 | INFO     | bsma_backend | run_pipeline.py:145 | -> Membuat Laporan PDF Gabungan...
2026-08-06 04:23:08 | INFO     | bsma_backend | run_pipeline.py:151 |    [+] Laporan PDF Tersimpan: outputs\reports\BSMA_Report_WGJR_20260806_042305.pdf
2026-08-06 04:23:08 | INFO     | bsma_backend | run_pipeline.py:55 | 
============================================================
MEMPROSES FAIL: 20250111072510_IA_WGJR_00HNZ_BP4_0.1_40.mseed
============================================================
2026-08-06 04:23:08 | INFO     | bsma_backend | run_pipeline.py:64 | Stream dimuat untuk stasiun WGJR (1 channel).
2026-08-06 04:23:08 | INFO     | bsma_backend | run_pipeline.py:77 | -> Analisis komponen: HNZ (SR: 100.0 Hz)
2026-08-06 04:23:09 | INFO     | bsma_backend | run_pipeline.py:142 |    [+] Selesai | PGA: 3.01 Gal
2026-08-06 04:23:09 | INFO     | bsma_backend | run_pipeline.py:145 | -> Membuat Laporan PDF Gabungan...
2026-08-06 04:23:13 | INFO     | bsma_backend | run_pipeline.py:151 |    [+] Laporan PDF Tersimpan: outputs\reports\BSMA_Report_WGJR_20260806_042309.pdf
2026-08-06 04:23:13 | INFO     | bsma_backend | run_pipeline.py:55 | 
============================================================
MEMPROSES FAIL: 20260127061533_IA_BBJM_00HNE_BP4_0.1_40.mseed
============================================================
2026-08-06 04:23:13 | INFO     | bsma_backend | run_pipeline.py:64 | Stream dimuat untuk stasiun BBJM (1 channel).
2026-08-06 04:23:13 | INFO     | bsma_backend | run_pipeline.py:77 | -> Analisis komponen: HNE (SR: 100.0 Hz)
2026-08-06 04:23:14 | INFO     | bsma_backend | run_pipeline.py:142 |    [+] Selesai | PGA: 0.61 Gal
2026-08-06 04:23:14 | INFO     | bsma_backend | run_pipeline.py:145 | -> Membuat Laporan PDF Gabungan...
2026-08-06 04:23:18 | INFO     | bsma_backend | run_pipeline.py:151 |    [+] Laporan PDF Tersimpan: outputs\reports\BSMA_Report_BBJM_20260806_042314.pdf
2026-08-06 04:23:18 | INFO     | bsma_backend | run_pipeline.py:55 | 
============================================================
MEMPROSES FAIL: 20260127061533_IA_BBJM_00HNN_BP4_0.1_40.mseed
============================================================
2026-08-06 04:23:18 | INFO     | bsma_backend | run_pipeline.py:64 | Stream dimuat untuk stasiun BBJM (1 channel).
2026-08-06 04:23:18 | INFO     | bsma_backend | run_pipeline.py:77 | -> Analisis komponen: HNN (SR: 100.0 Hz)
2026-08-06 04:23:20 | INFO     | bsma_backend | run_pipeline.py:142 |    [+] Selesai | PGA: 0.66 Gal
2026-08-06 04:23:20 | INFO     | bsma_backend | run_pipeline.py:145 | -> Membuat Laporan PDF Gabungan...
2026-08-06 04:23:24 | INFO     | bsma_backend | run_pipeline.py:151 |    [+] Laporan PDF Tersimpan: outputs\reports\BSMA_Report_BBJM_20260806_042320.pdf
2026-08-06 04:23:24 | INFO     | bsma_backend | run_pipeline.py:55 | 
============================================================
MEMPROSES FAIL: 20260127061533_IA_BBJM_00HNZ_BP4_0.1_40.mseed
============================================================
2026-08-06 04:23:24 | INFO     | bsma_backend | run_pipeline.py:64 | Stream dimuat untuk stasiun BBJM (1 channel).
2026-08-06 04:23:24 | INFO     | bsma_backend | run_pipeline.py:77 | -> Analisis komponen: HNZ (SR: 100.0 Hz)
2026-08-06 04:23:26 | INFO     | bsma_backend | run_pipeline.py:142 |    [+] Selesai | PGA: 0.26 Gal
2026-08-06 04:23:26 | INFO     | bsma_backend | run_pipeline.py:145 | -> Membuat Laporan PDF Gabungan...
2026-08-06 04:23:30 | INFO     | bsma_backend | run_pipeline.py:151 |    [+] Laporan PDF Tersimpan: outputs\reports\BSMA_Report_BBJM_20260806_042326.pdf
2026-08-06 04:23:30 | INFO     | bsma_backend | run_pipeline.py:55 | 
============================================================
MEMPROSES FAIL: 20260127061533_IA_BMBNG_HNE_BP4_0.1_40.mseed
============================================================
2026-08-06 04:23:30 | INFO     | bsma_backend | run_pipeline.py:64 | Stream dimuat untuk stasiun BMBNG (1 channel).
2026-08-06 04:23:30 | INFO     | bsma_backend | run_pipeline.py:77 | -> Analisis komponen: HNE (SR: 100.0 Hz)
2026-08-06 04:23:32 | INFO     | bsma_backend | run_pipeline.py:142 |    [+] Selesai | PGA: 0.24 Gal
2026-08-06 04:23:32 | INFO     | bsma_backend | run_pipeline.py:145 | -> Membuat Laporan PDF Gabungan...
2026-08-06 04:23:37 | INFO     | bsma_backend | run_pipeline.py:151 |    [+] Laporan PDF Tersimpan: outputs\reports\BSMA_Report_BMBNG_20260806_042332.pdf
2026-08-06 04:23:37 | INFO     | bsma_backend | run_pipeline.py:55 | 
============================================================
MEMPROSES FAIL: 20260127061533_IA_BMBNG_HNN_BP4_0.1_40.mseed
============================================================
2026-08-06 04:23:37 | INFO     | bsma_backend | run_pipeline.py:64 | Stream dimuat untuk stasiun BMBNG (1 channel).
2026-08-06 04:23:37 | INFO     | bsma_backend | run_pipeline.py:77 | -> Analisis komponen: HNN (SR: 100.0 Hz)
2026-08-06 04:23:40 | INFO     | bsma_backend | run_pipeline.py:142 |    [+] Selesai | PGA: 0.27 Gal
2026-08-06 04:23:40 | INFO     | bsma_backend | run_pipeline.py:145 | -> Membuat Laporan PDF Gabungan...
2026-08-06 04:23:45 | INFO     | bsma_backend | run_pipeline.py:151 |    [+] Laporan PDF Tersimpan: outputs\reports\BSMA_Report_BMBNG_20260806_042340.pdf
2026-08-06 04:23:45 | INFO     | bsma_backend | run_pipeline.py:55 | 
============================================================
MEMPROSES FAIL: 20260127061533_IA_BMBNG_HNZ_BP4_0.1_40.mseed
============================================================
2026-08-06 04:23:45 | INFO     | bsma_backend | run_pipeline.py:64 | Stream dimuat untuk stasiun BMBNG (1 channel).
2026-08-06 04:23:45 | INFO     | bsma_backend | run_pipeline.py:77 | -> Analisis komponen: HNZ (SR: 100.0 Hz)
2026-08-06 04:23:47 | INFO     | bsma_backend | run_pipeline.py:142 |    [+] Selesai | PGA: 0.11 Gal
2026-08-06 04:23:47 | INFO     | bsma_backend | run_pipeline.py:145 | -> Membuat Laporan PDF Gabungan...
2026-08-06 04:23:52 | INFO     | bsma_backend | run_pipeline.py:151 |    [+] Laporan PDF Tersimpan: outputs\reports\BSMA_Report_BMBNG_20260806_042347.pdf
2026-08-06 04:23:52 | INFO     | bsma_backend | run_pipeline.py:55 | 
============================================================
MEMPROSES FAIL: 20260127061533_IA_PRJI_HNE_BP4_0.1_40.mseed
============================================================
2026-08-06 04:23:52 | INFO     | bsma_backend | run_pipeline.py:64 | Stream dimuat untuk stasiun PRJI (1 channel).
2026-08-06 04:23:52 | INFO     | bsma_backend | run_pipeline.py:77 | -> Analisis komponen: HNE (SR: 100.0 Hz)
2026-08-06 04:23:54 | INFO     | bsma_backend | run_pipeline.py:142 |    [+] Selesai | PGA: 16.24 Gal
2026-08-06 04:23:54 | INFO     | bsma_backend | run_pipeline.py:145 | -> Membuat Laporan PDF Gabungan...
2026-08-06 04:23:57 | INFO     | bsma_backend | run_pipeline.py:151 |    [+] Laporan PDF Tersimpan: outputs\reports\BSMA_Report_PRJI_20260806_042354.pdf
2026-08-06 04:23:57 | INFO     | bsma_backend | run_pipeline.py:55 | 
============================================================
MEMPROSES FAIL: 20260127061533_IA_PRJI_HNN_BP4_0.1_40.mseed
============================================================
2026-08-06 04:23:57 | INFO     | bsma_backend | run_pipeline.py:64 | Stream dimuat untuk stasiun PRJI (1 channel).
2026-08-06 04:23:57 | INFO     | bsma_backend | run_pipeline.py:77 | -> Analisis komponen: HNN (SR: 100.0 Hz)
2026-08-06 04:23:59 | INFO     | bsma_backend | run_pipeline.py:142 |    [+] Selesai | PGA: 11.46 Gal
2026-08-06 04:23:59 | INFO     | bsma_backend | run_pipeline.py:145 | -> Membuat Laporan PDF Gabungan...
2026-08-06 04:24:03 | INFO     | bsma_backend | run_pipeline.py:151 |    [+] Laporan PDF Tersimpan: outputs\reports\BSMA_Report_PRJI_20260806_042359.pdf
2026-08-06 04:24:03 | INFO     | bsma_backend | run_pipeline.py:55 | 
============================================================
MEMPROSES FAIL: 20260127061533_IA_PRJI_HNZ_BP4_0.1_40.mseed
============================================================
2026-08-06 04:24:03 | ERROR    | bsma_backend | run_pipeline.py:154 | Gagal memproses fail 20260127061533_IA_PRJI_HNZ_BP4_0.1_40.mseed: [Errno 2] No such file or directory: 'Data\\mseed\\20260127061533_IA_PRJI_HNZ_BP4_0.1_40.mseed'
2026-08-06 04:24:03 | ERROR    | bsma_backend | run_pipeline.py:155 | Traceback (most recent call last):
  File "C:\Users\USer\Documents\GitHub\Project BSMA\run_pipeline.py", line 58, in process_earthquake_data
    st = read(str(waveform_path))
  File "C:\Users\USer\AppData\Local\Programs\Python\Python310\lib\site-packages\decorator\__init__.py", line 247, in fun
    return caller(func, *(extras + args), **kw)
  File "C:\Users\USer\AppData\Local\Programs\Python\Python310\lib\site-packages\obspy\core\util\decorator.py", line 298, in _map_example_filename
    return func(*args, **kwargs)
  File "C:\Users\USer\AppData\Local\Programs\Python\Python310\lib\site-packages\obspy\core\stream.py", line 210, in read
    st = _generic_reader(pathname_or_url, _read, **kwargs)
  File "C:\Users\USer\AppData\Local\Programs\Python\Python310\lib\site-packages\obspy\core\util\base.py", line 820, in _generic_reader
    raise IOError(2, "No such file or directory", pathname)
FileNotFoundError: [Errno 2] No such file or directory: 'Data\\mseed\\20260127061533_IA_PRJI_HNZ_BP4_0.1_40.mseed'

2026-08-06 04:24:03 | INFO     | bsma_backend | run_pipeline.py:55 | 
============================================================
MEMPROSES FAIL: 20260127061533_IA_WGJR_00HNE_BP4_0.1_40.mseed
============================================================
2026-08-06 04:24:03 | ERROR    | bsma_backend | run_pipeline.py:154 | Gagal memproses fail 20260127061533_IA_WGJR_00HNE_BP4_0.1_40.mseed: [Errno 2] No such file or directory: 'Data\\mseed\\20260127061533_IA_WGJR_00HNE_BP4_0.1_40.mseed'
2026-08-06 04:24:03 | ERROR    | bsma_backend | run_pipeline.py:155 | Traceback (most recent call last):
  File "C:\Users\USer\Documents\GitHub\Project BSMA\run_pipeline.py", line 58, in process_earthquake_data
    st = read(str(waveform_path))
  File "C:\Users\USer\AppData\Local\Programs\Python\Python310\lib\site-packages\decorator\__init__.py", line 247, in fun
    return caller(func, *(extras + args), **kw)
  File "C:\Users\USer\AppData\Local\Programs\Python\Python310\lib\site-packages\obspy\core\util\decorator.py", line 298, in _map_example_filename
    return func(*args, **kwargs)
  File "C:\Users\USer\AppData\Local\Programs\Python\Python310\lib\site-packages\obspy\core\stream.py", line 210, in read
    st = _generic_reader(pathname_or_url, _read, **kwargs)
  File "C:\Users\USer\AppData\Local\Programs\Python\Python310\lib\site-packages\obspy\core\util\base.py", line 820, in _generic_reader
    raise IOError(2, "No such file or directory", pathname)
FileNotFoundError: [Errno 2] No such file or directory: 'Data\\mseed\\20260127061533_IA_WGJR_00HNE_BP4_0.1_40.mseed'

2026-08-06 04:24:03 | INFO     | bsma_backend | run_pipeline.py:55 | 
============================================================
MEMPROSES FAIL: 20260127061533_IA_WGJR_00HNN_BP4_0.1_40.mseed
============================================================
2026-08-06 04:24:03 | ERROR    | bsma_backend | run_pipeline.py:154 | Gagal memproses fail 20260127061533_IA_WGJR_00HNN_BP4_0.1_40.mseed: [Errno 2] No such file or directory: 'Data\\mseed\\20260127061533_IA_WGJR_00HNN_BP4_0.1_40.mseed'
2026-08-06 04:24:03 | ERROR    | bsma_backend | run_pipeline.py:155 | Traceback (most recent call last):
  File "C:\Users\USer\Documents\GitHub\Project BSMA\run_pipeline.py", line 58, in process_earthquake_data
    st = read(str(waveform_path))
  File "C:\Users\USer\AppData\Local\Programs\Python\Python310\lib\site-packages\decorator\__init__.py", line 247, in fun
    return caller(func, *(extras + args), **kw)
  File "C:\Users\USer\AppData\Local\Programs\Python\Python310\lib\site-packages\obspy\core\util\decorator.py", line 298, in _map_example_filename
    return func(*args, **kwargs)
  File "C:\Users\USer\AppData\Local\Programs\Python\Python310\lib\site-packages\obspy\core\stream.py", line 210, in read
    st = _generic_reader(pathname_or_url, _read, **kwargs)
  File "C:\Users\USer\AppData\Local\Programs\Python\Python310\lib\site-packages\obspy\core\util\base.py", line 820, in _generic_reader
    raise IOError(2, "No such file or directory", pathname)
FileNotFoundError: [Errno 2] No such file or directory: 'Data\\mseed\\20260127061533_IA_WGJR_00HNN_BP4_0.1_40.mseed'

2026-08-06 04:24:03 | INFO     | bsma_backend | run_pipeline.py:55 | 
============================================================
MEMPROSES FAIL: 20260127061533_IA_WGJR_00HNZ_BP4_0.1_40.mseed
============================================================
2026-08-06 04:24:03 | ERROR    | bsma_backend | run_pipeline.py:154 | Gagal memproses fail 20260127061533_IA_WGJR_00HNZ_BP4_0.1_40.mseed: [Errno 2] No such file or directory: 'Data\\mseed\\20260127061533_IA_WGJR_00HNZ_BP4_0.1_40.mseed'
2026-08-06 04:24:03 | ERROR    | bsma_backend | run_pipeline.py:155 | Traceback (most recent call last):
  File "C:\Users\USer\Documents\GitHub\Project BSMA\run_pipeline.py", line 58, in process_earthquake_data
    st = read(str(waveform_path))
  File "C:\Users\USer\AppData\Local\Programs\Python\Python310\lib\site-packages\decorator\__init__.py", line 247, in fun
    return caller(func, *(extras + args), **kw)
  File "C:\Users\USer\AppData\Local\Programs\Python\Python310\lib\site-packages\obspy\core\util\decorator.py", line 298, in _map_example_filename
    return func(*args, **kwargs)
  File "C:\Users\USer\AppData\Local\Programs\Python\Python310\lib\site-packages\obspy\core\stream.py", line 210, in read
    st = _generic_reader(pathname_or_url, _read, **kwargs)
  File "C:\Users\USer\AppData\Local\Programs\Python\Python310\lib\site-packages\obspy\core\util\base.py", line 820, in _generic_reader
    raise IOError(2, "No such file or directory", pathname)
FileNotFoundError: [Errno 2] No such file or directory: 'Data\\mseed\\20260127061533_IA_WGJR_00HNZ_BP4_0.1_40.mseed'

2026-08-06 04:24:03 | INFO     | bsma_backend | run_pipeline.py:55 | 
============================================================
MEMPROSES FAIL: fdsnws (1).mseed
============================================================
2026-08-06 04:24:03 | ERROR    | bsma_backend | run_pipeline.py:154 | Gagal memproses fail fdsnws (1).mseed: [Errno 2] No such file or directory: 'Data\\mseed\\fdsnws (1).mseed'
2026-08-06 04:24:03 | ERROR    | bsma_backend | run_pipeline.py:155 | Traceback (most recent call last):
  File "C:\Users\USer\Documents\GitHub\Project BSMA\run_pipeline.py", line 58, in process_earthquake_data
    st = read(str(waveform_path))
  File "C:\Users\USer\AppData\Local\Programs\Python\Python310\lib\site-packages\decorator\__init__.py", line 247, in fun
    return caller(func, *(extras + args), **kw)
  File "C:\Users\USer\AppData\Local\Programs\Python\Python310\lib\site-packages\obspy\core\util\decorator.py", line 298, in _map_example_filename
    return func(*args, **kwargs)
  File "C:\Users\USer\AppData\Local\Programs\Python\Python310\lib\site-packages\obspy\core\stream.py", line 210, in read
    st = _generic_reader(pathname_or_url, _read, **kwargs)
  File "C:\Users\USer\AppData\Local\Programs\Python\Python310\lib\site-packages\obspy\core\util\base.py", line 820, in _generic_reader
    raise IOError(2, "No such file or directory", pathname)
FileNotFoundError: [Errno 2] No such file or directory: 'Data\\mseed\\fdsnws (1).mseed'

2026-08-06 04:24:03 | INFO     | bsma_backend | run_pipeline.py:55 | 
============================================================
MEMPROSES FAIL: fdsnws (2).mseed
============================================================
2026-08-06 04:24:03 | ERROR    | bsma_backend | run_pipeline.py:154 | Gagal memproses fail fdsnws (2).mseed: [Errno 2] No such file or directory: 'Data\\mseed\\fdsnws (2).mseed'
2026-08-06 04:24:03 | ERROR    | bsma_backend | run_pipeline.py:155 | Traceback (most recent call last):
  File "C:\Users\USer\Documents\GitHub\Project BSMA\run_pipeline.py", line 58, in process_earthquake_data
    st = read(str(waveform_path))
  File "C:\Users\USer\AppData\Local\Programs\Python\Python310\lib\site-packages\decorator\__init__.py", line 247, in fun
    return caller(func, *(extras + args), **kw)
  File "C:\Users\USer\AppData\Local\Programs\Python\Python310\lib\site-packages\obspy\core\util\decorator.py", line 298, in _map_example_filename
    return func(*args, **kwargs)
  File "C:\Users\USer\AppData\Local\Programs\Python\Python310\lib\site-packages\obspy\core\stream.py", line 210, in read
    st = _generic_reader(pathname_or_url, _read, **kwargs)
  File "C:\Users\USer\AppData\Local\Programs\Python\Python310\lib\site-packages\obspy\core\util\base.py", line 820, in _generic_reader
    raise IOError(2, "No such file or directory", pathname)
FileNotFoundError: [Errno 2] No such file or directory: 'Data\\mseed\\fdsnws (2).mseed'

2026-08-06 04:24:03 | INFO     | bsma_backend | run_pipeline.py:55 | 
============================================================
MEMPROSES FAIL: fdsnws.mseed
============================================================
2026-08-06 04:24:03 | ERROR    | bsma_backend | run_pipeline.py:154 | Gagal memproses fail fdsnws.mseed: [Errno 2] No such file or directory: 'Data\\mseed\\fdsnws.mseed'
2026-08-06 04:24:03 | ERROR    | bsma_backend | run_pipeline.py:155 | Traceback (most recent call last):
  File "C:\Users\USer\Documents\GitHub\Project BSMA\run_pipeline.py", line 58, in process_earthquake_data
    st = read(str(waveform_path))
  File "C:\Users\USer\AppData\Local\Programs\Python\Python310\lib\site-packages\decorator\__init__.py", line 247, in fun
    return caller(func, *(extras + args), **kw)
  File "C:\Users\USer\AppData\Local\Programs\Python\Python310\lib\site-packages\obspy\core\util\decorator.py", line 298, in _map_example_filename
    return func(*args, **kwargs)
  File "C:\Users\USer\AppData\Local\Programs\Python\Python310\lib\site-packages\obspy\core\stream.py", line 210, in read
    st = _generic_reader(pathname_or_url, _read, **kwargs)
  File "C:\Users\USer\AppData\Local\Programs\Python\Python310\lib\site-packages\obspy\core\util\base.py", line 820, in _generic_reader
    raise IOError(2, "No such file or directory", pathname)
FileNotFoundError: [Errno 2] No such file or directory: 'Data\\mseed\\fdsnws.mseed'

2026-08-06 04:24:03 | INFO     | bsma_backend | run_pipeline.py:193 | 
============================================================
BATCH PROCESSING SELESAI.
============================================================
2026-08-06 04:25:16 | INFO     | root | logger.py:158 | ========================================
2026-08-06 04:25:16 | INFO     | root | logger.py:159 |  BSMA Logging Initialized
2026-08-06 04:25:16 | INFO     | root | logger.py:160 |  Log File : logs\bsma.log
2026-08-06 04:25:16 | INFO     | root | logger.py:161 | ========================================
2026-08-06 04:25:16 | INFO     | bsma_backend | run_pipeline.py:160 | Memulai BSMA Batch Processor...
2026-08-06 04:25:16 | INFO     | bsma_backend | run_pipeline.py:55 | 
============================================================
MEMPROSES FAIL: pci_waveform.mseed
============================================================
2026-08-06 04:25:18 | ERROR    | bsma_backend | run_pipeline.py:154 | Gagal memproses fail pci_waveform.mseed: Unknown format for file Data\mseed\pci_waveform.mseed
2026-08-06 04:25:18 | ERROR    | bsma_backend | run_pipeline.py:155 | Traceback (most recent call last):
  File "C:\Users\USer\Documents\GitHub\Project BSMA\run_pipeline.py", line 58, in process_earthquake_data
    st = read(str(waveform_path))
  File "C:\Users\USer\AppData\Local\Programs\Python\Python310\lib\site-packages\decorator\__init__.py", line 247, in fun
    return caller(func, *(extras + args), **kw)
  File "C:\Users\USer\AppData\Local\Programs\Python\Python310\lib\site-packages\obspy\core\util\decorator.py", line 298, in _map_example_filename
    return func(*args, **kwargs)
  File "C:\Users\USer\AppData\Local\Programs\Python\Python310\lib\site-packages\obspy\core\stream.py", line 210, in read
    st = _generic_reader(pathname_or_url, _read, **kwargs)
  File "C:\Users\USer\AppData\Local\Programs\Python\Python310\lib\site-packages\obspy\core\util\base.py", line 822, in _generic_reader
    generic = callback_func(pathnames[0], **kwargs)
  File "C:\Users\USer\AppData\Local\Programs\Python\Python310\lib\site-packages\decorator\__init__.py", line 247, in fun
    return caller(func, *(extras + args), **kw)
  File "C:\Users\USer\AppData\Local\Programs\Python\Python310\lib\site-packages\obspy\core\util\decorator.py", line 209, in uncompress_file
    result = func(filename, *args, **kwargs)
  File "C:\Users\USer\AppData\Local\Programs\Python\Python310\lib\site-packages\obspy\core\stream.py", line 255, in _read
    stream, format = _read_from_plugin('waveform', filename, format=format,
  File "C:\Users\USer\AppData\Local\Programs\Python\Python310\lib\site-packages\obspy\core\util\base.py", line 539, in _read_from_plugin
    raise TypeError('Unknown format for file %s' % filename)
TypeError: Unknown format for file Data\mseed\pci_waveform.mseed

2026-08-06 04:25:18 | INFO     | bsma_backend | run_pipeline.py:193 | 
============================================================
BATCH PROCESSING SELESAI.
============================================================
2026-08-08 00:19:31 | INFO     | root | logger.py:243 | ========================================
2026-08-08 00:19:31 | INFO     | root | logger.py:244 |  BSMA Logging Initialized
2026-08-08 00:19:31 | INFO     | root | logger.py:245 |  Log File : logs\bsma.log
2026-08-08 00:19:31 | INFO     | root | logger.py:246 |  Log Level: INFO
2026-08-08 00:19:31 | INFO     | root | logger.py:247 |  Max Size : 10485760 bytes
2026-08-08 00:19:31 | INFO     | root | logger.py:248 |  Backups  : 5
2026-08-08 00:19:31 | INFO     | root | logger.py:249 | ========================================
2026-08-08 00:19:31 | INFO     | core.pipeline | orchestrator.py:171 | PipelineOrchestrator initialized.
2026-08-08 00:19:31 | INFO     | core.pipeline | pipeline.py:279 | BSMA pipeline completed successfully.
2026-08-08 00:59:10 | INFO     | root | logger.py:243 | ========================================
2026-08-08 00:59:10 | INFO     | root | logger.py:244 |  BSMA Logging Initialized
2026-08-08 00:59:10 | INFO     | root | logger.py:245 |  Log File : logs\bsma.log
2026-08-08 00:59:10 | INFO     | root | logger.py:246 |  Log Level: INFO
2026-08-08 00:59:10 | INFO     | root | logger.py:247 |  Max Size : 10485760 bytes
2026-08-08 00:59:10 | INFO     | root | logger.py:248 |  Backups  : 5
2026-08-08 00:59:10 | INFO     | root | logger.py:249 | ========================================
2026-08-08 00:59:10 | INFO     | core.pipeline | orchestrator.py:171 | PipelineOrchestrator initialized.
2026-08-08 00:59:10 | INFO     | core.pipeline | pipeline.py:279 | BSMA pipeline completed successfully.
2026-08-08 03:42:40 | INFO     | root | logger.py:243 | ========================================
2026-08-08 03:42:40 | INFO     | root | logger.py:244 |  BSMA Logging Initialized
2026-08-08 03:42:40 | INFO     | root | logger.py:245 |  Log File : logs\bsma.log
2026-08-08 03:42:40 | INFO     | root | logger.py:246 |  Log Level: INFO
2026-08-08 03:42:40 | INFO     | root | logger.py:247 |  Max Size : 10485760 bytes
2026-08-08 03:42:40 | INFO     | root | logger.py:248 |  Backups  : 5
2026-08-08 03:42:40 | INFO     | root | logger.py:249 | ========================================
2026-08-08 03:42:40 | INFO     | core.preprocessing.qc | qc.py:362 | QCAnalyzer initialized.
2026-08-08 03:42:40 | INFO     | core.preprocessing.qc | qc.py:431 | Stream QC completed.
2026-08-08 03:42:58 | INFO     | root | logger.py:243 | ========================================
2026-08-08 03:42:58 | INFO     | root | logger.py:244 |  BSMA Logging Initialized
2026-08-08 03:42:58 | INFO     | root | logger.py:245 |  Log File : logs\bsma.log
2026-08-08 03:42:58 | INFO     | root | logger.py:246 |  Log Level: INFO
2026-08-08 03:42:58 | INFO     | root | logger.py:247 |  Max Size : 10485760 bytes
2026-08-08 03:42:58 | INFO     | root | logger.py:248 |  Backups  : 5
2026-08-08 03:42:58 | INFO     | root | logger.py:249 | ========================================
2026-08-08 03:42:58 | INFO     | core.preprocessing.qc | qc.py:362 | QCAnalyzer initialized.
2026-08-08 03:43:25 | INFO     | root | logger.py:243 | ========================================
2026-08-08 03:43:25 | INFO     | root | logger.py:244 |  BSMA Logging Initialized
2026-08-08 03:43:25 | INFO     | root | logger.py:245 |  Log File : logs\bsma.log
2026-08-08 03:43:25 | INFO     | root | logger.py:246 |  Log Level: INFO
2026-08-08 03:43:25 | INFO     | root | logger.py:247 |  Max Size : 10485760 bytes
2026-08-08 03:43:25 | INFO     | root | logger.py:248 |  Backups  : 5
2026-08-08 03:43:25 | INFO     | root | logger.py:249 | ========================================
2026-08-08 03:43:25 | INFO     | core.preprocessing.qc | qc.py:362 | QCAnalyzer initialized.
2026-08-08 03:43:25 | INFO     | core.preprocessing.qc | qc.py:431 | Stream QC completed.
2026-08-08 03:47:53 | INFO     | root | logger.py:243 | ========================================
2026-08-08 03:47:53 | INFO     | root | logger.py:244 |  BSMA Logging Initialized
2026-08-08 03:47:53 | INFO     | root | logger.py:245 |  Log File : logs\bsma.log
2026-08-08 03:47:53 | INFO     | root | logger.py:246 |  Log Level: INFO
2026-08-08 03:47:53 | INFO     | root | logger.py:247 |  Max Size : 10485760 bytes
2026-08-08 03:47:53 | INFO     | root | logger.py:248 |  Backups  : 5
2026-08-08 03:47:53 | INFO     | root | logger.py:249 | ========================================
2026-08-08 03:47:53 | INFO     | core.preprocessing.qc | qc.py:362 | QCAnalyzer initialized.
2026-08-08 03:47:53 | INFO     | core.preprocessing.qc | qc.py:431 | Stream QC completed.
2026-08-08 03:50:13 | INFO     | root | logger.py:243 | ========================================
2026-08-08 03:50:13 | INFO     | root | logger.py:244 |  BSMA Logging Initialized
2026-08-08 03:50:13 | INFO     | root | logger.py:245 |  Log File : logs\bsma.log
2026-08-08 03:50:13 | INFO     | root | logger.py:246 |  Log Level: INFO
2026-08-08 03:50:13 | INFO     | root | logger.py:247 |  Max Size : 10485760 bytes
2026-08-08 03:50:13 | INFO     | root | logger.py:248 |  Backups  : 5
2026-08-08 03:50:13 | INFO     | root | logger.py:249 | ========================================
2026-08-08 03:50:13 | INFO     | core.preprocessing.qc | qc.py:362 | QCAnalyzer initialized.
2026-08-08 03:50:13 | INFO     | core.preprocessing.qc | qc.py:431 | Stream QC completed.
2026-08-08 03:50:13 | INFO     | services.analysis_service | qc.py:362 | QCAnalyzer initialized.
2026-08-08 03:50:13 | INFO     | services.analysis_service | qc.py:431 | Stream QC completed.
2026-08-08 03:50:13 | INFO     | services.analysis_service | orchestrator.py:171 | PipelineOrchestrator initialized.
2026-08-08 03:50:13 | INFO     | services.analysis_service | pipeline.py:279 | BSMA pipeline completed successfully.
2026-08-08 03:50:13 | INFO     | services.analysis_service | qc.py:362 | QCAnalyzer initialized.
2026-08-08 03:50:13 | INFO     | services.analysis_service | qc.py:431 | Stream QC completed.
2026-08-08 03:50:13 | INFO     | services.analysis_service | orchestrator.py:171 | PipelineOrchestrator initialized.
2026-08-08 03:50:13 | ERROR    | services.analysis_service | analysis_service.py:244 | BSMA analysis failed for trace XX.TEST.00.HNE.
Traceback (most recent call last):
  File "C:\Users\USer\Documents\ChatGPT\New project\Project BSMA\services\analysis_service.py", line 233, in process_station_stream
    context = self._create_initial_context(
        trace=trace,
        inventory=inventory,
        qc_metrics=qc_report.trace_metrics[trace.id],
    )
  File "C:\Users\USer\Documents\ChatGPT\New project\Project BSMA\services\analysis_service.py", line 328, in _create_initial_context
    raise AnalysisServiceError(
    ...<2 lines>...
    )
services.analysis_service.AnalysisServiceError: StationXML is absent for XX.TEST.00.HNE. Declare input_unit explicitly to confirm that the samples are acceleration.
2026-08-08 03:50:13 | INFO     | services.analysis_service | qc.py:362 | QCAnalyzer initialized.
2026-08-08 03:50:13 | INFO     | services.analysis_service | qc.py:362 | QCAnalyzer initialized.
2026-08-08 03:50:13 | INFO     | services.analysis_service | qc.py:431 | Stream QC completed.
2026-08-08 03:50:13 | INFO     | services.analysis_service | orchestrator.py:171 | PipelineOrchestrator initialized.
2026-08-08 03:50:13 | INFO     | services.analysis_service | pipeline.py:279 | BSMA pipeline completed successfully.
2026-08-08 04:15:53 | INFO     | root | logger.py:243 | ========================================
2026-08-08 04:15:53 | INFO     | root | logger.py:244 |  BSMA Logging Initialized
2026-08-08 04:15:53 | INFO     | root | logger.py:245 |  Log File : logs\bsma.log
2026-08-08 04:15:53 | INFO     | root | logger.py:246 |  Log Level: INFO
2026-08-08 04:15:53 | INFO     | root | logger.py:247 |  Max Size : 10485760 bytes
2026-08-08 04:15:53 | INFO     | root | logger.py:248 |  Backups  : 5
2026-08-08 04:15:53 | INFO     | root | logger.py:249 | ========================================
2026-08-08 04:15:53 | INFO     | core.preprocessing.qc | qc.py:362 | QCAnalyzer initialized.
2026-08-08 04:15:53 | INFO     | core.preprocessing.qc | qc.py:431 | Stream QC completed.
2026-08-08 05:52:36 | INFO     | root | logger.py:243 | ========================================
2026-08-08 05:52:36 | INFO     | root | logger.py:244 |  BSMA Logging Initialized
2026-08-08 05:52:36 | INFO     | root | logger.py:245 |  Log File : logs\bsma.log
2026-08-08 05:52:36 | INFO     | root | logger.py:246 |  Log Level: INFO
2026-08-08 05:52:36 | INFO     | root | logger.py:247 |  Max Size : 10485760 bytes
2026-08-08 05:52:36 | INFO     | root | logger.py:248 |  Backups  : 5
2026-08-08 05:52:36 | INFO     | root | logger.py:249 | ========================================
2026-08-08 05:52:36 | INFO     | services.analysis_service | qc.py:362 | QCAnalyzer initialized.
2026-08-08 05:52:36 | INFO     | services.analysis_service | qc.py:431 | Stream QC completed.
2026-08-08 05:52:36 | INFO     | services.analysis_service | orchestrator.py:171 | PipelineOrchestrator initialized.
2026-08-08 05:52:38 | INFO     | services.analysis_service | pipeline.py:279 | BSMA pipeline completed successfully.
2026-08-08 05:52:39 | INFO     | services.analysis_service | pipeline.py:279 | BSMA pipeline completed successfully.
2026-08-08 05:52:40 | INFO     | services.analysis_service | pipeline.py:279 | BSMA pipeline completed successfully.
2026-08-08 06:05:07 | INFO     | root | logger.py:243 | ========================================
2026-08-08 06:05:07 | INFO     | root | logger.py:244 |  BSMA Logging Initialized
2026-08-08 06:05:07 | INFO     | root | logger.py:245 |  Log File : logs\bsma.log
2026-08-08 06:05:07 | INFO     | root | logger.py:246 |  Log Level: INFO
2026-08-08 06:05:07 | INFO     | root | logger.py:247 |  Max Size : 10485760 bytes
2026-08-08 06:05:07 | INFO     | root | logger.py:248 |  Backups  : 5
2026-08-08 06:05:07 | INFO     | root | logger.py:249 | ========================================
2026-08-08 06:05:07 | INFO     | services.analysis_service | qc.py:362 | QCAnalyzer initialized.
2026-08-08 06:05:07 | INFO     | services.analysis_service | qc.py:431 | Stream QC completed.
2026-08-08 06:05:07 | INFO     | services.analysis_service | orchestrator.py:171 | PipelineOrchestrator initialized.
2026-08-08 06:05:07 | INFO     | services.analysis_service | pipeline.py:279 | BSMA pipeline completed successfully.
2026-08-08 06:05:07 | INFO     | utils.pdf_exporter | pdf_exporter.py:1360 | Memulai pembuatan PDF stasiun TEST.
2026-08-08 06:05:44 | INFO     | root | logger.py:243 | ========================================
2026-08-08 06:05:44 | INFO     | root | logger.py:244 |  BSMA Logging Initialized
2026-08-08 06:05:44 | INFO     | root | logger.py:245 |  Log File : logs\bsma.log
2026-08-08 06:05:44 | INFO     | root | logger.py:246 |  Log Level: INFO
2026-08-08 06:05:44 | INFO     | root | logger.py:247 |  Max Size : 10485760 bytes
2026-08-08 06:05:44 | INFO     | root | logger.py:248 |  Backups  : 5
2026-08-08 06:05:44 | INFO     | root | logger.py:249 | ========================================
2026-08-08 06:05:44 | INFO     | services.analysis_service | qc.py:362 | QCAnalyzer initialized.
2026-08-08 06:05:44 | INFO     | services.analysis_service | qc.py:431 | Stream QC completed.
2026-08-08 06:05:44 | INFO     | services.analysis_service | orchestrator.py:171 | PipelineOrchestrator initialized.
2026-08-08 06:05:44 | INFO     | services.analysis_service | pipeline.py:279 | BSMA pipeline completed successfully.
2026-08-08 06:05:44 | INFO     | utils.pdf_exporter | pdf_exporter.py:1353 | Memulai pembuatan PDF stasiun TEST.
2026-08-08 06:06:09 | INFO     | utils.pdf_exporter | pdf_exporter.py:1841 | Laporan PDF berhasil dibuat: outputs\reports\BSMA_Report_TEST_20260807_230544.pdf
2026-08-08 06:53:55 | INFO     | root | logger.py:243 | ========================================
2026-08-08 06:53:55 | INFO     | root | logger.py:244 |  BSMA Logging Initialized
2026-08-08 06:53:55 | INFO     | root | logger.py:245 |  Log File : logs\bsma.log
2026-08-08 06:53:55 | INFO     | root | logger.py:246 |  Log Level: INFO
2026-08-08 06:53:55 | INFO     | root | logger.py:247 |  Max Size : 10485760 bytes
2026-08-08 06:53:55 | INFO     | root | logger.py:248 |  Backups  : 5
2026-08-08 06:53:55 | INFO     | root | logger.py:249 | ========================================
2026-08-08 06:53:55 | INFO     | services.analysis_service | qc.py:362 | QCAnalyzer initialized.
2026-08-08 06:53:55 | INFO     | services.analysis_service | qc.py:431 | Stream QC completed.
2026-08-08 06:53:55 | INFO     | services.analysis_service | orchestrator.py:171 | PipelineOrchestrator initialized.
2026-08-08 06:53:55 | INFO     | services.analysis_service | pipeline.py:279 | BSMA pipeline completed successfully.
2026-08-08 06:57:40 | INFO     | root | logger.py:243 | ========================================
2026-08-08 06:57:40 | INFO     | root | logger.py:244 |  BSMA Logging Initialized
2026-08-08 06:57:40 | INFO     | root | logger.py:245 |  Log File : logs\bsma.log
2026-08-08 06:57:40 | INFO     | root | logger.py:246 |  Log Level: INFO
2026-08-08 06:57:40 | INFO     | root | logger.py:247 |  Max Size : 10485760 bytes
2026-08-08 06:57:40 | INFO     | root | logger.py:248 |  Backups  : 5
2026-08-08 06:57:40 | INFO     | root | logger.py:249 | ========================================
2026-08-08 06:57:44 | INFO     | services.analysis_service | qc.py:362 | QCAnalyzer initialized.
2026-08-08 06:57:44 | INFO     | services.analysis_service | qc.py:431 | Stream QC completed.
2026-08-08 06:57:44 | INFO     | services.analysis_service | orchestrator.py:171 | PipelineOrchestrator initialized.
2026-08-08 06:57:44 | INFO     | services.analysis_service | pipeline.py:279 | BSMA pipeline completed successfully.
2026-08-08 06:57:44 | INFO     | utils.pdf_exporter | pdf_exporter.py:1353 | Memulai pembuatan PDF stasiun QA.
2026-08-08 06:58:19 | INFO     | utils.pdf_exporter | pdf_exporter.py:1841 | Laporan PDF berhasil dibuat: outputs\reports\qa\BSMA_Report_QA_20260807_235744.pdf
2026-08-08 06:59:17 | INFO     | root | logger.py:243 | ========================================
2026-08-08 06:59:17 | INFO     | root | logger.py:244 |  BSMA Logging Initialized
2026-08-08 06:59:17 | INFO     | root | logger.py:245 |  Log File : logs\bsma.log
2026-08-08 06:59:17 | INFO     | root | logger.py:246 |  Log Level: INFO
2026-08-08 06:59:17 | INFO     | root | logger.py:247 |  Max Size : 10485760 bytes
2026-08-08 06:59:17 | INFO     | root | logger.py:248 |  Backups  : 5
2026-08-08 06:59:17 | INFO     | root | logger.py:249 | ========================================
2026-08-08 06:59:17 | INFO     | services.analysis_service | qc.py:362 | QCAnalyzer initialized.
2026-08-08 06:59:17 | INFO     | services.analysis_service | qc.py:431 | Stream QC completed.
2026-08-08 06:59:17 | INFO     | services.analysis_service | orchestrator.py:171 | PipelineOrchestrator initialized.
2026-08-08 06:59:17 | INFO     | services.analysis_service | pipeline.py:279 | BSMA pipeline completed successfully.
2026-08-08 06:59:17 | INFO     | services.analysis_service | qc.py:362 | QCAnalyzer initialized.
2026-08-08 06:59:17 | INFO     | services.analysis_service | qc.py:431 | Stream QC completed.
2026-08-08 06:59:17 | INFO     | services.analysis_service | orchestrator.py:171 | PipelineOrchestrator initialized.
2026-08-08 06:59:17 | ERROR    | services.analysis_service | analysis_service.py:244 | BSMA analysis failed for trace XX.TEST.00.HNE.
Traceback (most recent call last):
  File "C:\Users\USer\Documents\ChatGPT\New project\Project BSMA\services\analysis_service.py", line 233, in process_station_stream
    context = self._create_initial_context(
        trace=trace,
        inventory=inventory,
        qc_metrics=qc_report.trace_metrics[trace.id],
    )
  File "C:\Users\USer\Documents\ChatGPT\New project\Project BSMA\services\analysis_service.py", line 328, in _create_initial_context
    raise AnalysisServiceError(
    ...<2 lines>...
    )
services.analysis_service.AnalysisServiceError: StationXML is absent for XX.TEST.00.HNE. Declare input_unit explicitly to confirm that the samples are acceleration.
2026-08-08 06:59:17 | INFO     | services.analysis_service | qc.py:362 | QCAnalyzer initialized.
2026-08-08 06:59:17 | INFO     | services.analysis_service | qc.py:362 | QCAnalyzer initialized.
2026-08-08 06:59:17 | INFO     | services.analysis_service | qc.py:431 | Stream QC completed.
2026-08-08 06:59:17 | INFO     | services.analysis_service | orchestrator.py:171 | PipelineOrchestrator initialized.
2026-08-08 06:59:17 | INFO     | services.analysis_service | pipeline.py:279 | BSMA pipeline completed successfully.
2026-08-08 06:59:17 | INFO     | services.analysis_service | qc.py:362 | QCAnalyzer initialized.
2026-08-08 06:59:17 | INFO     | services.analysis_service | qc.py:431 | Stream QC completed.
2026-08-08 06:59:17 | INFO     | services.analysis_service | orchestrator.py:171 | PipelineOrchestrator initialized.
2026-08-08 06:59:17 | INFO     | services.analysis_service | pipeline.py:279 | BSMA pipeline completed successfully.
2026-08-08 06:59:17 | INFO     | services.analysis_service | qc.py:362 | QCAnalyzer initialized.
2026-08-08 06:59:17 | INFO     | services.analysis_service | qc.py:431 | Stream QC completed.
2026-08-08 06:59:17 | INFO     | services.analysis_service | orchestrator.py:171 | PipelineOrchestrator initialized.
2026-08-08 06:59:18 | INFO     | services.analysis_service | pipeline.py:279 | BSMA pipeline completed successfully.
2026-08-08 06:59:26 | INFO     | core.preprocessing.qc | qc.py:362 | QCAnalyzer initialized.
2026-08-08 06:59:26 | INFO     | core.preprocessing.qc | qc.py:431 | Stream QC completed.
2026-08-08 06:59:40 | INFO     | root | logger.py:243 | ========================================
2026-08-08 06:59:40 | INFO     | root | logger.py:244 |  BSMA Logging Initialized
2026-08-08 06:59:40 | INFO     | root | logger.py:245 |  Log File : logs\bsma.log
2026-08-08 06:59:40 | INFO     | root | logger.py:246 |  Log Level: INFO
2026-08-08 06:59:40 | INFO     | root | logger.py:247 |  Max Size : 10485760 bytes
2026-08-08 06:59:40 | INFO     | root | logger.py:248 |  Backups  : 5
2026-08-08 06:59:40 | INFO     | root | logger.py:249 | ========================================
2026-08-08 06:59:42 | INFO     | services.analysis_service | qc.py:362 | QCAnalyzer initialized.
2026-08-08 06:59:42 | INFO     | services.analysis_service | qc.py:431 | Stream QC completed.
2026-08-08 06:59:42 | INFO     | services.analysis_service | orchestrator.py:171 | PipelineOrchestrator initialized.
2026-08-08 06:59:42 | INFO     | services.analysis_service | pipeline.py:279 | BSMA pipeline completed successfully.
2026-08-08 07:02:28 | INFO     | root | logger.py:243 | ========================================
2026-08-08 07:02:28 | INFO     | root | logger.py:244 |  BSMA Logging Initialized
2026-08-08 07:02:28 | INFO     | root | logger.py:245 |  Log File : logs\bsma.log
2026-08-08 07:02:28 | INFO     | root | logger.py:246 |  Log Level: INFO
2026-08-08 07:02:28 | INFO     | root | logger.py:247 |  Max Size : 10485760 bytes
2026-08-08 07:02:28 | INFO     | root | logger.py:248 |  Backups  : 5
2026-08-08 07:02:28 | INFO     | root | logger.py:249 | ========================================
2026-08-08 07:02:28 | INFO     | services.analysis_service | qc.py:362 | QCAnalyzer initialized.
2026-08-08 07:02:28 | INFO     | services.analysis_service | qc.py:431 | Stream QC completed.
2026-08-08 07:02:28 | INFO     | services.analysis_service | orchestrator.py:171 | PipelineOrchestrator initialized.
2026-08-08 07:02:28 | INFO     | services.analysis_service | pipeline.py:279 | BSMA pipeline completed successfully.
2026-08-08 07:02:28 | INFO     | services.analysis_service | qc.py:362 | QCAnalyzer initialized.
2026-08-08 07:02:28 | INFO     | services.analysis_service | qc.py:431 | Stream QC completed.
2026-08-08 07:02:28 | INFO     | services.analysis_service | orchestrator.py:171 | PipelineOrchestrator initialized.
2026-08-08 07:02:28 | ERROR    | services.analysis_service | analysis_service.py:244 | BSMA analysis failed for trace XX.TEST.00.HNE.
Traceback (most recent call last):
  File "C:\Users\USer\Documents\ChatGPT\New project\Project BSMA\services\analysis_service.py", line 233, in process_station_stream
    context = self._create_initial_context(
        trace=trace,
        inventory=inventory,
        qc_metrics=qc_report.trace_metrics[trace.id],
    )
  File "C:\Users\USer\Documents\ChatGPT\New project\Project BSMA\services\analysis_service.py", line 328, in _create_initial_context
    raise AnalysisServiceError(
    ...<2 lines>...
    )
services.analysis_service.AnalysisServiceError: StationXML is absent for XX.TEST.00.HNE. Declare input_unit explicitly to confirm that the samples are acceleration.
2026-08-08 07:02:28 | INFO     | services.analysis_service | qc.py:362 | QCAnalyzer initialized.
2026-08-08 07:02:28 | INFO     | services.analysis_service | qc.py:362 | QCAnalyzer initialized.
2026-08-08 07:02:28 | INFO     | services.analysis_service | qc.py:431 | Stream QC completed.
2026-08-08 07:02:28 | INFO     | services.analysis_service | orchestrator.py:171 | PipelineOrchestrator initialized.
2026-08-08 07:02:28 | INFO     | services.analysis_service | pipeline.py:279 | BSMA pipeline completed successfully.
2026-08-08 07:02:28 | INFO     | services.analysis_service | qc.py:362 | QCAnalyzer initialized.
2026-08-08 07:02:28 | INFO     | services.analysis_service | qc.py:431 | Stream QC completed.
2026-08-08 07:02:28 | INFO     | services.analysis_service | orchestrator.py:171 | PipelineOrchestrator initialized.
2026-08-08 07:02:28 | INFO     | services.analysis_service | pipeline.py:279 | BSMA pipeline completed successfully.
2026-08-08 07:02:28 | INFO     | services.analysis_service | qc.py:362 | QCAnalyzer initialized.
2026-08-08 07:02:28 | INFO     | services.analysis_service | qc.py:431 | Stream QC completed.
2026-08-08 07:02:28 | INFO     | services.analysis_service | orchestrator.py:171 | PipelineOrchestrator initialized.
2026-08-08 07:02:28 | INFO     | services.analysis_service | pipeline.py:279 | BSMA pipeline completed successfully.
2026-08-08 07:02:29 | INFO     | root | logger.py:243 | ========================================
2026-08-08 07:02:29 | INFO     | root | logger.py:244 |  BSMA Logging Initialized
2026-08-08 07:02:29 | INFO     | root | logger.py:245 |  Log File : logs\bsma.log
2026-08-08 07:02:29 | INFO     | root | logger.py:246 |  Log Level: INFO
2026-08-08 07:02:29 | INFO     | root | logger.py:247 |  Max Size : 10485760 bytes
2026-08-08 07:02:29 | INFO     | root | logger.py:248 |  Backups  : 5
2026-08-08 07:02:29 | INFO     | root | logger.py:249 | ========================================
2026-08-08 07:02:38 | INFO     | core.preprocessing.qc | qc.py:362 | QCAnalyzer initialized.
2026-08-08 07:02:38 | INFO     | core.preprocessing.qc | qc.py:431 | Stream QC completed.
2026-08-08 07:04:07 | INFO     | root | logger.py:243 | ========================================
2026-08-08 07:04:07 | INFO     | root | logger.py:244 |  BSMA Logging Initialized
2026-08-08 07:04:07 | INFO     | root | logger.py:245 |  Log File : logs\bsma.log
2026-08-08 07:04:07 | INFO     | root | logger.py:246 |  Log Level: INFO
2026-08-08 07:04:07 | INFO     | root | logger.py:247 |  Max Size : 10485760 bytes
2026-08-08 07:04:07 | INFO     | root | logger.py:248 |  Backups  : 5
2026-08-08 07:04:07 | INFO     | root | logger.py:249 | ========================================
2026-08-08 07:05:20 | INFO     | bsma.dashboard | qc.py:362 | QCAnalyzer initialized.
2026-08-08 07:05:20 | INFO     | bsma.dashboard | qc.py:431 | Stream QC completed.
2026-08-08 07:05:20 | INFO     | bsma.dashboard | orchestrator.py:171 | PipelineOrchestrator initialized.
2026-08-08 07:05:21 | INFO     | bsma.dashboard | pipeline.py:279 | BSMA pipeline completed successfully.
2026-08-08 07:05:22 | INFO     | bsma.dashboard | pipeline.py:279 | BSMA pipeline completed successfully.
2026-08-08 07:05:23 | INFO     | bsma.dashboard | pipeline.py:279 | BSMA pipeline completed successfully.
2026-08-08 07:05:50 | INFO     | bsma.dashboard | qc.py:362 | QCAnalyzer initialized.
2026-08-08 07:05:50 | INFO     | bsma.dashboard | qc.py:431 | Stream QC completed.
2026-08-08 07:05:50 | INFO     | bsma.dashboard | orchestrator.py:171 | PipelineOrchestrator initialized.
2026-08-08 07:05:51 | INFO     | bsma.dashboard | pipeline.py:279 | BSMA pipeline completed successfully.
2026-08-08 07:05:52 | INFO     | bsma.dashboard | pipeline.py:279 | BSMA pipeline completed successfully.
2026-08-08 07:05:54 | INFO     | bsma.dashboard | pipeline.py:279 | BSMA pipeline completed successfully.
2026-08-08 07:06:37 | INFO     | bsma.dashboard | qc.py:362 | QCAnalyzer initialized.
2026-08-08 07:06:37 | INFO     | bsma.dashboard | qc.py:431 | Stream QC completed.
2026-08-08 07:06:37 | INFO     | bsma.dashboard | orchestrator.py:171 | PipelineOrchestrator initialized.
2026-08-08 07:06:38 | INFO     | bsma.dashboard | pipeline.py:279 | BSMA pipeline completed successfully.
2026-08-08 07:06:39 | INFO     | bsma.dashboard | pipeline.py:279 | BSMA pipeline completed successfully.
2026-08-08 07:06:40 | INFO     | bsma.dashboard | pipeline.py:279 | BSMA pipeline completed successfully.
2026-08-08 07:08:10 | INFO     | root | logger.py:243 | ========================================
2026-08-08 07:08:10 | INFO     | root | logger.py:244 |  BSMA Logging Initialized
2026-08-08 07:08:10 | INFO     | root | logger.py:245 |  Log File : logs\bsma.log
2026-08-08 07:08:10 | INFO     | root | logger.py:246 |  Log Level: INFO
2026-08-08 07:08:10 | INFO     | root | logger.py:247 |  Max Size : 10485760 bytes
2026-08-08 07:08:10 | INFO     | root | logger.py:248 |  Backups  : 5
2026-08-08 07:08:10 | INFO     | root | logger.py:249 | ========================================
2026-08-08 07:08:10 | INFO     | services.analysis_service | qc.py:362 | QCAnalyzer initialized.
2026-08-08 07:08:10 | INFO     | services.analysis_service | qc.py:431 | Stream QC completed.
2026-08-08 07:08:10 | INFO     | services.analysis_service | orchestrator.py:171 | PipelineOrchestrator initialized.
2026-08-08 07:08:10 | INFO     | services.analysis_service | pipeline.py:279 | BSMA pipeline completed successfully.
2026-08-08 07:09:13 | INFO     | root | logger.py:243 | ========================================
2026-08-08 07:09:13 | INFO     | root | logger.py:244 |  BSMA Logging Initialized
2026-08-08 07:09:13 | INFO     | root | logger.py:245 |  Log File : logs\bsma.log
2026-08-08 07:09:13 | INFO     | root | logger.py:246 |  Log Level: INFO
2026-08-08 07:09:13 | INFO     | root | logger.py:247 |  Max Size : 10485760 bytes
2026-08-08 07:09:13 | INFO     | root | logger.py:248 |  Backups  : 5
2026-08-08 07:09:13 | INFO     | root | logger.py:249 | ========================================
2026-08-08 07:09:24 | INFO     | bsma.dashboard | qc.py:362 | QCAnalyzer initialized.
2026-08-08 07:09:24 | INFO     | bsma.dashboard | qc.py:431 | Stream QC completed.
2026-08-08 07:09:24 | INFO     | bsma.dashboard | orchestrator.py:171 | PipelineOrchestrator initialized.
2026-08-08 07:09:25 | INFO     | bsma.dashboard | pipeline.py:279 | BSMA pipeline completed successfully.
2026-08-08 07:09:25 | INFO     | bsma.dashboard | orchestrator.py:171 | PipelineOrchestrator initialized.
2026-08-08 07:09:26 | INFO     | bsma.dashboard | pipeline.py:279 | BSMA pipeline completed successfully.
2026-08-08 07:09:26 | INFO     | bsma.dashboard | orchestrator.py:171 | PipelineOrchestrator initialized.
2026-08-08 07:09:27 | INFO     | bsma.dashboard | pipeline.py:279 | BSMA pipeline completed successfully.
2026-08-08 07:09:59 | INFO     | bsma.dashboard | qc.py:362 | QCAnalyzer initialized.
2026-08-08 07:09:59 | INFO     | bsma.dashboard | qc.py:431 | Stream QC completed.
2026-08-08 07:09:59 | INFO     | bsma.dashboard | orchestrator.py:171 | PipelineOrchestrator initialized.
2026-08-08 07:10:00 | INFO     | bsma.dashboard | pipeline.py:279 | BSMA pipeline completed successfully.
2026-08-08 07:10:00 | INFO     | bsma.dashboard | orchestrator.py:171 | PipelineOrchestrator initialized.
2026-08-08 07:10:01 | INFO     | bsma.dashboard | pipeline.py:279 | BSMA pipeline completed successfully.
2026-08-08 07:10:01 | INFO     | bsma.dashboard | orchestrator.py:171 | PipelineOrchestrator initialized.
2026-08-08 07:10:01 | INFO     | bsma.dashboard | pipeline.py:279 | BSMA pipeline completed successfully.
2026-08-08 07:11:01 | INFO     | bsma.dashboard | qc.py:362 | QCAnalyzer initialized.
2026-08-08 07:11:01 | INFO     | bsma.dashboard | qc.py:431 | Stream QC completed.
2026-08-08 07:11:01 | INFO     | bsma.dashboard | orchestrator.py:171 | PipelineOrchestrator initialized.
2026-08-08 07:11:02 | INFO     | bsma.dashboard | pipeline.py:279 | BSMA pipeline completed successfully.
2026-08-08 07:11:02 | INFO     | bsma.dashboard | orchestrator.py:171 | PipelineOrchestrator initialized.
2026-08-08 07:11:02 | INFO     | bsma.dashboard | pipeline.py:279 | BSMA pipeline completed successfully.
2026-08-08 07:11:02 | INFO     | bsma.dashboard | orchestrator.py:171 | PipelineOrchestrator initialized.
2026-08-08 07:11:03 | INFO     | bsma.dashboard | pipeline.py:279 | BSMA pipeline completed successfully.
2026-08-08 07:12:38 | INFO     | bsma.dashboard | qc.py:362 | QCAnalyzer initialized.
2026-08-08 07:12:38 | INFO     | bsma.dashboard | qc.py:431 | Stream QC completed.
2026-08-08 07:12:38 | INFO     | bsma.dashboard | orchestrator.py:171 | PipelineOrchestrator initialized.
2026-08-08 07:12:38 | INFO     | bsma.dashboard | pipeline.py:279 | BSMA pipeline completed successfully.
2026-08-08 07:12:38 | INFO     | bsma.dashboard | orchestrator.py:171 | PipelineOrchestrator initialized.
2026-08-08 07:12:39 | INFO     | bsma.dashboard | pipeline.py:279 | BSMA pipeline completed successfully.
2026-08-08 07:12:39 | INFO     | bsma.dashboard | orchestrator.py:171 | PipelineOrchestrator initialized.
2026-08-08 07:12:40 | INFO     | bsma.dashboard | pipeline.py:279 | BSMA pipeline completed successfully.
2026-08-08 07:13:15 | INFO     | bsma.dashboard | qc.py:362 | QCAnalyzer initialized.
2026-08-08 07:13:15 | INFO     | bsma.dashboard | qc.py:431 | Stream QC completed.
2026-08-08 07:13:15 | INFO     | bsma.dashboard | orchestrator.py:171 | PipelineOrchestrator initialized.
2026-08-08 07:13:16 | INFO     | bsma.dashboard | pipeline.py:279 | BSMA pipeline completed successfully.
2026-08-08 07:13:16 | INFO     | bsma.dashboard | orchestrator.py:171 | PipelineOrchestrator initialized.
2026-08-08 07:13:17 | INFO     | bsma.dashboard | pipeline.py:279 | BSMA pipeline completed successfully.
2026-08-08 07:13:17 | INFO     | bsma.dashboard | orchestrator.py:171 | PipelineOrchestrator initialized.
2026-08-08 07:13:18 | INFO     | bsma.dashboard | pipeline.py:279 | BSMA pipeline completed successfully.
2026-08-08 07:14:30 | INFO     | bsma.dashboard | qc.py:362 | QCAnalyzer initialized.
2026-08-08 07:14:30 | INFO     | bsma.dashboard | qc.py:431 | Stream QC completed.
2026-08-08 07:14:30 | INFO     | bsma.dashboard | orchestrator.py:171 | PipelineOrchestrator initialized.
2026-08-08 07:14:30 | INFO     | bsma.dashboard | pipeline.py:279 | BSMA pipeline completed successfully.
2026-08-08 07:14:30 | INFO     | bsma.dashboard | orchestrator.py:171 | PipelineOrchestrator initialized.
2026-08-08 07:14:31 | INFO     | bsma.dashboard | pipeline.py:279 | BSMA pipeline completed successfully.
2026-08-08 07:14:31 | INFO     | bsma.dashboard | orchestrator.py:171 | PipelineOrchestrator initialized.
2026-08-08 07:14:32 | INFO     | bsma.dashboard | pipeline.py:279 | BSMA pipeline completed successfully.
2026-08-11 00:04:33 | INFO     | root | logger.py:243 | ========================================
2026-08-11 00:04:33 | INFO     | root | logger.py:244 |  BSMA Logging Initialized
2026-08-11 00:04:33 | INFO     | root | logger.py:245 |  Log File : logs\bsma.log
2026-08-11 00:04:33 | INFO     | root | logger.py:246 |  Log Level: INFO
2026-08-11 00:04:33 | INFO     | root | logger.py:247 |  Max Size : 10485760 bytes
2026-08-11 00:04:33 | INFO     | root | logger.py:248 |  Backups  : 5
2026-08-11 00:04:33 | INFO     | root | logger.py:249 | ========================================
2026-08-11 00:05:10 | INFO     | bsma.dashboard | qc.py:362 | QCAnalyzer initialized.
2026-08-11 00:05:10 | INFO     | bsma.dashboard | qc.py:431 | Stream QC completed.
2026-08-11 00:05:10 | INFO     | bsma.dashboard | orchestrator.py:171 | PipelineOrchestrator initialized.
2026-08-11 00:05:13 | INFO     | bsma.dashboard | pipeline.py:279 | BSMA pipeline completed successfully.
2026-08-11 00:05:13 | INFO     | bsma.dashboard | orchestrator.py:171 | PipelineOrchestrator initialized.
2026-08-11 00:05:15 | INFO     | bsma.dashboard | pipeline.py:279 | BSMA pipeline completed successfully.
2026-08-11 00:05:15 | INFO     | bsma.dashboard | orchestrator.py:171 | PipelineOrchestrator initialized.
2026-08-11 00:05:18 | INFO     | bsma.dashboard | pipeline.py:279 | BSMA pipeline completed successfully.
2026-08-11 00:10:08 | INFO     | root | logger.py:243 | ========================================
2026-08-11 00:10:08 | INFO     | root | logger.py:244 |  BSMA Logging Initialized
2026-08-11 00:10:08 | INFO     | root | logger.py:245 |  Log File : logs\bsma.log
2026-08-11 00:10:08 | INFO     | root | logger.py:246 |  Log Level: INFO
2026-08-11 00:10:08 | INFO     | root | logger.py:247 |  Max Size : 10485760 bytes
2026-08-11 00:10:08 | INFO     | root | logger.py:248 |  Backups  : 5
2026-08-11 00:10:08 | INFO     | root | logger.py:249 | ========================================
2026-08-11 00:10:59 | INFO     | utils.pdf_exporter | pdf_exporter.py:1380 | Memulai pembuatan PDF stasiun WGJR _ 2025-01-11 07_23_58 UTC.
2026-08-11 00:13:54 | INFO     | utils.pdf_exporter | pdf_exporter.py:1868 | Laporan PDF berhasil dibuat: D:\Perkuliahan\Cadangan project\Project BSMA\outputs\reports\BSMA_Report_WGJR _ 2025-01-11 07_23_58 UTC_20260810_171059.pdf
2026-08-11 00:14:09 | INFO     | bsma.dashboard | qc.py:362 | QCAnalyzer initialized.
2026-08-11 00:14:09 | INFO     | bsma.dashboard | qc.py:431 | Stream QC completed.
2026-08-11 00:14:09 | INFO     | bsma.dashboard | orchestrator.py:171 | PipelineOrchestrator initialized.
2026-08-11 00:14:12 | INFO     | bsma.dashboard | pipeline.py:279 | BSMA pipeline completed successfully.
2026-08-11 00:14:12 | INFO     | bsma.dashboard | orchestrator.py:171 | PipelineOrchestrator initialized.
2026-08-11 00:14:15 | INFO     | bsma.dashboard | pipeline.py:279 | BSMA pipeline completed successfully.
2026-08-11 00:14:15 | INFO     | bsma.dashboard | orchestrator.py:171 | PipelineOrchestrator initialized.
2026-08-11 00:14:17 | INFO     | bsma.dashboard | pipeline.py:279 | BSMA pipeline completed successfully.
2026-08-11 00:15:00 | INFO     | bsma.dashboard | qc.py:362 | QCAnalyzer initialized.
2026-08-11 00:15:01 | INFO     | bsma.dashboard | qc.py:431 | Stream QC completed.
2026-08-11 00:15:01 | INFO     | bsma.dashboard | orchestrator.py:171 | PipelineOrchestrator initialized.
2026-08-11 00:15:03 | INFO     | bsma.dashboard | pipeline.py:279 | BSMA pipeline completed successfully.
2026-08-11 00:15:03 | INFO     | bsma.dashboard | orchestrator.py:171 | PipelineOrchestrator initialized.
2026-08-11 00:15:05 | INFO     | bsma.dashboard | pipeline.py:279 | BSMA pipeline completed successfully.
2026-08-11 00:15:05 | INFO     | bsma.dashboard | orchestrator.py:171 | PipelineOrchestrator initialized.
2026-08-11 00:15:07 | INFO     | bsma.dashboard | pipeline.py:279 | BSMA pipeline completed successfully.
2026-08-11 00:15:49 | INFO     | bsma.dashboard | qc.py:362 | QCAnalyzer initialized.
2026-08-11 00:15:49 | INFO     | bsma.dashboard | qc.py:431 | Stream QC completed.
2026-08-11 00:15:49 | INFO     | bsma.dashboard | orchestrator.py:171 | PipelineOrchestrator initialized.
2026-08-11 00:15:51 | INFO     | bsma.dashboard | pipeline.py:279 | BSMA pipeline completed successfully.
2026-08-11 00:15:51 | INFO     | bsma.dashboard | orchestrator.py:171 | PipelineOrchestrator initialized.
2026-08-11 00:15:53 | INFO     | bsma.dashboard | pipeline.py:279 | BSMA pipeline completed successfully.
2026-08-11 00:15:53 | INFO     | bsma.dashboard | orchestrator.py:171 | PipelineOrchestrator initialized.
2026-08-11 00:15:54 | INFO     | bsma.dashboard | pipeline.py:279 | BSMA pipeline completed successfully.
2026-08-11 00:17:23 | INFO     | utils.pdf_exporter | pdf_exporter.py:1380 | Memulai pembuatan PDF stasiun GKJM _ 2026-01-27 06_14_05 UTC.
2026-08-11 00:20:08 | INFO     | utils.pdf_exporter | pdf_exporter.py:1868 | Laporan PDF berhasil dibuat: D:\Perkuliahan\Cadangan project\Project BSMA\outputs\reports\BSMA_Report_GKJM _ 2026-01-27 06_14_05 UTC_20260810_171723.pdf
2026-08-11 00:20:40 | INFO     | bsma.dashboard | qc.py:362 | QCAnalyzer initialized.
2026-08-11 00:20:40 | INFO     | bsma.dashboard | qc.py:431 | Stream QC completed.
2026-08-11 00:20:40 | INFO     | bsma.dashboard | orchestrator.py:171 | PipelineOrchestrator initialized.
2026-08-11 00:20:43 | INFO     | bsma.dashboard | pipeline.py:279 | BSMA pipeline completed successfully.
2026-08-11 00:20:43 | INFO     | bsma.dashboard | orchestrator.py:171 | PipelineOrchestrator initialized.
2026-08-11 00:20:46 | INFO     | bsma.dashboard | pipeline.py:279 | BSMA pipeline completed successfully.
2026-08-11 00:20:46 | INFO     | bsma.dashboard | orchestrator.py:171 | PipelineOrchestrator initialized.
2026-08-11 00:20:50 | INFO     | bsma.dashboard | pipeline.py:279 | BSMA pipeline completed successfully.
2026-08-11 00:22:48 | INFO     | utils.pdf_exporter | pdf_exporter.py:1380 | Memulai pembuatan PDF stasiun MKJM _ 2025-01-11 07_24_04 UTC.
2026-08-11 00:24:07 | INFO     | utils.pdf_exporter | pdf_exporter.py:1380 | Memulai pembuatan PDF stasiun MKJM _ 2025-01-11 07_24_04 UTC.
2026-08-11 00:25:46 | INFO     | utils.pdf_exporter | pdf_exporter.py:1868 | Laporan PDF berhasil dibuat: D:\Perkuliahan\Cadangan project\Project BSMA\outputs\reports\BSMA_Report_MKJM _ 2025-01-11 07_24_04 UTC_20260810_172248.pdf
2026-08-11 00:28:03 | INFO     | utils.pdf_exporter | pdf_exporter.py:1868 | Laporan PDF berhasil dibuat: D:\Perkuliahan\Cadangan project\Project BSMA\outputs\reports\BSMA_Report_MKJM _ 2025-01-11 07_24_04 UTC_20260810_172407.pdf
2026-08-11 00:28:06 | INFO     | utils.pdf_exporter | pdf_exporter.py:1380 | Memulai pembuatan PDF stasiun MKJM _ 2025-01-11 07_24_04 UTC.
2026-08-11 00:31:20 | INFO     | utils.pdf_exporter | pdf_exporter.py:1868 | Laporan PDF berhasil dibuat: D:\Perkuliahan\Cadangan project\Project BSMA\outputs\reports\BSMA_Report_MKJM _ 2025-01-11 07_24_04 UTC_20260810_172806.pdf
2026-08-11 00:33:35 | INFO     | root | logger.py:243 | ========================================
2026-08-11 00:33:35 | INFO     | root | logger.py:244 |  BSMA Logging Initialized
2026-08-11 00:33:35 | INFO     | root | logger.py:245 |  Log File : logs\bsma.log
2026-08-11 00:33:35 | INFO     | root | logger.py:246 |  Log Level: INFO
2026-08-11 00:33:35 | INFO     | root | logger.py:247 |  Max Size : 10485760 bytes
2026-08-11 00:33:35 | INFO     | root | logger.py:248 |  Backups  : 5
2026-08-11 00:33:35 | INFO     | root | logger.py:249 | ========================================
2026-08-11 00:33:35 | INFO     | services.analysis_service | qc.py:362 | QCAnalyzer initialized.
2026-08-11 00:33:35 | INFO     | services.analysis_service | qc.py:431 | Stream QC completed.
2026-08-11 00:33:35 | INFO     | services.analysis_service | orchestrator.py:171 | PipelineOrchestrator initialized.
2026-08-11 00:33:35 | INFO     | services.analysis_service | pipeline.py:279 | BSMA pipeline completed successfully.
2026-08-11 00:35:14 | INFO     | root | logger.py:243 | ========================================
2026-08-11 00:35:14 | INFO     | root | logger.py:244 |  BSMA Logging Initialized
2026-08-11 00:35:14 | INFO     | root | logger.py:245 |  Log File : logs\bsma.log
2026-08-11 00:35:14 | INFO     | root | logger.py:246 |  Log Level: INFO
2026-08-11 00:35:14 | INFO     | root | logger.py:247 |  Max Size : 10485760 bytes
2026-08-11 00:35:14 | INFO     | root | logger.py:248 |  Backups  : 5
2026-08-11 00:35:14 | INFO     | root | logger.py:249 | ========================================
2026-08-11 00:35:36 | INFO     | bsma.dashboard | qc.py:362 | QCAnalyzer initialized.
2026-08-11 00:35:36 | INFO     | bsma.dashboard | qc.py:431 | Stream QC completed.
2026-08-11 00:35:36 | INFO     | bsma.dashboard | orchestrator.py:171 | PipelineOrchestrator initialized.
2026-08-11 00:35:40 | INFO     | bsma.dashboard | pipeline.py:279 | BSMA pipeline completed successfully.
2026-08-11 00:35:40 | INFO     | bsma.dashboard | orchestrator.py:171 | PipelineOrchestrator initialized.
2026-08-11 00:35:43 | INFO     | bsma.dashboard | pipeline.py:279 | BSMA pipeline completed successfully.
2026-08-11 00:35:43 | INFO     | bsma.dashboard | orchestrator.py:171 | PipelineOrchestrator initialized.
2026-08-11 00:35:46 | INFO     | bsma.dashboard | pipeline.py:279 | BSMA pipeline completed successfully.
2026-08-11 00:42:14 | INFO     | root | logger.py:243 | ========================================
2026-08-11 00:42:14 | INFO     | root | logger.py:244 |  BSMA Logging Initialized
2026-08-11 00:42:14 | INFO     | root | logger.py:245 |  Log File : logs\bsma.log
2026-08-11 00:42:14 | INFO     | root | logger.py:246 |  Log Level: INFO
2026-08-11 00:42:14 | INFO     | root | logger.py:247 |  Max Size : 10485760 bytes
2026-08-11 00:42:14 | INFO     | root | logger.py:248 |  Backups  : 5
2026-08-11 00:42:14 | INFO     | root | logger.py:249 | ========================================
2026-08-11 00:43:34 | INFO     | root | logger.py:243 | ========================================
2026-08-11 00:43:34 | INFO     | root | logger.py:244 |  BSMA Logging Initialized
2026-08-11 00:43:34 | INFO     | root | logger.py:245 |  Log File : logs\bsma.log
2026-08-11 00:43:34 | INFO     | root | logger.py:246 |  Log Level: INFO
2026-08-11 00:43:34 | INFO     | root | logger.py:247 |  Max Size : 10485760 bytes
2026-08-11 00:43:34 | INFO     | root | logger.py:248 |  Backups  : 5
2026-08-11 00:43:34 | INFO     | root | logger.py:249 | ========================================
2026-08-11 00:44:03 | INFO     | bsma.dashboard | qc.py:362 | QCAnalyzer initialized.
2026-08-11 00:44:04 | INFO     | bsma.dashboard | qc.py:431 | Stream QC completed.
2026-08-11 00:44:04 | INFO     | bsma.dashboard | orchestrator.py:171 | PipelineOrchestrator initialized.
2026-08-11 00:44:05 | INFO     | bsma.dashboard | pipeline.py:279 | BSMA pipeline completed successfully.
2026-08-11 00:44:05 | INFO     | bsma.dashboard | orchestrator.py:171 | PipelineOrchestrator initialized.
2026-08-11 00:44:08 | INFO     | bsma.dashboard | pipeline.py:279 | BSMA pipeline completed successfully.
2026-08-11 00:44:08 | INFO     | bsma.dashboard | orchestrator.py:171 | PipelineOrchestrator initialized.
2026-08-11 00:44:10 | INFO     | bsma.dashboard | pipeline.py:279 | BSMA pipeline completed successfully.
2026-08-11 00:44:13 | INFO     | bsma.dashboard | qc.py:362 | QCAnalyzer initialized.
2026-08-11 00:44:13 | INFO     | bsma.dashboard | qc.py:431 | Stream QC completed.
2026-08-11 00:44:13 | INFO     | bsma.dashboard | orchestrator.py:171 | PipelineOrchestrator initialized.
2026-08-11 00:44:15 | INFO     | bsma.dashboard | pipeline.py:279 | BSMA pipeline completed successfully.
2026-08-11 00:44:15 | INFO     | bsma.dashboard | orchestrator.py:171 | PipelineOrchestrator initialized.
2026-08-11 00:44:18 | INFO     | bsma.dashboard | pipeline.py:279 | BSMA pipeline completed successfully.
2026-08-11 00:44:18 | INFO     | bsma.dashboard | orchestrator.py:171 | PipelineOrchestrator initialized.
2026-08-11 00:44:20 | INFO     | bsma.dashboard | pipeline.py:279 | BSMA pipeline completed successfully.
2026-08-11 00:52:18 | INFO     | root | logger.py:243 | ========================================
2026-08-11 00:52:18 | INFO     | root | logger.py:244 |  BSMA Logging Initialized
2026-08-11 00:52:18 | INFO     | root | logger.py:245 |  Log File : logs\bsma.log
2026-08-11 00:52:18 | INFO     | root | logger.py:246 |  Log Level: INFO
2026-08-11 00:52:18 | INFO     | root | logger.py:247 |  Max Size : 10485760 bytes
2026-08-11 00:52:18 | INFO     | root | logger.py:248 |  Backups  : 5
2026-08-11 00:52:18 | INFO     | root | logger.py:249 | ========================================
2026-08-11 00:53:42 | INFO     | root | logger.py:243 | ========================================
2026-08-11 00:53:42 | INFO     | root | logger.py:244 |  BSMA Logging Initialized
2026-08-11 00:53:42 | INFO     | root | logger.py:245 |  Log File : logs\bsma.log
2026-08-11 00:53:42 | INFO     | root | logger.py:246 |  Log Level: INFO
2026-08-11 00:53:42 | INFO     | root | logger.py:247 |  Max Size : 10485760 bytes
2026-08-11 00:53:42 | INFO     | root | logger.py:248 |  Backups  : 5
2026-08-11 00:53:42 | INFO     | root | logger.py:249 | ========================================
2026-08-11 00:53:57 | INFO     | bsma.dashboard | qc.py:362 | QCAnalyzer initialized.
2026-08-11 00:53:57 | INFO     | bsma.dashboard | qc.py:431 | Stream QC completed.
2026-08-11 00:53:57 | INFO     | bsma.dashboard | orchestrator.py:171 | PipelineOrchestrator initialized.
2026-08-11 00:53:58 | INFO     | bsma.dashboard | pipeline.py:279 | BSMA pipeline completed successfully.
2026-08-11 00:53:58 | INFO     | bsma.dashboard | orchestrator.py:171 | PipelineOrchestrator initialized.
2026-08-11 00:54:01 | INFO     | bsma.dashboard | pipeline.py:279 | BSMA pipeline completed successfully.
2026-08-11 00:54:01 | INFO     | bsma.dashboard | orchestrator.py:171 | PipelineOrchestrator initialized.
2026-08-11 00:54:03 | INFO     | bsma.dashboard | pipeline.py:279 | BSMA pipeline completed successfully.
2026-08-11 00:58:20 | INFO     | root | logger.py:243 | ========================================
2026-08-11 00:58:20 | INFO     | root | logger.py:244 |  BSMA Logging Initialized
2026-08-11 00:58:20 | INFO     | root | logger.py:245 |  Log File : logs\bsma.log
2026-08-11 00:58:20 | INFO     | root | logger.py:246 |  Log Level: INFO
2026-08-11 00:58:20 | INFO     | root | logger.py:247 |  Max Size : 10485760 bytes
2026-08-11 00:58:20 | INFO     | root | logger.py:248 |  Backups  : 5
2026-08-11 00:58:20 | INFO     | root | logger.py:249 | ========================================
2026-08-11 00:58:38 | INFO     | utils.pdf_exporter | pdf_exporter.py:1380 | Memulai pembuatan PDF stasiun WGJR _ 2025-01-11 07_23_58 UTC.
2026-08-11 00:59:37 | INFO     | utils.pdf_exporter | pdf_exporter.py:1380 | Memulai pembuatan PDF stasiun WGJR _ 2025-01-11 07_23_58 UTC.
2026-08-11 01:02:08 | INFO     | utils.pdf_exporter | pdf_exporter.py:1868 | Laporan PDF berhasil dibuat: D:\Perkuliahan\Cadangan project\Project BSMA\outputs\reports\BSMA_Report_WGJR _ 2025-01-11 07_23_58 UTC_20260810_175838.pdf
2026-08-11 01:02:48 | INFO     | utils.pdf_exporter | pdf_exporter.py:1380 | Memulai pembuatan PDF stasiun WGJR _ 2025-01-11 07_23_58 UTC.
2026-08-11 01:04:36 | INFO     | utils.pdf_exporter | pdf_exporter.py:1868 | Laporan PDF berhasil dibuat: D:\Perkuliahan\Cadangan project\Project BSMA\outputs\reports\BSMA_Report_WGJR _ 2025-01-11 07_23_58 UTC_20260810_175937.pdf
2026-08-11 01:06:44 | INFO     | utils.pdf_exporter | pdf_exporter.py:1868 | Laporan PDF berhasil dibuat: D:\Perkuliahan\Cadangan project\Project BSMA\outputs\reports\BSMA_Report_WGJR _ 2025-01-11 07_23_58 UTC_20260810_180248.pdf
2026-08-11 01:32:23 | INFO     | root | logger.py:243 | ========================================
2026-08-11 01:32:23 | INFO     | root | logger.py:244 |  BSMA Logging Initialized
2026-08-11 01:32:23 | INFO     | root | logger.py:245 |  Log File : logs\bsma.log
2026-08-11 01:32:23 | INFO     | root | logger.py:246 |  Log Level: INFO
2026-08-11 01:32:23 | INFO     | root | logger.py:247 |  Max Size : 10485760 bytes
2026-08-11 01:32:23 | INFO     | root | logger.py:248 |  Backups  : 5
2026-08-11 01:32:23 | INFO     | root | logger.py:249 | ========================================
2026-08-11 01:32:23 | INFO     | services.analysis_service | qc.py:362 | QCAnalyzer initialized.
2026-08-11 01:32:23 | INFO     | services.analysis_service | qc.py:431 | Stream QC completed.
2026-08-11 01:32:23 | INFO     | services.analysis_service | orchestrator.py:171 | PipelineOrchestrator initialized.
2026-08-11 01:32:24 | INFO     | services.analysis_service | pipeline.py:279 | BSMA pipeline completed successfully.
2026-08-11 01:36:17 | INFO     | root | logger.py:243 | ========================================
2026-08-11 01:36:17 | INFO     | root | logger.py:244 |  BSMA Logging Initialized
2026-08-11 01:36:17 | INFO     | root | logger.py:245 |  Log File : logs\bsma.log
2026-08-11 01:36:17 | INFO     | root | logger.py:246 |  Log Level: INFO
2026-08-11 01:36:17 | INFO     | root | logger.py:247 |  Max Size : 10485760 bytes
2026-08-11 01:36:17 | INFO     | root | logger.py:248 |  Backups  : 5
2026-08-11 01:36:17 | INFO     | root | logger.py:249 | ========================================
2026-08-11 01:36:17 | INFO     | services.analysis_service | qc.py:362 | QCAnalyzer initialized.
2026-08-11 01:36:17 | INFO     | services.analysis_service | qc.py:431 | Stream QC completed.
2026-08-11 01:36:17 | INFO     | services.analysis_service | orchestrator.py:171 | PipelineOrchestrator initialized.
2026-08-11 01:36:18 | INFO     | services.analysis_service | pipeline.py:279 | BSMA pipeline completed successfully.
2026-08-11 01:37:06 | INFO     | root | logger.py:243 | ========================================
2026-08-11 01:37:06 | INFO     | root | logger.py:244 |  BSMA Logging Initialized
2026-08-11 01:37:06 | INFO     | root | logger.py:245 |  Log File : logs\bsma.log
2026-08-11 01:37:06 | INFO     | root | logger.py:246 |  Log Level: INFO
2026-08-11 01:37:06 | INFO     | root | logger.py:247 |  Max Size : 10485760 bytes
2026-08-11 01:37:06 | INFO     | root | logger.py:248 |  Backups  : 5
2026-08-11 01:37:06 | INFO     | root | logger.py:249 | ========================================
2026-08-11 01:37:06 | INFO     | services.analysis_service | qc.py:362 | QCAnalyzer initialized.
2026-08-11 01:37:06 | INFO     | services.analysis_service | qc.py:431 | Stream QC completed.
2026-08-11 01:37:06 | INFO     | services.analysis_service | orchestrator.py:171 | PipelineOrchestrator initialized.
2026-08-11 01:37:06 | INFO     | services.analysis_service | pipeline.py:279 | BSMA pipeline completed successfully.
2026-08-11 01:37:28 | INFO     | services.analysis_service | qc.py:362 | QCAnalyzer initialized.
2026-08-11 01:37:28 | INFO     | services.analysis_service | qc.py:431 | Stream QC completed.
2026-08-11 01:37:28 | INFO     | services.analysis_service | orchestrator.py:171 | PipelineOrchestrator initialized.
2026-08-11 01:37:28 | INFO     | services.analysis_service | pipeline.py:279 | BSMA pipeline completed successfully.
2026-08-11 01:37:28 | INFO     | services.analysis_service | qc.py:362 | QCAnalyzer initialized.
2026-08-11 01:37:28 | INFO     | services.analysis_service | qc.py:431 | Stream QC completed.
2026-08-11 01:37:28 | INFO     | services.analysis_service | orchestrator.py:171 | PipelineOrchestrator initialized.
2026-08-11 01:37:28 | INFO     | services.analysis_service | pipeline.py:279 | BSMA pipeline completed successfully.
2026-08-11 01:37:28 | INFO     | services.analysis_service | qc.py:362 | QCAnalyzer initialized.
2026-08-11 01:37:28 | INFO     | services.analysis_service | qc.py:431 | Stream QC completed.
2026-08-11 01:37:28 | INFO     | services.analysis_service | orchestrator.py:171 | PipelineOrchestrator initialized.
2026-08-11 01:37:28 | ERROR    | services.analysis_service | analysis_service.py:259 | BSMA analysis failed for trace XX.TEST.00.HNE.
Traceback (most recent call last):
  File "D:\Perkuliahan\Cadangan project\Project BSMA\services\analysis_service.py", line 248, in process_station_stream
    context = self._create_initial_context(
              ~~~~~~~~~~~~~~~~~~~~~~~~~~~~^
        trace=trace,
        ^^^^^^^^^^^^
        inventory=inventory,
        ^^^^^^^^^^^^^^^^^^^^
        qc_metrics=qc_report.trace_metrics[trace.id],
        ^^^^^^^^^^^^^^^^^^^^^^^^^^^^^^^^^^^^^^^^^^^^^
    ).add_history("FilterRecommendation", filter_decision)
    ^
  File "D:\Perkuliahan\Cadangan project\Project BSMA\services\analysis_service.py", line 354, in _create_initial_context
    raise AnalysisServiceError(
    ...<2 lines>...
    )
services.analysis_service.AnalysisServiceError: StationXML is absent for XX.TEST.00.HNE. Declare input_unit explicitly to confirm that the samples are acceleration.
2026-08-11 01:37:28 | INFO     | services.analysis_service | qc.py:362 | QCAnalyzer initialized.
2026-08-11 01:37:28 | INFO     | services.analysis_service | qc.py:362 | QCAnalyzer initialized.
2026-08-11 01:37:28 | INFO     | services.analysis_service | qc.py:431 | Stream QC completed.
2026-08-11 01:37:28 | INFO     | services.analysis_service | orchestrator.py:171 | PipelineOrchestrator initialized.
2026-08-11 01:37:29 | INFO     | services.analysis_service | pipeline.py:279 | BSMA pipeline completed successfully.
2026-08-11 01:42:05 | INFO     | root | logger.py:243 | ========================================
2026-08-11 01:42:05 | INFO     | root | logger.py:244 |  BSMA Logging Initialized
2026-08-11 01:42:05 | INFO     | root | logger.py:245 |  Log File : logs\bsma.log
2026-08-11 01:42:05 | INFO     | root | logger.py:246 |  Log Level: INFO
2026-08-11 01:42:05 | INFO     | root | logger.py:247 |  Max Size : 10485760 bytes
2026-08-11 01:42:05 | INFO     | root | logger.py:248 |  Backups  : 5
2026-08-11 01:42:05 | INFO     | root | logger.py:249 | ========================================
2026-08-11 01:44:29 | INFO     | bsma.dashboard | qc.py:362 | QCAnalyzer initialized.
2026-08-11 01:44:29 | INFO     | bsma.dashboard | qc.py:431 | Stream QC completed.
2026-08-11 01:44:29 | INFO     | bsma.dashboard | orchestrator.py:171 | PipelineOrchestrator initialized.
2026-08-11 01:44:30 | INFO     | bsma.dashboard | pipeline.py:279 | BSMA pipeline completed successfully.
2026-08-11 01:44:30 | INFO     | bsma.dashboard | orchestrator.py:171 | PipelineOrchestrator initialized.
2026-08-11 01:44:32 | INFO     | bsma.dashboard | pipeline.py:279 | BSMA pipeline completed successfully.
2026-08-11 01:44:32 | INFO     | bsma.dashboard | orchestrator.py:171 | PipelineOrchestrator initialized.
2026-08-11 01:44:34 | INFO     | bsma.dashboard | pipeline.py:279 | BSMA pipeline completed successfully.
2026-08-11 01:52:12 | INFO     | root | logger.py:243 | ========================================
2026-08-11 01:52:12 | INFO     | root | logger.py:244 |  BSMA Logging Initialized
2026-08-11 01:52:12 | INFO     | root | logger.py:245 |  Log File : logs\bsma.log
2026-08-11 01:52:12 | INFO     | root | logger.py:246 |  Log Level: INFO
2026-08-11 01:52:12 | INFO     | root | logger.py:247 |  Max Size : 10485760 bytes
2026-08-11 01:52:12 | INFO     | root | logger.py:248 |  Backups  : 5
2026-08-11 01:52:12 | INFO     | root | logger.py:249 | ========================================
2026-08-11 01:52:12 | INFO     | services.analysis_service | qc.py:362 | QCAnalyzer initialized.
2026-08-11 01:52:12 | INFO     | services.analysis_service | qc.py:431 | Stream QC completed.
2026-08-11 01:52:12 | INFO     | services.analysis_service | orchestrator.py:171 | PipelineOrchestrator initialized.
2026-08-11 01:52:12 | INFO     | services.analysis_service | pipeline.py:279 | BSMA pipeline completed successfully.
2026-08-11 01:52:12 | INFO     | services.analysis_service | qc.py:362 | QCAnalyzer initialized.
2026-08-11 01:52:12 | INFO     | services.analysis_service | qc.py:431 | Stream QC completed.
2026-08-11 01:52:12 | INFO     | services.analysis_service | orchestrator.py:171 | PipelineOrchestrator initialized.
2026-08-11 01:52:12 | ERROR    | services.analysis_service | analysis_service.py:259 | BSMA analysis failed for trace XX.TEST.00.HNE.
Traceback (most recent call last):
  File "D:\Perkuliahan\Cadangan project\Project BSMA\services\analysis_service.py", line 248, in process_station_stream
    context = self._create_initial_context(
              ~~~~~~~~~~~~~~~~~~~~~~~~~~~~^
        trace=trace,
        ^^^^^^^^^^^^
        inventory=inventory,
        ^^^^^^^^^^^^^^^^^^^^
        qc_metrics=qc_report.trace_metrics[trace.id],
        ^^^^^^^^^^^^^^^^^^^^^^^^^^^^^^^^^^^^^^^^^^^^^
    ).add_history("FilterRecommendation", filter_decision)
    ^
  File "D:\Perkuliahan\Cadangan project\Project BSMA\services\analysis_service.py", line 354, in _create_initial_context
    raise AnalysisServiceError(
    ...<2 lines>...
    )
services.analysis_service.AnalysisServiceError: StationXML is absent for XX.TEST.00.HNE. Declare input_unit explicitly to confirm that the samples are acceleration.
2026-08-11 01:52:12 | INFO     | services.analysis_service | qc.py:362 | QCAnalyzer initialized.
2026-08-11 01:52:12 | INFO     | services.analysis_service | qc.py:362 | QCAnalyzer initialized.
2026-08-11 01:52:12 | INFO     | services.analysis_service | qc.py:431 | Stream QC completed.
2026-08-11 01:52:12 | INFO     | services.analysis_service | orchestrator.py:171 | PipelineOrchestrator initialized.
2026-08-11 01:52:12 | INFO     | services.analysis_service | pipeline.py:279 | BSMA pipeline completed successfully.
2026-08-11 01:52:12 | INFO     | services.analysis_service | qc.py:362 | QCAnalyzer initialized.
2026-08-11 01:52:12 | INFO     | services.analysis_service | qc.py:431 | Stream QC completed.
2026-08-11 01:52:12 | INFO     | services.analysis_service | orchestrator.py:171 | PipelineOrchestrator initialized.
2026-08-11 01:52:12 | INFO     | services.analysis_service | pipeline.py:279 | BSMA pipeline completed successfully.
2026-08-11 01:52:13 | INFO     | services.analysis_service | qc.py:362 | QCAnalyzer initialized.
2026-08-11 01:52:13 | INFO     | services.analysis_service | qc.py:431 | Stream QC completed.
2026-08-11 01:52:13 | INFO     | services.analysis_service | orchestrator.py:171 | PipelineOrchestrator initialized.
2026-08-11 01:52:13 | INFO     | services.analysis_service | pipeline.py:279 | BSMA pipeline completed successfully.
2026-08-11 01:52:30 | INFO     | core.pipeline | orchestrator.py:171 | PipelineOrchestrator initialized.
2026-08-11 01:52:30 | INFO     | core.pipeline | pipeline.py:279 | BSMA pipeline completed successfully.
2026-08-11 01:52:31 | INFO     | core.preprocessing.qc | qc.py:362 | QCAnalyzer initialized.
2026-08-11 01:52:31 | INFO     | core.preprocessing.qc | qc.py:431 | Stream QC completed.
2026-08-11 02:00:08 | INFO     | root | logger.py:243 | ========================================
2026-08-11 02:00:08 | INFO     | root | logger.py:244 |  BSMA Logging Initialized
2026-08-11 02:00:08 | INFO     | root | logger.py:245 |  Log File : logs\bsma.log
2026-08-11 02:00:08 | INFO     | root | logger.py:246 |  Log Level: INFO
2026-08-11 02:00:08 | INFO     | root | logger.py:247 |  Max Size : 10485760 bytes
2026-08-11 02:00:08 | INFO     | root | logger.py:248 |  Backups  : 5
2026-08-11 02:00:08 | INFO     | root | logger.py:249 | ========================================
2026-08-11 02:55:24 | INFO     | root | logger.py:243 | ========================================
2026-08-11 02:55:24 | INFO     | root | logger.py:244 |  BSMA Logging Initialized
2026-08-11 02:55:24 | INFO     | root | logger.py:245 |  Log File : logs\bsma.log
2026-08-11 02:55:24 | INFO     | root | logger.py:246 |  Log Level: INFO
2026-08-11 02:55:24 | INFO     | root | logger.py:247 |  Max Size : 10485760 bytes
2026-08-11 02:55:24 | INFO     | root | logger.py:248 |  Backups  : 5
2026-08-11 02:55:24 | INFO     | root | logger.py:249 | ========================================
2026-08-11 02:55:31 | INFO     | bsma.dashboard | qc.py:362 | QCAnalyzer initialized.
2026-08-11 02:55:31 | INFO     | bsma.dashboard | qc.py:431 | Stream QC completed.
2026-08-11 02:55:31 | INFO     | bsma.dashboard | orchestrator.py:171 | PipelineOrchestrator initialized.
2026-08-11 02:55:32 | INFO     | bsma.dashboard | pipeline.py:279 | BSMA pipeline completed successfully.
2026-08-11 02:55:32 | INFO     | bsma.dashboard | orchestrator.py:171 | PipelineOrchestrator initialized.
2026-08-11 02:55:33 | INFO     | bsma.dashboard | pipeline.py:279 | BSMA pipeline completed successfully.
2026-08-11 02:55:33 | INFO     | bsma.dashboard | orchestrator.py:171 | PipelineOrchestrator initialized.
2026-08-11 02:55:34 | INFO     | bsma.dashboard | pipeline.py:279 | BSMA pipeline completed successfully.
2026-08-11 03:18:36 | INFO     | root | logger.py:243 | ========================================
2026-08-11 03:18:36 | INFO     | root | logger.py:244 |  BSMA Logging Initialized
2026-08-11 03:18:36 | INFO     | root | logger.py:245 |  Log File : logs\bsma.log
2026-08-11 03:18:36 | INFO     | root | logger.py:246 |  Log Level: INFO
2026-08-11 03:18:36 | INFO     | root | logger.py:247 |  Max Size : 10485760 bytes
2026-08-11 03:18:36 | INFO     | root | logger.py:248 |  Backups  : 5
2026-08-11 03:18:36 | INFO     | root | logger.py:249 | ========================================
2026-08-11 03:20:53 | INFO     | bsma.dashboard | qc.py:362 | QCAnalyzer initialized.
2026-08-11 03:20:53 | INFO     | bsma.dashboard | qc.py:431 | Stream QC completed.
2026-08-11 03:20:53 | INFO     | bsma.dashboard | orchestrator.py:171 | PipelineOrchestrator initialized.
2026-08-11 03:20:54 | INFO     | bsma.dashboard | pipeline.py:279 | BSMA pipeline completed successfully.
2026-08-11 03:20:54 | INFO     | bsma.dashboard | orchestrator.py:171 | PipelineOrchestrator initialized.
2026-08-11 03:20:55 | INFO     | bsma.dashboard | pipeline.py:279 | BSMA pipeline completed successfully.
2026-08-11 03:20:55 | INFO     | bsma.dashboard | orchestrator.py:171 | PipelineOrchestrator initialized.
2026-08-11 03:20:56 | INFO     | bsma.dashboard | pipeline.py:279 | BSMA pipeline completed successfully.
2026-08-14 21:24:48 | INFO     | root | logger.py:243 | ========================================
2026-08-14 21:24:48 | INFO     | root | logger.py:244 |  BSMA Logging Initialized
2026-08-14 21:24:48 | INFO     | root | logger.py:245 |  Log File : logs\bsma.log
2026-08-14 21:24:48 | INFO     | root | logger.py:246 |  Log Level: INFO
2026-08-14 21:24:48 | INFO     | root | logger.py:247 |  Max Size : 10485760 bytes
2026-08-14 21:24:48 | INFO     | root | logger.py:248 |  Backups  : 5
2026-08-14 21:24:48 | INFO     | root | logger.py:249 | ========================================
2026-08-14 21:24:48 | INFO     | services.analysis_service | qc.py:362 | QCAnalyzer initialized.
2026-08-14 21:24:48 | INFO     | services.analysis_service | qc.py:431 | Stream QC completed.
2026-08-14 21:24:48 | INFO     | services.analysis_service | orchestrator.py:171 | PipelineOrchestrator initialized.
2026-08-14 21:24:48 | INFO     | services.analysis_service | pipeline.py:279 | BSMA pipeline completed successfully.
2026-08-14 21:26:15 | INFO     | root | logger.py:243 | ========================================
2026-08-14 21:26:15 | INFO     | root | logger.py:244 |  BSMA Logging Initialized
2026-08-14 21:26:15 | INFO     | root | logger.py:245 |  Log File : logs\bsma.log
2026-08-14 21:26:15 | INFO     | root | logger.py:246 |  Log Level: INFO
2026-08-14 21:26:15 | INFO     | root | logger.py:247 |  Max Size : 10485760 bytes
2026-08-14 21:26:15 | INFO     | root | logger.py:248 |  Backups  : 5
2026-08-14 21:26:15 | INFO     | root | logger.py:249 | ========================================
2026-08-14 21:26:15 | INFO     | services.analysis_service | qc.py:362 | QCAnalyzer initialized.
2026-08-14 21:26:15 | INFO     | services.analysis_service | qc.py:431 | Stream QC completed.
2026-08-14 21:26:15 | INFO     | services.analysis_service | orchestrator.py:171 | PipelineOrchestrator initialized.
2026-08-14 21:26:15 | INFO     | services.analysis_service | pipeline.py:279 | BSMA pipeline completed successfully.
2026-08-14 21:29:04 | INFO     | root | logger.py:243 | ========================================
2026-08-14 21:29:04 | INFO     | root | logger.py:244 |  BSMA Logging Initialized
2026-08-14 21:29:04 | INFO     | root | logger.py:245 |  Log File : logs\bsma.log
2026-08-14 21:29:04 | INFO     | root | logger.py:246 |  Log Level: INFO
2026-08-14 21:29:04 | INFO     | root | logger.py:247 |  Max Size : 10485760 bytes
2026-08-14 21:29:04 | INFO     | root | logger.py:248 |  Backups  : 5
2026-08-14 21:29:04 | INFO     | root | logger.py:249 | ========================================
2026-08-14 21:29:21 | INFO     | bsma.dashboard | qc.py:362 | QCAnalyzer initialized.
2026-08-14 21:29:21 | INFO     | bsma.dashboard | qc.py:431 | Stream QC completed.
2026-08-14 21:29:21 | INFO     | bsma.dashboard | orchestrator.py:171 | PipelineOrchestrator initialized.
2026-08-14 21:29:22 | INFO     | bsma.dashboard | pipeline.py:279 | BSMA pipeline completed successfully.
2026-08-14 21:29:22 | INFO     | bsma.dashboard | orchestrator.py:171 | PipelineOrchestrator initialized.
2026-08-14 21:29:23 | INFO     | bsma.dashboard | pipeline.py:279 | BSMA pipeline completed successfully.
2026-08-14 21:29:23 | INFO     | bsma.dashboard | orchestrator.py:171 | PipelineOrchestrator initialized.
2026-08-14 21:29:24 | INFO     | bsma.dashboard | pipeline.py:279 | BSMA pipeline completed successfully.
2026-08-14 21:30:37 | INFO     | bsma.dashboard | qc.py:362 | QCAnalyzer initialized.
2026-08-14 21:30:38 | INFO     | bsma.dashboard | qc.py:431 | Stream QC completed.
2026-08-14 21:30:38 | INFO     | bsma.dashboard | orchestrator.py:171 | PipelineOrchestrator initialized.
2026-08-14 21:30:38 | INFO     | bsma.dashboard | pipeline.py:279 | BSMA pipeline completed successfully.
2026-08-14 21:30:38 | INFO     | bsma.dashboard | orchestrator.py:171 | PipelineOrchestrator initialized.
2026-08-14 21:30:39 | INFO     | bsma.dashboard | pipeline.py:279 | BSMA pipeline completed successfully.
2026-08-14 21:30:39 | INFO     | bsma.dashboard | orchestrator.py:171 | PipelineOrchestrator initialized.
2026-08-14 21:30:40 | INFO     | bsma.dashboard | pipeline.py:279 | BSMA pipeline completed successfully.
2026-08-14 21:41:37 | INFO     | bsma.dashboard | qc.py:362 | QCAnalyzer initialized.
2026-08-14 21:41:37 | INFO     | bsma.dashboard | qc.py:431 | Stream QC completed.
2026-08-14 21:41:37 | INFO     | bsma.dashboard | orchestrator.py:171 | PipelineOrchestrator initialized.
2026-08-14 21:41:38 | INFO     | bsma.dashboard | pipeline.py:279 | BSMA pipeline completed successfully.
2026-08-14 21:41:38 | INFO     | bsma.dashboard | orchestrator.py:171 | PipelineOrchestrator initialized.
2026-08-14 21:41:39 | INFO     | bsma.dashboard | pipeline.py:279 | BSMA pipeline completed successfully.
2026-08-14 21:41:39 | INFO     | bsma.dashboard | orchestrator.py:171 | PipelineOrchestrator initialized.
2026-08-14 21:41:41 | INFO     | bsma.dashboard | pipeline.py:279 | BSMA pipeline completed successfully.
2026-08-14 21:44:16 | INFO     | root | logger.py:243 | ========================================
2026-08-14 21:44:16 | INFO     | root | logger.py:244 |  BSMA Logging Initialized
2026-08-14 21:44:16 | INFO     | root | logger.py:245 |  Log File : logs\bsma.log
2026-08-14 21:44:16 | INFO     | root | logger.py:246 |  Log Level: INFO
2026-08-14 21:44:16 | INFO     | root | logger.py:247 |  Max Size : 10485760 bytes
2026-08-14 21:44:16 | INFO     | root | logger.py:248 |  Backups  : 5
2026-08-14 21:44:16 | INFO     | root | logger.py:249 | ========================================
2026-08-14 21:45:27 | INFO     | bsma.dashboard | qc.py:362 | QCAnalyzer initialized.
2026-08-14 21:45:27 | INFO     | bsma.dashboard | qc.py:431 | Stream QC completed.
2026-08-14 21:45:27 | INFO     | bsma.dashboard | orchestrator.py:171 | PipelineOrchestrator initialized.
2026-08-14 21:45:29 | INFO     | bsma.dashboard | pipeline.py:279 | BSMA pipeline completed successfully.
2026-08-14 21:45:29 | INFO     | bsma.dashboard | orchestrator.py:171 | PipelineOrchestrator initialized.
2026-08-14 21:45:30 | INFO     | bsma.dashboard | pipeline.py:279 | BSMA pipeline completed successfully.
2026-08-14 21:45:30 | INFO     | bsma.dashboard | orchestrator.py:171 | PipelineOrchestrator initialized.
2026-08-14 21:45:32 | INFO     | bsma.dashboard | pipeline.py:279 | BSMA pipeline completed successfully.
2026-08-14 21:51:41 | INFO     | root | logger.py:243 | ========================================
2026-08-14 21:51:41 | INFO     | root | logger.py:244 |  BSMA Logging Initialized
2026-08-14 21:51:41 | INFO     | root | logger.py:245 |  Log File : logs\bsma.log
2026-08-14 21:51:41 | INFO     | root | logger.py:246 |  Log Level: INFO
2026-08-14 21:51:41 | INFO     | root | logger.py:247 |  Max Size : 10485760 bytes
2026-08-14 21:51:41 | INFO     | root | logger.py:248 |  Backups  : 5
2026-08-14 21:51:41 | INFO     | root | logger.py:249 | ========================================
2026-08-14 21:54:47 | INFO     | bsma.dashboard | qc.py:362 | QCAnalyzer initialized.
2026-08-14 21:54:47 | INFO     | bsma.dashboard | qc.py:431 | Stream QC completed.
2026-08-14 21:54:47 | INFO     | bsma.dashboard | orchestrator.py:171 | PipelineOrchestrator initialized.
2026-08-14 21:54:48 | INFO     | bsma.dashboard | pipeline.py:279 | BSMA pipeline completed successfully.
2026-08-14 21:54:48 | INFO     | bsma.dashboard | orchestrator.py:171 | PipelineOrchestrator initialized.
2026-08-14 21:54:49 | INFO     | bsma.dashboard | pipeline.py:279 | BSMA pipeline completed successfully.
2026-08-14 21:54:49 | INFO     | bsma.dashboard | orchestrator.py:171 | PipelineOrchestrator initialized.
2026-08-14 21:54:50 | INFO     | bsma.dashboard | pipeline.py:279 | BSMA pipeline completed successfully.
2026-08-14 21:56:36 | INFO     | bsma.dashboard | qc.py:362 | QCAnalyzer initialized.
2026-08-14 21:56:36 | INFO     | bsma.dashboard | qc.py:431 | Stream QC completed.
2026-08-14 21:56:36 | INFO     | bsma.dashboard | orchestrator.py:171 | PipelineOrchestrator initialized.
2026-08-14 21:56:37 | INFO     | bsma.dashboard | pipeline.py:279 | BSMA pipeline completed successfully.
2026-08-14 21:56:37 | INFO     | bsma.dashboard | orchestrator.py:171 | PipelineOrchestrator initialized.
2026-08-14 21:56:38 | INFO     | bsma.dashboard | pipeline.py:279 | BSMA pipeline completed successfully.
2026-08-14 21:56:38 | INFO     | bsma.dashboard | orchestrator.py:171 | PipelineOrchestrator initialized.
2026-08-14 21:56:39 | INFO     | bsma.dashboard | pipeline.py:279 | BSMA pipeline completed successfully.
2026-08-15 02:28:49 | INFO     | root | logger.py:243 | ========================================
2026-08-15 02:28:49 | INFO     | root | logger.py:244 |  BSMA Logging Initialized
2026-08-15 02:28:49 | INFO     | root | logger.py:245 |  Log File : logs\bsma.log
2026-08-15 02:28:49 | INFO     | root | logger.py:246 |  Log Level: INFO
2026-08-15 02:28:50 | INFO     | root | logger.py:247 |  Max Size : 10485760 bytes
2026-08-15 02:28:50 | INFO     | root | logger.py:248 |  Backups  : 5
2026-08-15 02:28:50 | INFO     | root | logger.py:249 | ========================================
2026-08-15 02:29:46 | INFO     | root | logger.py:243 | ========================================
2026-08-15 02:29:46 | INFO     | root | logger.py:244 |  BSMA Logging Initialized
2026-08-15 02:29:46 | INFO     | root | logger.py:245 |  Log File : logs\bsma.log
2026-08-15 02:29:46 | INFO     | root | logger.py:246 |  Log Level: INFO
2026-08-15 02:29:46 | INFO     | root | logger.py:247 |  Max Size : 10485760 bytes
2026-08-15 02:29:46 | INFO     | root | logger.py:248 |  Backups  : 5
2026-08-15 02:29:46 | INFO     | root | logger.py:249 | ========================================
2026-08-15 02:34:22 | INFO     | root | logger.py:243 | ========================================
2026-08-15 02:34:22 | INFO     | root | logger.py:244 |  BSMA Logging Initialized
2026-08-15 02:34:22 | INFO     | root | logger.py:245 |  Log File : logs\bsma.log
2026-08-15 02:34:22 | INFO     | root | logger.py:246 |  Log Level: INFO
2026-08-15 02:34:22 | INFO     | root | logger.py:247 |  Max Size : 10485760 bytes
2026-08-15 02:34:22 | INFO     | root | logger.py:248 |  Backups  : 5
2026-08-15 02:34:22 | INFO     | root | logger.py:249 | ========================================
2026-08-15 02:34:25 | INFO     | services.analysis_service | qc.py:362 | QCAnalyzer initialized.
2026-08-15 02:34:25 | INFO     | services.analysis_service | qc.py:431 | Stream QC completed.
2026-08-15 02:34:25 | INFO     | services.analysis_service | orchestrator.py:171 | PipelineOrchestrator initialized.
2026-08-15 02:34:25 | INFO     | services.analysis_service | pipeline.py:279 | BSMA pipeline completed successfully.
2026-08-15 03:14:25 | INFO     | root | logger.py:243 | ========================================
2026-08-15 03:14:25 | INFO     | root | logger.py:244 |  BSMA Logging Initialized
2026-08-15 03:14:25 | INFO     | root | logger.py:245 |  Log File : logs\bsma.log
2026-08-15 03:14:25 | INFO     | root | logger.py:246 |  Log Level: INFO
2026-08-15 03:14:25 | INFO     | root | logger.py:247 |  Max Size : 10485760 bytes
2026-08-15 03:14:25 | INFO     | root | logger.py:248 |  Backups  : 5
2026-08-15 03:14:25 | INFO     | root | logger.py:249 | ========================================
2026-08-15 03:14:28 | INFO     | services.analysis_service | qc.py:362 | QCAnalyzer initialized.
2026-08-15 03:14:28 | INFO     | services.analysis_service | qc.py:431 | Stream QC completed.
2026-08-15 03:14:28 | INFO     | services.analysis_service | orchestrator.py:171 | PipelineOrchestrator initialized.
2026-08-15 03:14:28 | INFO     | services.analysis_service | pipeline.py:279 | BSMA pipeline completed successfully.
2026-08-15 03:14:28 | INFO     | utils.pdf_exporter | pdf_exporter.py:1332 | Memulai pembuatan PDF stasiun TEST.
2026-08-15 03:15:22 | INFO     | utils.pdf_exporter | pdf_exporter.py:1839 | Laporan PDF berhasil dibuat: C:\Users\USer\AppData\Local\Temp\pytest-of-USer\pytest-17\test_export_service_generates_0\report.pdf
2026-08-15 03:17:32 | INFO     | bsma.dashboard | qc.py:362 | QCAnalyzer initialized.
2026-08-15 03:17:32 | INFO     | bsma.dashboard | qc.py:431 | Stream QC completed.
2026-08-15 03:17:32 | INFO     | bsma.dashboard | orchestrator.py:171 | PipelineOrchestrator initialized.
2026-08-15 03:17:35 | INFO     | bsma.dashboard | pipeline.py:279 | BSMA pipeline completed successfully.
2026-08-15 03:17:35 | INFO     | bsma.dashboard | orchestrator.py:171 | PipelineOrchestrator initialized.
2026-08-15 03:17:37 | INFO     | bsma.dashboard | pipeline.py:279 | BSMA pipeline completed successfully.
2026-08-15 03:17:37 | INFO     | bsma.dashboard | orchestrator.py:171 | PipelineOrchestrator initialized.
2026-08-15 03:17:40 | INFO     | bsma.dashboard | pipeline.py:279 | BSMA pipeline completed successfully.
2026-08-15 03:17:48 | INFO     | bsma.dashboard | qc.py:362 | QCAnalyzer initialized.
2026-08-15 03:17:48 | INFO     | bsma.dashboard | qc.py:431 | Stream QC completed.
2026-08-15 03:17:48 | INFO     | bsma.dashboard | orchestrator.py:171 | PipelineOrchestrator initialized.
2026-08-15 03:17:50 | INFO     | bsma.dashboard | qc.py:362 | QCAnalyzer initialized.
2026-08-15 03:17:51 | INFO     | bsma.dashboard | qc.py:431 | Stream QC completed.
2026-08-15 03:17:51 | INFO     | bsma.dashboard | orchestrator.py:171 | PipelineOrchestrator initialized.
2026-08-15 03:17:51 | INFO     | bsma.dashboard | pipeline.py:279 | BSMA pipeline completed successfully.
2026-08-15 03:17:51 | INFO     | bsma.dashboard | orchestrator.py:171 | PipelineOrchestrator initialized.
2026-08-15 03:17:54 | INFO     | bsma.dashboard | pipeline.py:279 | BSMA pipeline completed successfully.
2026-08-15 03:17:54 | INFO     | bsma.dashboard | orchestrator.py:171 | PipelineOrchestrator initialized.
2026-08-15 03:17:55 | INFO     | bsma.dashboard | qc.py:362 | QCAnalyzer initialized.
2026-08-15 03:17:56 | INFO     | bsma.dashboard | pipeline.py:279 | BSMA pipeline completed successfully.
2026-08-15 03:17:56 | INFO     | bsma.dashboard | orchestrator.py:171 | PipelineOrchestrator initialized.
2026-08-15 03:17:59 | INFO     | bsma.dashboard | qc.py:431 | Stream QC completed.
2026-08-15 03:17:59 | INFO     | bsma.dashboard | orchestrator.py:171 | PipelineOrchestrator initialized.
2026-08-15 03:18:00 | INFO     | bsma.dashboard | pipeline.py:279 | BSMA pipeline completed successfully.
2026-08-15 03:18:00 | INFO     | bsma.dashboard | orchestrator.py:171 | PipelineOrchestrator initialized.
2026-08-15 03:18:03 | INFO     | bsma.dashboard | pipeline.py:279 | BSMA pipeline completed successfully.
2026-08-15 03:18:08 | INFO     | bsma.dashboard | pipeline.py:279 | BSMA pipeline completed successfully.
2026-08-15 03:18:08 | INFO     | bsma.dashboard | orchestrator.py:171 | PipelineOrchestrator initialized.
2026-08-15 03:18:08 | INFO     | bsma.dashboard | pipeline.py:279 | BSMA pipeline completed successfully.
2026-08-15 03:18:10 | INFO     | bsma.dashboard | pipeline.py:279 | BSMA pipeline completed successfully.
2026-08-15 03:18:10 | INFO     | bsma.dashboard | orchestrator.py:171 | PipelineOrchestrator initialized.
2026-08-15 03:18:13 | INFO     | bsma.dashboard | pipeline.py:279 | BSMA pipeline completed successfully.
2026-08-15 03:18:38 | INFO     | bsma.dashboard | qc.py:362 | QCAnalyzer initialized.
2026-08-15 03:18:38 | INFO     | bsma.dashboard | qc.py:431 | Stream QC completed.
2026-08-15 03:18:38 | INFO     | bsma.dashboard | orchestrator.py:171 | PipelineOrchestrator initialized.
2026-08-15 03:18:40 | INFO     | bsma.dashboard | pipeline.py:279 | BSMA pipeline completed successfully.
2026-08-15 03:18:40 | INFO     | bsma.dashboard | orchestrator.py:171 | PipelineOrchestrator initialized.
2026-08-15 03:18:43 | INFO     | bsma.dashboard | pipeline.py:279 | BSMA pipeline completed successfully.
2026-08-15 03:18:43 | INFO     | bsma.dashboard | orchestrator.py:171 | PipelineOrchestrator initialized.
2026-08-15 03:18:45 | INFO     | bsma.dashboard | pipeline.py:279 | BSMA pipeline completed successfully.
2026-08-15 03:20:09 | INFO     | utils.pdf_exporter | pdf_exporter.py:1330 | Memulai pembuatan PDF stasiun PPJR _ 2026-02-05 18_04_27 UTC.
2026-08-15 03:22:37 | INFO     | utils.pdf_exporter | pdf_exporter.py:1818 | Laporan PDF berhasil dibuat: D:\Perkuliahan\Cadangan project\Project BSMA\outputs\reports\BSMA_Report_PPJR _ 2026-02-05 18_04_27 UTC.pdf
2026-08-15 03:24:10 | INFO     | root | logger.py:243 | ========================================
2026-08-15 03:24:10 | INFO     | root | logger.py:244 |  BSMA Logging Initialized
2026-08-15 03:24:10 | INFO     | root | logger.py:245 |  Log File : logs\bsma.log
2026-08-15 03:24:10 | INFO     | root | logger.py:246 |  Log Level: INFO
2026-08-15 03:24:10 | INFO     | root | logger.py:247 |  Max Size : 10485760 bytes
2026-08-15 03:24:10 | INFO     | root | logger.py:248 |  Backups  : 5
2026-08-15 03:24:10 | INFO     | root | logger.py:249 | ========================================
2026-08-15 03:24:10 | INFO     | services.analysis_service | qc.py:362 | QCAnalyzer initialized.
2026-08-15 03:24:10 | INFO     | services.analysis_service | qc.py:431 | Stream QC completed.
2026-08-15 03:24:10 | INFO     | services.analysis_service | orchestrator.py:171 | PipelineOrchestrator initialized.
2026-08-15 03:24:10 | INFO     | services.analysis_service | pipeline.py:279 | BSMA pipeline completed successfully.
2026-08-15 03:24:10 | INFO     | utils.pdf_exporter | pdf_exporter.py:1332 | Memulai pembuatan PDF stasiun TEST.
2026-08-15 03:25:14 | INFO     | utils.pdf_exporter | pdf_exporter.py:1839 | Laporan PDF berhasil dibuat: C:\Users\USer\AppData\Local\Temp\pytest-of-USer\pytest-18\test_export_service_generates_0\report.pdf
2026-08-15 03:25:14 | INFO     | services.analysis_service | qc.py:362 | QCAnalyzer initialized.
2026-08-15 03:25:14 | INFO     | services.analysis_service | qc.py:431 | Stream QC completed.
2026-08-15 03:25:14 | INFO     | services.analysis_service | orchestrator.py:171 | PipelineOrchestrator initialized.
2026-08-15 03:25:14 | INFO     | services.analysis_service | pipeline.py:279 | BSMA pipeline completed successfully.
2026-08-15 03:25:14 | INFO     | utils.pdf_exporter | pdf_exporter.py:1332 | Memulai pembuatan PDF stasiun TEST.
2026-08-15 03:26:18 | INFO     | utils.pdf_exporter | pdf_exporter.py:1839 | Laporan PDF berhasil dibuat: C:\Users\USer\AppData\Local\Temp\pytest-of-USer\pytest-18\test_export_station_pdf_includ0\event_report.pdf
2026-08-15 03:28:58 | INFO     | utils.pdf_exporter | pdf_exporter.py:1330 | Memulai pembuatan PDF stasiun PPJR _ 2026-02-05 18_04_27 UTC.
2026-08-15 03:30:31 | INFO     | root | logger.py:243 | ========================================
2026-08-15 03:30:31 | INFO     | root | logger.py:244 |  BSMA Logging Initialized
2026-08-15 03:30:31 | INFO     | root | logger.py:245 |  Log File : logs\bsma.log
2026-08-15 03:30:31 | INFO     | root | logger.py:246 |  Log Level: INFO
2026-08-15 03:30:31 | INFO     | root | logger.py:247 |  Max Size : 10485760 bytes
2026-08-15 03:30:31 | INFO     | root | logger.py:248 |  Backups  : 5
2026-08-15 03:30:31 | INFO     | root | logger.py:249 | ========================================
2026-08-15 03:30:35 | INFO     | services.analysis_service | qc.py:362 | QCAnalyzer initialized.
2026-08-15 03:30:35 | INFO     | services.analysis_service | qc.py:431 | Stream QC completed.
2026-08-15 03:30:35 | INFO     | services.analysis_service | orchestrator.py:171 | PipelineOrchestrator initialized.
2026-08-15 03:30:35 | INFO     | services.analysis_service | pipeline.py:279 | BSMA pipeline completed successfully.
2026-08-15 03:30:35 | INFO     | utils.pdf_exporter | pdf_exporter.py:1332 | Memulai pembuatan PDF stasiun TEST.
2026-08-15 03:31:14 | INFO     | utils.pdf_exporter | pdf_exporter.py:1818 | Laporan PDF berhasil dibuat: D:\Perkuliahan\Cadangan project\Project BSMA\outputs\reports\BSMA_Report_PPJR _ 2026-02-05 18_04_27 UTC.pdf
2026-08-15 03:31:32 | INFO     | utils.pdf_exporter | pdf_exporter.py:1839 | Laporan PDF berhasil dibuat: C:\Users\USer\AppData\Local\Temp\pytest-of-USer\pytest-19\test_export_service_generates_0\report.pdf
2026-08-15 03:31:32 | INFO     | services.analysis_service | qc.py:362 | QCAnalyzer initialized.
2026-08-15 03:31:32 | INFO     | services.analysis_service | qc.py:431 | Stream QC completed.
2026-08-15 03:31:32 | INFO     | services.analysis_service | orchestrator.py:171 | PipelineOrchestrator initialized.
2026-08-15 03:31:32 | INFO     | services.analysis_service | pipeline.py:279 | BSMA pipeline completed successfully.
2026-08-15 03:31:32 | INFO     | utils.pdf_exporter | pdf_exporter.py:1332 | Memulai pembuatan PDF stasiun TEST.
2026-08-15 03:32:20 | INFO     | utils.pdf_exporter | pdf_exporter.py:1839 | Laporan PDF berhasil dibuat: C:\Users\USer\AppData\Local\Temp\pytest-of-USer\pytest-19\test_export_station_pdf_includ0\event_report.pdf
2026-08-15 03:34:09 | INFO     | root | logger.py:243 | ========================================
2026-08-15 03:34:09 | INFO     | root | logger.py:244 |  BSMA Logging Initialized
2026-08-15 03:34:09 | INFO     | root | logger.py:245 |  Log File : logs\bsma.log
2026-08-15 03:34:09 | INFO     | root | logger.py:246 |  Log Level: INFO
2026-08-15 03:34:09 | INFO     | root | logger.py:247 |  Max Size : 10485760 bytes
2026-08-15 03:34:09 | INFO     | root | logger.py:248 |  Backups  : 5
2026-08-15 03:34:09 | INFO     | root | logger.py:249 | ========================================
2026-08-15 03:34:09 | INFO     | services.analysis_service | qc.py:362 | QCAnalyzer initialized.
2026-08-15 03:34:09 | INFO     | services.analysis_service | qc.py:431 | Stream QC completed.
2026-08-15 03:34:09 | INFO     | services.analysis_service | orchestrator.py:171 | PipelineOrchestrator initialized.
2026-08-15 03:34:09 | INFO     | services.analysis_service | pipeline.py:279 | BSMA pipeline completed successfully.
2026-08-15 03:34:09 | INFO     | utils.pdf_exporter | pdf_exporter.py:1332 | Memulai pembuatan PDF stasiun TEST.
2026-08-15 03:35:12 | INFO     | utils.pdf_exporter | pdf_exporter.py:1839 | Laporan PDF berhasil dibuat: C:\Users\USer\AppData\Local\Temp\tmpdwr6uc7z\x.pdf
2026-08-15 03:35:43 | INFO     | root | logger.py:243 | ========================================
2026-08-15 03:35:43 | INFO     | root | logger.py:244 |  BSMA Logging Initialized
2026-08-15 03:35:43 | INFO     | root | logger.py:245 |  Log File : logs\bsma.log
2026-08-15 03:35:43 | INFO     | root | logger.py:246 |  Log Level: INFO
2026-08-15 03:35:43 | INFO     | root | logger.py:247 |  Max Size : 10485760 bytes
2026-08-15 03:35:43 | INFO     | root | logger.py:248 |  Backups  : 5
2026-08-15 03:35:43 | INFO     | root | logger.py:249 | ========================================
2026-08-15 03:35:46 | INFO     | services.analysis_service | qc.py:362 | QCAnalyzer initialized.
2026-08-15 03:35:46 | INFO     | services.analysis_service | qc.py:431 | Stream QC completed.
2026-08-15 03:35:46 | INFO     | services.analysis_service | orchestrator.py:171 | PipelineOrchestrator initialized.
2026-08-15 03:35:46 | INFO     | services.analysis_service | pipeline.py:279 | BSMA pipeline completed successfully.
2026-08-15 03:35:46 | INFO     | utils.pdf_exporter | pdf_exporter.py:1332 | Memulai pembuatan PDF stasiun TEST.
2026-08-15 03:36:42 | INFO     | utils.pdf_exporter | pdf_exporter.py:1839 | Laporan PDF berhasil dibuat: C:\Users\USer\AppData\Local\Temp\pytest-of-USer\pytest-20\test_export_service_generates_0\report.pdf
2026-08-15 03:36:43 | INFO     | services.analysis_service | qc.py:362 | QCAnalyzer initialized.
2026-08-15 03:36:43 | INFO     | services.analysis_service | qc.py:431 | Stream QC completed.
2026-08-15 03:36:43 | INFO     | services.analysis_service | orchestrator.py:171 | PipelineOrchestrator initialized.
2026-08-15 03:36:43 | INFO     | services.analysis_service | pipeline.py:279 | BSMA pipeline completed successfully.
2026-08-15 03:36:43 | INFO     | utils.pdf_exporter | pdf_exporter.py:1332 | Memulai pembuatan PDF stasiun TEST.
2026-08-15 03:37:39 | INFO     | utils.pdf_exporter | pdf_exporter.py:1839 | Laporan PDF berhasil dibuat: C:\Users\USer\AppData\Local\Temp\pytest-of-USer\pytest-20\test_export_station_pdf_includ0\event_report.pdf
2026-08-15 03:42:19 | INFO     | root | logger.py:243 | ========================================
2026-08-15 03:42:19 | INFO     | root | logger.py:244 |  BSMA Logging Initialized
2026-08-15 03:42:19 | INFO     | root | logger.py:245 |  Log File : logs\bsma.log
2026-08-15 03:42:19 | INFO     | root | logger.py:246 |  Log Level: INFO
2026-08-15 03:42:19 | INFO     | root | logger.py:247 |  Max Size : 10485760 bytes
2026-08-15 03:42:19 | INFO     | root | logger.py:248 |  Backups  : 5
2026-08-15 03:42:19 | INFO     | root | logger.py:249 | ========================================
2026-08-15 03:42:25 | INFO     | bsma.dashboard | qc.py:362 | QCAnalyzer initialized.
2026-08-15 03:42:25 | INFO     | bsma.dashboard | qc.py:431 | Stream QC completed.
2026-08-15 03:42:25 | INFO     | bsma.dashboard | orchestrator.py:171 | PipelineOrchestrator initialized.
2026-08-15 03:42:27 | INFO     | bsma.dashboard | pipeline.py:279 | BSMA pipeline completed successfully.
2026-08-15 03:42:27 | INFO     | bsma.dashboard | orchestrator.py:171 | PipelineOrchestrator initialized.
2026-08-15 03:42:29 | INFO     | bsma.dashboard | pipeline.py:279 | BSMA pipeline completed successfully.
2026-08-15 03:42:29 | INFO     | bsma.dashboard | orchestrator.py:171 | PipelineOrchestrator initialized.
2026-08-15 03:42:32 | INFO     | bsma.dashboard | pipeline.py:279 | BSMA pipeline completed successfully.
2026-08-15 03:43:27 | INFO     | utils.pdf_exporter | pdf_exporter.py:1338 | Memulai pembuatan PDF stasiun PPJR _ 2026-02-05 18_04_27 UTC.
2026-08-15 03:45:14 | INFO     | utils.pdf_exporter | pdf_exporter.py:1845 | Laporan PDF berhasil dibuat: D:\Perkuliahan\Cadangan project\Project BSMA\outputs\reports\BSMA_Report_PPJR _ 2026-02-05 18_04_27 UTC.pdf
2026-08-15 03:48:07 | INFO     | bsma.dashboard | qc.py:362 | QCAnalyzer initialized.
2026-08-15 03:48:07 | INFO     | bsma.dashboard | qc.py:431 | Stream QC completed.
2026-08-15 03:48:07 | INFO     | bsma.dashboard | orchestrator.py:171 | PipelineOrchestrator initialized.
2026-08-15 03:48:08 | INFO     | bsma.dashboard | pipeline.py:279 | BSMA pipeline completed successfully.
2026-08-15 03:48:08 | INFO     | bsma.dashboard | orchestrator.py:171 | PipelineOrchestrator initialized.
2026-08-15 03:48:09 | INFO     | bsma.dashboard | pipeline.py:279 | BSMA pipeline completed successfully.
2026-08-15 03:48:09 | INFO     | bsma.dashboard | orchestrator.py:171 | PipelineOrchestrator initialized.
2026-08-15 03:48:10 | INFO     | bsma.dashboard | pipeline.py:279 | BSMA pipeline completed successfully.
2026-08-15 03:48:32 | INFO     | utils.pdf_exporter | pdf_exporter.py:1338 | Memulai pembuatan PDF stasiun BOJI _ 2026-02-05 18_04_37 UTC.
2026-08-15 03:50:03 | INFO     | utils.pdf_exporter | pdf_exporter.py:1845 | Laporan PDF berhasil dibuat: D:\Perkuliahan\Cadangan project\Project BSMA\outputs\reports\BSMA_Report_BOJI _ 2026-02-05 18_04_37 UTC.pdf
2026-08-18 22:27:47 | INFO     | root | logger.py:243 | ========================================
2026-08-18 22:27:47 | INFO     | root | logger.py:244 |  BSMA Logging Initialized
2026-08-18 22:27:47 | INFO     | root | logger.py:245 |  Log File : logs\bsma.log
2026-08-18 22:27:47 | INFO     | root | logger.py:246 |  Log Level: INFO
2026-08-18 22:27:47 | INFO     | root | logger.py:247 |  Max Size : 10485760 bytes
2026-08-18 22:27:47 | INFO     | root | logger.py:248 |  Backups  : 5
2026-08-18 22:27:47 | INFO     | root | logger.py:249 | ========================================
2026-08-18 22:29:22 | INFO     | root | logger.py:243 | ========================================
2026-08-18 22:29:22 | INFO     | root | logger.py:244 |  BSMA Logging Initialized
2026-08-18 22:29:22 | INFO     | root | logger.py:245 |  Log File : logs\bsma.log
2026-08-18 22:29:22 | INFO     | root | logger.py:246 |  Log Level: INFO
2026-08-18 22:29:22 | INFO     | root | logger.py:247 |  Max Size : 10485760 bytes
2026-08-18 22:29:22 | INFO     | root | logger.py:248 |  Backups  : 5
2026-08-18 22:29:22 | INFO     | root | logger.py:249 | ========================================
2026-08-18 22:29:32 | INFO     | services.analysis_service | qc.py:362 | QCAnalyzer initialized.
2026-08-18 22:29:32 | INFO     | services.analysis_service | qc.py:431 | Stream QC completed.
2026-08-18 22:29:32 | INFO     | services.analysis_service | orchestrator.py:171 | PipelineOrchestrator initialized.
2026-08-18 22:29:32 | INFO     | services.analysis_service | pipeline.py:279 | BSMA pipeline completed successfully.
2026-08-18 22:29:32 | INFO     | services.analysis_service | qc.py:362 | QCAnalyzer initialized.
2026-08-18 22:29:32 | INFO     | services.analysis_service | qc.py:431 | Stream QC completed.
2026-08-18 22:29:32 | INFO     | services.analysis_service | orchestrator.py:171 | PipelineOrchestrator initialized.
2026-08-18 22:29:32 | ERROR    | services.analysis_service | analysis_service.py:259 | BSMA analysis failed for trace XX.TEST.00.HNE.
Traceback (most recent call last):
  File "D:\Perkuliahan\Cadangan project\Project BSMA\services\analysis_service.py", line 248, in process_station_stream
    context = self._create_initial_context(
              ~~~~~~~~~~~~~~~~~~~~~~~~~~~~^
        trace=trace,
        ^^^^^^^^^^^^
        inventory=inventory,
        ^^^^^^^^^^^^^^^^^^^^
        qc_metrics=qc_report.trace_metrics[trace.id],
        ^^^^^^^^^^^^^^^^^^^^^^^^^^^^^^^^^^^^^^^^^^^^^
    ).add_history("FilterRecommendation", filter_decision)
    ^
  File "D:\Perkuliahan\Cadangan project\Project BSMA\services\analysis_service.py", line 354, in _create_initial_context
    raise AnalysisServiceError(
    ...<2 lines>...
    )
services.analysis_service.AnalysisServiceError: StationXML is absent for XX.TEST.00.HNE. Declare input_unit explicitly to confirm that the samples are acceleration.
2026-08-18 22:29:32 | INFO     | services.analysis_service | qc.py:362 | QCAnalyzer initialized.
2026-08-18 22:29:32 | INFO     | services.analysis_service | qc.py:362 | QCAnalyzer initialized.
2026-08-18 22:29:32 | INFO     | services.analysis_service | qc.py:431 | Stream QC completed.
2026-08-18 22:29:32 | INFO     | services.analysis_service | orchestrator.py:171 | PipelineOrchestrator initialized.
2026-08-18 22:29:32 | INFO     | services.analysis_service | pipeline.py:279 | BSMA pipeline completed successfully.
2026-08-18 22:29:33 | INFO     | services.analysis_service | qc.py:362 | QCAnalyzer initialized.
2026-08-18 22:29:33 | INFO     | services.analysis_service | qc.py:431 | Stream QC completed.
2026-08-18 22:29:33 | INFO     | services.analysis_service | orchestrator.py:171 | PipelineOrchestrator initialized.
2026-08-18 22:29:33 | INFO     | services.analysis_service | pipeline.py:279 | BSMA pipeline completed successfully.
2026-08-18 22:29:34 | INFO     | services.analysis_service | qc.py:362 | QCAnalyzer initialized.
2026-08-18 22:29:34 | INFO     | services.analysis_service | qc.py:431 | Stream QC completed.
2026-08-18 22:29:34 | INFO     | services.analysis_service | orchestrator.py:171 | PipelineOrchestrator initialized.
2026-08-18 22:29:34 | INFO     | services.analysis_service | pipeline.py:279 | BSMA pipeline completed successfully.
2026-08-18 22:29:34 | INFO     | utils.pdf_exporter | pdf_exporter.py:1439 | Memulai pembuatan PDF stasiun TEST.
2026-08-18 22:30:04 | INFO     | root | logger.py:243 | ========================================
2026-08-18 22:30:04 | INFO     | root | logger.py:244 |  BSMA Logging Initialized
2026-08-18 22:30:04 | INFO     | root | logger.py:245 |  Log File : logs\bsma.log
2026-08-18 22:30:04 | INFO     | root | logger.py:246 |  Log Level: INFO
2026-08-18 22:30:04 | INFO     | root | logger.py:247 |  Max Size : 10485760 bytes
2026-08-18 22:30:04 | INFO     | root | logger.py:248 |  Backups  : 5
2026-08-18 22:30:04 | INFO     | root | logger.py:249 | ========================================
2026-08-18 22:30:04 | INFO     | services.analysis_service | qc.py:362 | QCAnalyzer initialized.
2026-08-18 22:30:04 | INFO     | services.analysis_service | qc.py:431 | Stream QC completed.
2026-08-18 22:30:04 | INFO     | services.analysis_service | orchestrator.py:171 | PipelineOrchestrator initialized.
2026-08-18 22:30:04 | INFO     | services.analysis_service | pipeline.py:279 | BSMA pipeline completed successfully.
2026-08-18 22:30:04 | INFO     | utils.pdf_exporter | pdf_exporter.py:1439 | Memulai pembuatan PDF stasiun TEST.
2026-08-18 22:30:43 | INFO     | utils.pdf_exporter | pdf_exporter.py:1954 | Laporan PDF berhasil dibuat: C:\Users\USer\AppData\Local\Temp\pytest-of-USer\pytest-21\test_export_service_generates_0\report.pdf
2026-08-18 22:30:43 | INFO     | services.analysis_service | qc.py:362 | QCAnalyzer initialized.
2026-08-18 22:30:43 | INFO     | services.analysis_service | qc.py:431 | Stream QC completed.
2026-08-18 22:30:43 | INFO     | services.analysis_service | orchestrator.py:171 | PipelineOrchestrator initialized.
2026-08-18 22:30:43 | INFO     | services.analysis_service | pipeline.py:279 | BSMA pipeline completed successfully.
2026-08-18 22:30:43 | INFO     | utils.pdf_exporter | pdf_exporter.py:1439 | Memulai pembuatan PDF stasiun TEST.
2026-08-18 22:31:09 | INFO     | utils.pdf_exporter | pdf_exporter.py:1954 | Laporan PDF berhasil dibuat: C:\Users\USer\AppData\Local\Temp\pytest-of-USer\pytest-22\test_export_service_generates_0\report.pdf
2026-08-18 22:31:09 | INFO     | services.analysis_service | qc.py:362 | QCAnalyzer initialized.
2026-08-18 22:31:09 | INFO     | services.analysis_service | qc.py:431 | Stream QC completed.
2026-08-18 22:31:09 | INFO     | services.analysis_service | orchestrator.py:171 | PipelineOrchestrator initialized.
2026-08-18 22:31:09 | INFO     | services.analysis_service | pipeline.py:279 | BSMA pipeline completed successfully.
2026-08-18 22:31:09 | INFO     | utils.pdf_exporter | pdf_exporter.py:1439 | Memulai pembuatan PDF stasiun TEST.
2026-08-18 22:31:45 | INFO     | utils.pdf_exporter | pdf_exporter.py:1954 | Laporan PDF berhasil dibuat: C:\Users\USer\AppData\Local\Temp\pytest-of-USer\pytest-21\test_export_station_pdf_includ0\event_report.pdf
2026-08-18 22:31:46 | INFO     | core.pipeline | orchestrator.py:171 | PipelineOrchestrator initialized.
2026-08-18 22:31:46 | INFO     | core.pipeline | pipeline.py:279 | BSMA pipeline completed successfully.
2026-08-18 22:31:46 | INFO     | core.preprocessing.qc | qc.py:362 | QCAnalyzer initialized.
2026-08-18 22:31:46 | INFO     | core.preprocessing.qc | qc.py:431 | Stream QC completed.
2026-08-18 22:32:12 | INFO     | utils.pdf_exporter | pdf_exporter.py:1954 | Laporan PDF berhasil dibuat: C:\Users\USer\AppData\Local\Temp\pytest-of-USer\pytest-22\test_export_station_pdf_includ0\event_report.pdf
2026-08-18 22:32:13 | INFO     | root | logger.py:243 | ========================================
2026-08-18 22:32:13 | INFO     | root | logger.py:244 |  BSMA Logging Initialized
2026-08-18 22:32:13 | INFO     | root | logger.py:245 |  Log File : logs\bsma.log
2026-08-18 22:32:13 | INFO     | root | logger.py:246 |  Log Level: INFO
2026-08-18 22:32:13 | INFO     | root | logger.py:247 |  Max Size : 10485760 bytes
2026-08-18 22:32:13 | INFO     | root | logger.py:248 |  Backups  : 5
2026-08-18 22:32:13 | INFO     | root | logger.py:249 | ========================================
2026-08-18 22:32:27 | INFO     | root | logger.py:243 | ========================================
2026-08-18 22:32:27 | INFO     | root | logger.py:244 |  BSMA Logging Initialized
2026-08-18 22:32:27 | INFO     | root | logger.py:245 |  Log File : logs\bsma.log
2026-08-18 22:32:27 | INFO     | root | logger.py:246 |  Log Level: INFO
2026-08-18 22:32:27 | INFO     | root | logger.py:247 |  Max Size : 10485760 bytes
2026-08-18 22:32:27 | INFO     | root | logger.py:248 |  Backups  : 5
2026-08-18 22:32:27 | INFO     | root | logger.py:249 | ========================================
2026-08-18 22:32:27 | INFO     | services.analysis_service | qc.py:362 | QCAnalyzer initialized.
2026-08-18 22:32:27 | INFO     | services.analysis_service | qc.py:431 | Stream QC completed.
2026-08-18 22:32:27 | INFO     | services.analysis_service | orchestrator.py:171 | PipelineOrchestrator initialized.
2026-08-18 22:32:27 | INFO     | services.analysis_service | pipeline.py:279 | BSMA pipeline completed successfully.
2026-08-18 22:32:27 | INFO     | utils.pdf_exporter | pdf_exporter.py:1439 | Memulai pembuatan PDF stasiun TEST.
2026-08-18 22:33:29 | INFO     | utils.pdf_exporter | pdf_exporter.py:1954 | Laporan PDF berhasil dibuat: C:\Users\USer\AppData\Local\Temp\pytest-of-USer\pytest-23\test_export_service_generates_0\report.pdf
2026-08-18 22:33:29 | INFO     | services.analysis_service | qc.py:362 | QCAnalyzer initialized.
2026-08-18 22:33:29 | INFO     | services.analysis_service | qc.py:431 | Stream QC completed.
2026-08-18 22:33:29 | INFO     | services.analysis_service | orchestrator.py:171 | PipelineOrchestrator initialized.
2026-08-18 22:33:30 | INFO     | services.analysis_service | pipeline.py:279 | BSMA pipeline completed successfully.
2026-08-18 22:33:30 | INFO     | utils.pdf_exporter | pdf_exporter.py:1439 | Memulai pembuatan PDF stasiun TEST.
2026-08-18 22:34:34 | INFO     | utils.pdf_exporter | pdf_exporter.py:1954 | Laporan PDF berhasil dibuat: C:\Users\USer\AppData\Local\Temp\pytest-of-USer\pytest-23\test_export_station_pdf_includ0\event_report.pdf
2026-08-18 22:35:11 | INFO     | bsma.dashboard | qc.py:362 | QCAnalyzer initialized.
2026-08-18 22:35:11 | INFO     | bsma.dashboard | qc.py:431 | Stream QC completed.
2026-08-18 22:35:11 | INFO     | bsma.dashboard | orchestrator.py:171 | PipelineOrchestrator initialized.
2026-08-18 22:35:14 | INFO     | bsma.dashboard | pipeline.py:279 | BSMA pipeline completed successfully.
2026-08-18 22:35:14 | INFO     | bsma.dashboard | orchestrator.py:171 | PipelineOrchestrator initialized.
2026-08-18 22:35:17 | INFO     | bsma.dashboard | pipeline.py:279 | BSMA pipeline completed successfully.
2026-08-18 22:35:17 | INFO     | bsma.dashboard | orchestrator.py:171 | PipelineOrchestrator initialized.
2026-08-18 22:35:20 | INFO     | bsma.dashboard | pipeline.py:279 | BSMA pipeline completed successfully.
2026-08-18 22:58:15 | INFO     | root | logger.py:243 | ========================================
2026-08-18 22:58:15 | INFO     | root | logger.py:244 |  BSMA Logging Initialized
2026-08-18 22:58:15 | INFO     | root | logger.py:245 |  Log File : logs\bsma.log
2026-08-18 22:58:15 | INFO     | root | logger.py:246 |  Log Level: INFO
2026-08-18 22:58:15 | INFO     | root | logger.py:247 |  Max Size : 10485760 bytes
2026-08-18 22:58:15 | INFO     | root | logger.py:248 |  Backups  : 5
2026-08-18 22:58:15 | INFO     | root | logger.py:249 | ========================================
2026-08-18 22:58:15 | INFO     | services.analysis_service | qc.py:362 | QCAnalyzer initialized.
2026-08-18 22:58:15 | INFO     | services.analysis_service | qc.py:431 | Stream QC completed.
2026-08-18 22:58:15 | INFO     | services.analysis_service | orchestrator.py:171 | PipelineOrchestrator initialized.
2026-08-18 22:58:15 | INFO     | services.analysis_service | pipeline.py:279 | BSMA pipeline completed successfully.
2026-08-18 22:58:15 | INFO     | utils.pdf_exporter | pdf_exporter.py:1439 | Memulai pembuatan PDF stasiun TEST.
2026-08-18 22:59:35 | INFO     | root | logger.py:243 | ========================================
2026-08-18 22:59:35 | INFO     | root | logger.py:244 |  BSMA Logging Initialized
2026-08-18 22:59:35 | INFO     | root | logger.py:245 |  Log File : logs\bsma.log
2026-08-18 22:59:35 | INFO     | root | logger.py:246 |  Log Level: INFO
2026-08-18 22:59:35 | INFO     | root | logger.py:247 |  Max Size : 10485760 bytes
2026-08-18 22:59:35 | INFO     | root | logger.py:248 |  Backups  : 5
2026-08-18 22:59:35 | INFO     | root | logger.py:249 | ========================================
2026-08-18 22:59:50 | INFO     | utils.pdf_exporter | pdf_exporter.py:1954 | Laporan PDF berhasil dibuat: C:\Users\USer\AppData\Local\Temp\pytest-of-USer\pytest-24\test_export_service_generates_0\report.pdf
2026-08-18 22:59:50 | INFO     | services.analysis_service | qc.py:362 | QCAnalyzer initialized.
2026-08-18 22:59:50 | INFO     | services.analysis_service | qc.py:431 | Stream QC completed.
2026-08-18 22:59:50 | INFO     | services.analysis_service | orchestrator.py:171 | PipelineOrchestrator initialized.
2026-08-18 22:59:50 | INFO     | services.analysis_service | pipeline.py:279 | BSMA pipeline completed successfully.
2026-08-18 22:59:50 | INFO     | utils.pdf_exporter | pdf_exporter.py:1439 | Memulai pembuatan PDF stasiun TEST.
2026-08-18 23:00:58 | INFO     | utils.pdf_exporter | pdf_exporter.py:1954 | Laporan PDF berhasil dibuat: C:\Users\USer\AppData\Local\Temp\pytest-of-USer\pytest-24\test_export_station_pdf_includ0\event_report.pdf
2026-08-18 23:04:46 | INFO     | bsma.dashboard | qc.py:362 | QCAnalyzer initialized.
2026-08-18 23:04:46 | INFO     | bsma.dashboard | qc.py:431 | Stream QC completed.
2026-08-18 23:04:46 | INFO     | bsma.dashboard | orchestrator.py:171 | PipelineOrchestrator initialized.
2026-08-18 23:04:47 | INFO     | bsma.dashboard | pipeline.py:279 | BSMA pipeline completed successfully.
2026-08-18 23:04:47 | INFO     | bsma.dashboard | orchestrator.py:171 | PipelineOrchestrator initialized.
2026-08-18 23:04:49 | INFO     | bsma.dashboard | pipeline.py:279 | BSMA pipeline completed successfully.
2026-08-18 23:04:49 | INFO     | bsma.dashboard | orchestrator.py:171 | PipelineOrchestrator initialized.
2026-08-18 23:04:51 | INFO     | bsma.dashboard | pipeline.py:279 | BSMA pipeline completed successfully.
2026-08-18 23:08:14 | INFO     | bsma.dashboard | qc.py:362 | QCAnalyzer initialized.
2026-08-18 23:08:14 | INFO     | bsma.dashboard | qc.py:431 | Stream QC completed.
2026-08-18 23:08:14 | INFO     | bsma.dashboard | orchestrator.py:171 | PipelineOrchestrator initialized.
2026-08-18 23:08:16 | INFO     | bsma.dashboard | pipeline.py:279 | BSMA pipeline completed successfully.
2026-08-18 23:08:16 | INFO     | bsma.dashboard | orchestrator.py:171 | PipelineOrchestrator initialized.
2026-08-18 23:08:17 | INFO     | bsma.dashboard | pipeline.py:279 | BSMA pipeline completed successfully.
2026-08-18 23:08:17 | INFO     | bsma.dashboard | orchestrator.py:171 | PipelineOrchestrator initialized.
2026-08-18 23:08:19 | INFO     | bsma.dashboard | pipeline.py:279 | BSMA pipeline completed successfully.
2026-08-18 23:08:23 | INFO     | bsma.dashboard | qc.py:362 | QCAnalyzer initialized.
2026-08-18 23:08:23 | INFO     | bsma.dashboard | qc.py:431 | Stream QC completed.
2026-08-18 23:08:23 | INFO     | bsma.dashboard | orchestrator.py:171 | PipelineOrchestrator initialized.
2026-08-18 23:08:25 | INFO     | bsma.dashboard | pipeline.py:279 | BSMA pipeline completed successfully.
2026-08-18 23:08:25 | INFO     | bsma.dashboard | orchestrator.py:171 | PipelineOrchestrator initialized.
2026-08-18 23:08:26 | INFO     | bsma.dashboard | pipeline.py:279 | BSMA pipeline completed successfully.
2026-08-18 23:08:26 | INFO     | bsma.dashboard | orchestrator.py:171 | PipelineOrchestrator initialized.
2026-08-18 23:08:28 | INFO     | bsma.dashboard | pipeline.py:279 | BSMA pipeline completed successfully.
2026-08-18 23:09:18 | INFO     | bsma.dashboard | qc.py:362 | QCAnalyzer initialized.
2026-08-18 23:09:18 | INFO     | bsma.dashboard | qc.py:431 | Stream QC completed.
2026-08-18 23:09:18 | INFO     | bsma.dashboard | orchestrator.py:171 | PipelineOrchestrator initialized.
2026-08-18 23:09:19 | INFO     | bsma.dashboard | pipeline.py:279 | BSMA pipeline completed successfully.
2026-08-18 23:09:19 | INFO     | bsma.dashboard | orchestrator.py:171 | PipelineOrchestrator initialized.
2026-08-18 23:09:21 | INFO     | bsma.dashboard | pipeline.py:279 | BSMA pipeline completed successfully.
2026-08-18 23:09:21 | INFO     | bsma.dashboard | orchestrator.py:171 | PipelineOrchestrator initialized.
2026-08-18 23:09:23 | INFO     | bsma.dashboard | pipeline.py:279 | BSMA pipeline completed successfully.
2026-08-18 23:09:27 | INFO     | bsma.dashboard | qc.py:362 | QCAnalyzer initialized.
2026-08-18 23:09:27 | INFO     | bsma.dashboard | qc.py:431 | Stream QC completed.
2026-08-18 23:09:27 | INFO     | bsma.dashboard | orchestrator.py:171 | PipelineOrchestrator initialized.
2026-08-18 23:09:29 | INFO     | bsma.dashboard | pipeline.py:279 | BSMA pipeline completed successfully.
2026-08-18 23:09:29 | INFO     | bsma.dashboard | orchestrator.py:171 | PipelineOrchestrator initialized.
2026-08-18 23:09:31 | INFO     | bsma.dashboard | pipeline.py:279 | BSMA pipeline completed successfully.
2026-08-18 23:09:31 | INFO     | bsma.dashboard | orchestrator.py:171 | PipelineOrchestrator initialized.
2026-08-18 23:09:32 | INFO     | bsma.dashboard | pipeline.py:279 | BSMA pipeline completed successfully.
2026-08-18 23:11:19 | INFO     | root | logger.py:243 | ========================================
2026-08-18 23:11:19 | INFO     | root | logger.py:244 |  BSMA Logging Initialized
2026-08-18 23:11:19 | INFO     | root | logger.py:245 |  Log File : logs\bsma.log
2026-08-18 23:11:19 | INFO     | root | logger.py:246 |  Log Level: INFO
2026-08-18 23:11:19 | INFO     | root | logger.py:247 |  Max Size : 10485760 bytes
2026-08-18 23:11:19 | INFO     | root | logger.py:248 |  Backups  : 5
2026-08-18 23:11:19 | INFO     | root | logger.py:249 | ========================================
2026-08-18 23:11:19 | INFO     | services.analysis_service | qc.py:362 | QCAnalyzer initialized.
2026-08-18 23:11:19 | INFO     | services.analysis_service | qc.py:431 | Stream QC completed.
2026-08-18 23:11:19 | INFO     | services.analysis_service | orchestrator.py:171 | PipelineOrchestrator initialized.
2026-08-18 23:11:19 | INFO     | services.analysis_service | pipeline.py:279 | BSMA pipeline completed successfully.
2026-08-18 23:11:19 | INFO     | utils.pdf_exporter | pdf_exporter.py:1439 | Memulai pembuatan PDF stasiun TEST.
2026-08-18 23:11:43 | INFO     | root | logger.py:243 | ========================================
2026-08-18 23:11:43 | INFO     | root | logger.py:244 |  BSMA Logging Initialized
2026-08-18 23:11:43 | INFO     | root | logger.py:245 |  Log File : logs\bsma.log
2026-08-18 23:11:43 | INFO     | root | logger.py:246 |  Log Level: INFO
2026-08-18 23:11:43 | INFO     | root | logger.py:247 |  Max Size : 10485760 bytes
2026-08-18 23:11:43 | INFO     | root | logger.py:248 |  Backups  : 5
2026-08-18 23:11:43 | INFO     | root | logger.py:249 | ========================================
2026-08-18 23:12:11 | INFO     | utils.pdf_exporter | pdf_exporter.py:1954 | Laporan PDF berhasil dibuat: C:\Users\USer\AppData\Local\Temp\pytest-of-USer\pytest-25\test_export_service_generates_0\report.pdf
2026-08-18 23:12:11 | INFO     | services.analysis_service | qc.py:362 | QCAnalyzer initialized.
2026-08-18 23:12:11 | INFO     | services.analysis_service | qc.py:431 | Stream QC completed.
2026-08-18 23:12:11 | INFO     | services.analysis_service | orchestrator.py:171 | PipelineOrchestrator initialized.
2026-08-18 23:12:11 | INFO     | services.analysis_service | pipeline.py:279 | BSMA pipeline completed successfully.
2026-08-18 23:12:11 | INFO     | utils.pdf_exporter | pdf_exporter.py:1439 | Memulai pembuatan PDF stasiun TEST.
2026-08-18 23:13:10 | INFO     | utils.pdf_exporter | pdf_exporter.py:1954 | Laporan PDF berhasil dibuat: C:\Users\USer\AppData\Local\Temp\pytest-of-USer\pytest-25\test_export_station_pdf_includ0\event_report.pdf
2026-08-18 23:13:22 | INFO     | bsma.dashboard | qc.py:362 | QCAnalyzer initialized.
2026-08-18 23:13:22 | INFO     | bsma.dashboard | qc.py:431 | Stream QC completed.
2026-08-18 23:13:22 | INFO     | bsma.dashboard | orchestrator.py:171 | PipelineOrchestrator initialized.
2026-08-18 23:13:24 | INFO     | bsma.dashboard | pipeline.py:279 | BSMA pipeline completed successfully.
2026-08-18 23:13:24 | INFO     | bsma.dashboard | orchestrator.py:171 | PipelineOrchestrator initialized.
2026-08-18 23:13:26 | INFO     | bsma.dashboard | pipeline.py:279 | BSMA pipeline completed successfully.
2026-08-18 23:13:26 | INFO     | bsma.dashboard | orchestrator.py:171 | PipelineOrchestrator initialized.
2026-08-18 23:13:28 | INFO     | bsma.dashboard | pipeline.py:279 | BSMA pipeline completed successfully.
2026-08-18 23:13:28 | INFO     | bsma.dashboard | qc.py:362 | QCAnalyzer initialized.
2026-08-18 23:13:28 | INFO     | bsma.dashboard | qc.py:431 | Stream QC completed.
2026-08-18 23:13:28 | INFO     | bsma.dashboard | orchestrator.py:171 | PipelineOrchestrator initialized.
2026-08-18 23:13:30 | INFO     | bsma.dashboard | pipeline.py:279 | BSMA pipeline completed successfully.
2026-08-18 23:13:30 | INFO     | bsma.dashboard | orchestrator.py:171 | PipelineOrchestrator initialized.
2026-08-18 23:13:32 | INFO     | bsma.dashboard | pipeline.py:279 | BSMA pipeline completed successfully.
2026-08-18 23:13:32 | INFO     | bsma.dashboard | orchestrator.py:171 | PipelineOrchestrator initialized.
2026-08-18 23:13:33 | INFO     | bsma.dashboard | pipeline.py:279 | BSMA pipeline completed successfully.
2026-08-18 23:15:57 | INFO     | utils.pdf_exporter | pdf_exporter.py:1439 | Memulai pembuatan PDF stasiun PPJR _ 2026-02-05 18_04_27 UTC.
2026-08-18 23:17:46 | INFO     | utils.pdf_exporter | pdf_exporter.py:1954 | Laporan PDF berhasil dibuat: D:\Perkuliahan\Cadangan project\Project BSMA\outputs\reports\BSMA_Report_PPJR _ 2026-02-05 18_04_27 UTC.pdf
2026-08-18 23:20:14 | INFO     | bsma.dashboard | qc.py:362 | QCAnalyzer initialized.
2026-08-18 23:20:14 | INFO     | bsma.dashboard | qc.py:431 | Stream QC completed.
2026-08-18 23:20:14 | INFO     | bsma.dashboard | orchestrator.py:171 | PipelineOrchestrator initialized.
2026-08-18 23:20:15 | INFO     | bsma.dashboard | pipeline.py:279 | BSMA pipeline completed successfully.
2026-08-18 23:20:15 | INFO     | bsma.dashboard | orchestrator.py:171 | PipelineOrchestrator initialized.
2026-08-18 23:20:17 | INFO     | bsma.dashboard | pipeline.py:279 | BSMA pipeline completed successfully.
2026-08-18 23:20:17 | INFO     | bsma.dashboard | orchestrator.py:171 | PipelineOrchestrator initialized.
2026-08-18 23:20:18 | INFO     | bsma.dashboard | pipeline.py:279 | BSMA pipeline completed successfully.
2026-08-18 23:20:18 | INFO     | bsma.dashboard | qc.py:431 | Stream QC completed.
2026-08-18 23:20:18 | INFO     | bsma.dashboard | orchestrator.py:171 | PipelineOrchestrator initialized.
2026-08-18 23:20:20 | INFO     | bsma.dashboard | pipeline.py:279 | BSMA pipeline completed successfully.
2026-08-18 23:20:20 | INFO     | bsma.dashboard | orchestrator.py:171 | PipelineOrchestrator initialized.
2026-08-18 23:20:21 | INFO     | bsma.dashboard | pipeline.py:279 | BSMA pipeline completed successfully.
2026-08-18 23:20:21 | INFO     | bsma.dashboard | orchestrator.py:171 | PipelineOrchestrator initialized.
2026-08-18 23:20:22 | INFO     | bsma.dashboard | pipeline.py:279 | BSMA pipeline completed successfully.
2026-08-18 23:20:22 | INFO     | bsma.dashboard | qc.py:431 | Stream QC completed.
2026-08-18 23:20:22 | INFO     | bsma.dashboard | orchestrator.py:171 | PipelineOrchestrator initialized.
2026-08-18 23:20:24 | INFO     | bsma.dashboard | pipeline.py:279 | BSMA pipeline completed successfully.
2026-08-18 23:20:24 | INFO     | bsma.dashboard | orchestrator.py:171 | PipelineOrchestrator initialized.
2026-08-18 23:20:25 | INFO     | bsma.dashboard | pipeline.py:279 | BSMA pipeline completed successfully.
2026-08-18 23:20:25 | INFO     | bsma.dashboard | orchestrator.py:171 | PipelineOrchestrator initialized.
2026-08-18 23:20:26 | INFO     | bsma.dashboard | pipeline.py:279 | BSMA pipeline completed successfully.
2026-08-18 23:20:26 | INFO     | bsma.dashboard | qc.py:431 | Stream QC completed.
2026-08-18 23:20:26 | INFO     | bsma.dashboard | orchestrator.py:171 | PipelineOrchestrator initialized.
2026-08-18 23:20:28 | INFO     | bsma.dashboard | pipeline.py:279 | BSMA pipeline completed successfully.
2026-08-18 23:20:28 | INFO     | bsma.dashboard | orchestrator.py:171 | PipelineOrchestrator initialized.
2026-08-18 23:20:29 | INFO     | bsma.dashboard | pipeline.py:279 | BSMA pipeline completed successfully.
2026-08-18 23:20:29 | INFO     | bsma.dashboard | orchestrator.py:171 | PipelineOrchestrator initialized.
2026-08-18 23:20:30 | INFO     | bsma.dashboard | pipeline.py:279 | BSMA pipeline completed successfully.
2026-08-18 23:20:31 | INFO     | bsma.dashboard | qc.py:431 | Stream QC completed.
2026-08-18 23:20:31 | INFO     | bsma.dashboard | orchestrator.py:171 | PipelineOrchestrator initialized.
2026-08-18 23:20:32 | INFO     | bsma.dashboard | pipeline.py:279 | BSMA pipeline completed successfully.
2026-08-18 23:20:32 | INFO     | bsma.dashboard | orchestrator.py:171 | PipelineOrchestrator initialized.
2026-08-18 23:20:33 | INFO     | bsma.dashboard | pipeline.py:279 | BSMA pipeline completed successfully.
2026-08-18 23:20:33 | INFO     | bsma.dashboard | orchestrator.py:171 | PipelineOrchestrator initialized.
2026-08-18 23:20:35 | INFO     | bsma.dashboard | pipeline.py:279 | BSMA pipeline completed successfully.
2026-08-18 23:20:35 | INFO     | bsma.dashboard | qc.py:431 | Stream QC completed.
2026-08-18 23:20:35 | INFO     | bsma.dashboard | orchestrator.py:171 | PipelineOrchestrator initialized.
2026-08-18 23:20:36 | INFO     | bsma.dashboard | pipeline.py:279 | BSMA pipeline completed successfully.
2026-08-18 23:20:36 | INFO     | bsma.dashboard | orchestrator.py:171 | PipelineOrchestrator initialized.
2026-08-18 23:20:38 | INFO     | bsma.dashboard | pipeline.py:279 | BSMA pipeline completed successfully.
2026-08-18 23:20:38 | INFO     | bsma.dashboard | orchestrator.py:171 | PipelineOrchestrator initialized.
2026-08-18 23:20:39 | INFO     | bsma.dashboard | pipeline.py:279 | BSMA pipeline completed successfully.
2026-08-18 23:20:39 | INFO     | bsma.dashboard | qc.py:431 | Stream QC completed.
2026-08-18 23:20:39 | INFO     | bsma.dashboard | orchestrator.py:171 | PipelineOrchestrator initialized.
2026-08-18 23:20:41 | INFO     | bsma.dashboard | pipeline.py:279 | BSMA pipeline completed successfully.
2026-08-18 23:20:41 | INFO     | bsma.dashboard | orchestrator.py:171 | PipelineOrchestrator initialized.
2026-08-18 23:20:43 | INFO     | bsma.dashboard | pipeline.py:279 | BSMA pipeline completed successfully.
2026-08-18 23:20:43 | INFO     | bsma.dashboard | orchestrator.py:171 | PipelineOrchestrator initialized.
2026-08-18 23:20:45 | INFO     | bsma.dashboard | pipeline.py:279 | BSMA pipeline completed successfully.
2026-08-18 23:20:45 | INFO     | bsma.dashboard | qc.py:431 | Stream QC completed.
2026-08-18 23:20:45 | INFO     | bsma.dashboard | orchestrator.py:171 | PipelineOrchestrator initialized.
2026-08-18 23:20:47 | INFO     | bsma.dashboard | pipeline.py:279 | BSMA pipeline completed successfully.
2026-08-18 23:20:47 | INFO     | bsma.dashboard | orchestrator.py:171 | PipelineOrchestrator initialized.
2026-08-18 23:20:48 | INFO     | bsma.dashboard | pipeline.py:279 | BSMA pipeline completed successfully.
2026-08-18 23:20:48 | INFO     | bsma.dashboard | orchestrator.py:171 | PipelineOrchestrator initialized.
2026-08-18 23:20:49 | INFO     | bsma.dashboard | pipeline.py:279 | BSMA pipeline completed successfully.
2026-08-18 23:20:49 | INFO     | bsma.dashboard | qc.py:431 | Stream QC completed.
2026-08-18 23:20:49 | INFO     | bsma.dashboard | orchestrator.py:171 | PipelineOrchestrator initialized.
2026-08-18 23:20:50 | INFO     | bsma.dashboard | pipeline.py:279 | BSMA pipeline completed successfully.
2026-08-18 23:20:50 | INFO     | bsma.dashboard | orchestrator.py:171 | PipelineOrchestrator initialized.
2026-08-18 23:20:51 | INFO     | bsma.dashboard | pipeline.py:279 | BSMA pipeline completed successfully.
2026-08-18 23:20:51 | INFO     | bsma.dashboard | orchestrator.py:171 | PipelineOrchestrator initialized.
2026-08-18 23:20:52 | INFO     | bsma.dashboard | pipeline.py:279 | BSMA pipeline completed successfully.
2026-08-18 23:20:52 | INFO     | bsma.dashboard | qc.py:431 | Stream QC completed.
2026-08-18 23:20:52 | INFO     | bsma.dashboard | orchestrator.py:171 | PipelineOrchestrator initialized.
2026-08-18 23:20:54 | INFO     | bsma.dashboard | pipeline.py:279 | BSMA pipeline completed successfully.
2026-08-18 23:20:54 | INFO     | bsma.dashboard | orchestrator.py:171 | PipelineOrchestrator initialized.
2026-08-18 23:20:55 | INFO     | bsma.dashboard | pipeline.py:279 | BSMA pipeline completed successfully.
2026-08-18 23:20:55 | INFO     | bsma.dashboard | orchestrator.py:171 | PipelineOrchestrator initialized.
2026-08-18 23:20:56 | INFO     | bsma.dashboard | pipeline.py:279 | BSMA pipeline completed successfully.
2026-08-18 23:20:56 | INFO     | bsma.dashboard | qc.py:431 | Stream QC completed.
2026-08-18 23:20:56 | INFO     | bsma.dashboard | orchestrator.py:171 | PipelineOrchestrator initialized.
2026-08-18 23:20:57 | INFO     | bsma.dashboard | pipeline.py:279 | BSMA pipeline completed successfully.
2026-08-18 23:20:57 | INFO     | bsma.dashboard | orchestrator.py:171 | PipelineOrchestrator initialized.
2026-08-18 23:20:59 | INFO     | bsma.dashboard | pipeline.py:279 | BSMA pipeline completed successfully.
2026-08-18 23:20:59 | INFO     | bsma.dashboard | orchestrator.py:171 | PipelineOrchestrator initialized.
2026-08-18 23:21:00 | INFO     | bsma.dashboard | pipeline.py:279 | BSMA pipeline completed successfully.
2026-08-18 23:21:00 | INFO     | bsma.dashboard | qc.py:431 | Stream QC completed.
2026-08-18 23:21:00 | INFO     | bsma.dashboard | orchestrator.py:171 | PipelineOrchestrator initialized.
2026-08-18 23:21:01 | INFO     | bsma.dashboard | pipeline.py:279 | BSMA pipeline completed successfully.
2026-08-18 23:21:01 | INFO     | bsma.dashboard | orchestrator.py:171 | PipelineOrchestrator initialized.
2026-08-18 23:21:03 | INFO     | bsma.dashboard | pipeline.py:279 | BSMA pipeline completed successfully.
2026-08-18 23:21:03 | INFO     | bsma.dashboard | orchestrator.py:171 | PipelineOrchestrator initialized.
2026-08-18 23:21:04 | INFO     | bsma.dashboard | pipeline.py:279 | BSMA pipeline completed successfully.
2026-08-18 23:21:04 | INFO     | bsma.dashboard | qc.py:431 | Stream QC completed.
2026-08-18 23:21:04 | INFO     | bsma.dashboard | orchestrator.py:171 | PipelineOrchestrator initialized.
2026-08-18 23:21:05 | INFO     | bsma.dashboard | pipeline.py:279 | BSMA pipeline completed successfully.
2026-08-18 23:21:05 | INFO     | bsma.dashboard | orchestrator.py:171 | PipelineOrchestrator initialized.
2026-08-18 23:21:06 | INFO     | bsma.dashboard | pipeline.py:279 | BSMA pipeline completed successfully.
2026-08-18 23:21:06 | INFO     | bsma.dashboard | orchestrator.py:171 | PipelineOrchestrator initialized.
2026-08-18 23:21:08 | INFO     | bsma.dashboard | pipeline.py:279 | BSMA pipeline completed successfully.
2026-08-18 23:21:08 | INFO     | bsma.dashboard | qc.py:431 | Stream QC completed.
2026-08-18 23:21:08 | INFO     | bsma.dashboard | orchestrator.py:171 | PipelineOrchestrator initialized.
2026-08-18 23:21:09 | INFO     | bsma.dashboard | pipeline.py:279 | BSMA pipeline completed successfully.
2026-08-18 23:21:09 | INFO     | bsma.dashboard | orchestrator.py:171 | PipelineOrchestrator initialized.
2026-08-18 23:21:10 | INFO     | bsma.dashboard | pipeline.py:279 | BSMA pipeline completed successfully.
2026-08-18 23:21:10 | INFO     | bsma.dashboard | orchestrator.py:171 | PipelineOrchestrator initialized.
2026-08-18 23:21:12 | INFO     | bsma.dashboard | pipeline.py:279 | BSMA pipeline completed successfully.
2026-08-18 23:21:12 | INFO     | bsma.dashboard | qc.py:431 | Stream QC completed.
2026-08-18 23:21:12 | INFO     | bsma.dashboard | orchestrator.py:171 | PipelineOrchestrator initialized.
2026-08-18 23:21:13 | INFO     | bsma.dashboard | pipeline.py:279 | BSMA pipeline completed successfully.
2026-08-18 23:21:13 | INFO     | bsma.dashboard | orchestrator.py:171 | PipelineOrchestrator initialized.
2026-08-18 23:21:14 | INFO     | bsma.dashboard | pipeline.py:279 | BSMA pipeline completed successfully.
2026-08-18 23:21:14 | INFO     | bsma.dashboard | orchestrator.py:171 | PipelineOrchestrator initialized.
2026-08-18 23:21:16 | INFO     | bsma.dashboard | pipeline.py:279 | BSMA pipeline completed successfully.
2026-08-18 23:21:16 | INFO     | bsma.dashboard | qc.py:431 | Stream QC completed.
2026-08-18 23:21:16 | INFO     | bsma.dashboard | orchestrator.py:171 | PipelineOrchestrator initialized.
2026-08-18 23:21:18 | INFO     | bsma.dashboard | pipeline.py:279 | BSMA pipeline completed successfully.
2026-08-18 23:21:18 | INFO     | bsma.dashboard | orchestrator.py:171 | PipelineOrchestrator initialized.
2026-08-18 23:21:19 | INFO     | bsma.dashboard | pipeline.py:279 | BSMA pipeline completed successfully.
2026-08-18 23:21:19 | INFO     | bsma.dashboard | orchestrator.py:171 | PipelineOrchestrator initialized.
2026-08-18 23:21:21 | INFO     | bsma.dashboard | pipeline.py:279 | BSMA pipeline completed successfully.
2026-08-18 23:21:21 | INFO     | bsma.dashboard | qc.py:431 | Stream QC completed.
2026-08-18 23:21:21 | INFO     | bsma.dashboard | orchestrator.py:171 | PipelineOrchestrator initialized.
2026-08-18 23:21:23 | INFO     | bsma.dashboard | pipeline.py:279 | BSMA pipeline completed successfully.
2026-08-18 23:21:23 | INFO     | bsma.dashboard | orchestrator.py:171 | PipelineOrchestrator initialized.
2026-08-18 23:21:25 | INFO     | bsma.dashboard | pipeline.py:279 | BSMA pipeline completed successfully.
2026-08-18 23:21:25 | INFO     | bsma.dashboard | orchestrator.py:171 | PipelineOrchestrator initialized.
2026-08-18 23:21:26 | INFO     | bsma.dashboard | pipeline.py:279 | BSMA pipeline completed successfully.
2026-08-18 23:21:26 | INFO     | bsma.dashboard | qc.py:431 | Stream QC completed.
2026-08-18 23:21:26 | INFO     | bsma.dashboard | orchestrator.py:171 | PipelineOrchestrator initialized.
2026-08-18 23:21:28 | INFO     | bsma.dashboard | pipeline.py:279 | BSMA pipeline completed successfully.
2026-08-18 23:21:28 | INFO     | bsma.dashboard | orchestrator.py:171 | PipelineOrchestrator initialized.
2026-08-18 23:21:29 | INFO     | bsma.dashboard | pipeline.py:279 | BSMA pipeline completed successfully.
2026-08-18 23:21:29 | INFO     | bsma.dashboard | orchestrator.py:171 | PipelineOrchestrator initialized.
2026-08-18 23:21:30 | INFO     | bsma.dashboard | pipeline.py:279 | BSMA pipeline completed successfully.
2026-08-18 23:21:30 | INFO     | bsma.dashboard | qc.py:431 | Stream QC completed.
2026-08-18 23:21:30 | INFO     | bsma.dashboard | orchestrator.py:171 | PipelineOrchestrator initialized.
2026-08-18 23:21:31 | INFO     | bsma.dashboard | pipeline.py:279 | BSMA pipeline completed successfully.
2026-08-18 23:21:31 | INFO     | bsma.dashboard | orchestrator.py:171 | PipelineOrchestrator initialized.
2026-08-18 23:21:33 | INFO     | bsma.dashboard | pipeline.py:279 | BSMA pipeline completed successfully.
2026-08-18 23:21:33 | INFO     | bsma.dashboard | orchestrator.py:171 | PipelineOrchestrator initialized.
2026-08-18 23:21:34 | INFO     | bsma.dashboard | pipeline.py:279 | BSMA pipeline completed successfully.
2026-08-18 23:21:34 | INFO     | bsma.dashboard | qc.py:431 | Stream QC completed.
2026-08-18 23:21:34 | INFO     | bsma.dashboard | orchestrator.py:171 | PipelineOrchestrator initialized.
2026-08-18 23:21:35 | INFO     | bsma.dashboard | pipeline.py:279 | BSMA pipeline completed successfully.
2026-08-18 23:21:35 | INFO     | bsma.dashboard | orchestrator.py:171 | PipelineOrchestrator initialized.
2026-08-18 23:21:37 | INFO     | bsma.dashboard | pipeline.py:279 | BSMA pipeline completed successfully.
2026-08-18 23:21:37 | INFO     | bsma.dashboard | orchestrator.py:171 | PipelineOrchestrator initialized.
2026-08-18 23:21:38 | INFO     | bsma.dashboard | pipeline.py:279 | BSMA pipeline completed successfully.
2026-08-18 23:21:38 | INFO     | bsma.dashboard | qc.py:431 | Stream QC completed.
2026-08-18 23:21:38 | INFO     | bsma.dashboard | orchestrator.py:171 | PipelineOrchestrator initialized.
2026-08-18 23:21:39 | INFO     | bsma.dashboard | pipeline.py:279 | BSMA pipeline completed successfully.
2026-08-18 23:21:39 | INFO     | bsma.dashboard | orchestrator.py:171 | PipelineOrchestrator initialized.
2026-08-18 23:21:41 | INFO     | bsma.dashboard | pipeline.py:279 | BSMA pipeline completed successfully.
2026-08-18 23:21:41 | INFO     | bsma.dashboard | orchestrator.py:171 | PipelineOrchestrator initialized.
2026-08-18 23:21:42 | INFO     | bsma.dashboard | pipeline.py:279 | BSMA pipeline completed successfully.
2026-08-18 23:21:42 | INFO     | bsma.dashboard | qc.py:431 | Stream QC completed.
2026-08-18 23:21:42 | INFO     | bsma.dashboard | orchestrator.py:171 | PipelineOrchestrator initialized.
2026-08-18 23:21:43 | INFO     | bsma.dashboard | pipeline.py:279 | BSMA pipeline completed successfully.
2026-08-18 23:21:43 | INFO     | bsma.dashboard | orchestrator.py:171 | PipelineOrchestrator initialized.
2026-08-18 23:21:45 | INFO     | bsma.dashboard | pipeline.py:279 | BSMA pipeline completed successfully.
2026-08-18 23:21:45 | INFO     | bsma.dashboard | orchestrator.py:171 | PipelineOrchestrator initialized.
2026-08-18 23:21:46 | INFO     | bsma.dashboard | pipeline.py:279 | BSMA pipeline completed successfully.
2026-08-18 23:21:46 | INFO     | bsma.dashboard | qc.py:431 | Stream QC completed.
2026-08-18 23:21:46 | INFO     | bsma.dashboard | orchestrator.py:171 | PipelineOrchestrator initialized.
2026-08-18 23:21:47 | INFO     | bsma.dashboard | pipeline.py:279 | BSMA pipeline completed successfully.
2026-08-18 23:21:47 | INFO     | bsma.dashboard | orchestrator.py:171 | PipelineOrchestrator initialized.
2026-08-18 23:21:48 | INFO     | bsma.dashboard | pipeline.py:279 | BSMA pipeline completed successfully.
2026-08-18 23:21:48 | INFO     | bsma.dashboard | orchestrator.py:171 | PipelineOrchestrator initialized.
2026-08-18 23:21:49 | INFO     | bsma.dashboard | pipeline.py:279 | BSMA pipeline completed successfully.
2026-08-18 23:21:50 | INFO     | bsma.dashboard | qc.py:431 | Stream QC completed.
2026-08-18 23:21:50 | INFO     | bsma.dashboard | orchestrator.py:171 | PipelineOrchestrator initialized.
2026-08-18 23:21:51 | INFO     | bsma.dashboard | pipeline.py:279 | BSMA pipeline completed successfully.
2026-08-18 23:21:51 | INFO     | bsma.dashboard | orchestrator.py:171 | PipelineOrchestrator initialized.
2026-08-18 23:21:52 | INFO     | bsma.dashboard | pipeline.py:279 | BSMA pipeline completed successfully.
2026-08-18 23:21:52 | INFO     | bsma.dashboard | orchestrator.py:171 | PipelineOrchestrator initialized.
2026-08-18 23:21:54 | INFO     | bsma.dashboard | pipeline.py:279 | BSMA pipeline completed successfully.
2026-08-18 23:21:54 | INFO     | bsma.dashboard | qc.py:431 | Stream QC completed.
2026-08-18 23:21:54 | INFO     | bsma.dashboard | orchestrator.py:171 | PipelineOrchestrator initialized.
2026-08-18 23:21:55 | INFO     | bsma.dashboard | pipeline.py:279 | BSMA pipeline completed successfully.
2026-08-18 23:21:55 | INFO     | bsma.dashboard | orchestrator.py:171 | PipelineOrchestrator initialized.
2026-08-18 23:21:56 | INFO     | bsma.dashboard | pipeline.py:279 | BSMA pipeline completed successfully.
2026-08-18 23:21:56 | INFO     | bsma.dashboard | orchestrator.py:171 | PipelineOrchestrator initialized.
2026-08-18 23:21:58 | INFO     | bsma.dashboard | pipeline.py:279 | BSMA pipeline completed successfully.
2026-08-18 23:21:58 | INFO     | bsma.dashboard | qc.py:431 | Stream QC completed.
2026-08-18 23:21:58 | INFO     | bsma.dashboard | orchestrator.py:171 | PipelineOrchestrator initialized.
2026-08-18 23:21:59 | INFO     | bsma.dashboard | pipeline.py:279 | BSMA pipeline completed successfully.
2026-08-18 23:21:59 | INFO     | bsma.dashboard | orchestrator.py:171 | PipelineOrchestrator initialized.
2026-08-18 23:22:00 | INFO     | bsma.dashboard | pipeline.py:279 | BSMA pipeline completed successfully.
2026-08-18 23:22:00 | INFO     | bsma.dashboard | orchestrator.py:171 | PipelineOrchestrator initialized.
2026-08-18 23:22:01 | INFO     | bsma.dashboard | pipeline.py:279 | BSMA pipeline completed successfully.
2026-08-18 23:22:01 | INFO     | bsma.dashboard | qc.py:431 | Stream QC completed.
2026-08-18 23:22:01 | INFO     | bsma.dashboard | orchestrator.py:171 | PipelineOrchestrator initialized.
2026-08-18 23:22:02 | INFO     | bsma.dashboard | pipeline.py:279 | BSMA pipeline completed successfully.
2026-08-18 23:22:02 | INFO     | bsma.dashboard | orchestrator.py:171 | PipelineOrchestrator initialized.
2026-08-18 23:22:04 | INFO     | bsma.dashboard | pipeline.py:279 | BSMA pipeline completed successfully.
2026-08-18 23:22:04 | INFO     | bsma.dashboard | orchestrator.py:171 | PipelineOrchestrator initialized.
2026-08-18 23:22:05 | INFO     | bsma.dashboard | pipeline.py:279 | BSMA pipeline completed successfully.
2026-08-18 23:22:05 | INFO     | bsma.dashboard | qc.py:431 | Stream QC completed.
2026-08-18 23:22:05 | INFO     | bsma.dashboard | orchestrator.py:171 | PipelineOrchestrator initialized.
2026-08-18 23:22:07 | INFO     | bsma.dashboard | pipeline.py:279 | BSMA pipeline completed successfully.
2026-08-18 23:22:07 | INFO     | bsma.dashboard | orchestrator.py:171 | PipelineOrchestrator initialized.
2026-08-18 23:22:08 | INFO     | bsma.dashboard | pipeline.py:279 | BSMA pipeline completed successfully.
2026-08-18 23:22:08 | INFO     | bsma.dashboard | orchestrator.py:171 | PipelineOrchestrator initialized.
2026-08-18 23:22:09 | INFO     | bsma.dashboard | pipeline.py:279 | BSMA pipeline completed successfully.
2026-08-18 23:22:09 | INFO     | bsma.dashboard | qc.py:431 | Stream QC completed.
2026-08-18 23:22:09 | INFO     | bsma.dashboard | orchestrator.py:171 | PipelineOrchestrator initialized.
2026-08-18 23:22:10 | INFO     | bsma.dashboard | pipeline.py:279 | BSMA pipeline completed successfully.
2026-08-18 23:22:10 | INFO     | bsma.dashboard | orchestrator.py:171 | PipelineOrchestrator initialized.
2026-08-18 23:22:12 | INFO     | bsma.dashboard | pipeline.py:279 | BSMA pipeline completed successfully.
2026-08-18 23:22:12 | INFO     | bsma.dashboard | orchestrator.py:171 | PipelineOrchestrator initialized.
2026-08-18 23:22:13 | INFO     | bsma.dashboard | pipeline.py:279 | BSMA pipeline completed successfully.
2026-08-18 23:22:13 | INFO     | bsma.dashboard | qc.py:431 | Stream QC completed.
2026-08-18 23:22:13 | INFO     | bsma.dashboard | orchestrator.py:171 | PipelineOrchestrator initialized.
2026-08-18 23:22:14 | INFO     | bsma.dashboard | pipeline.py:279 | BSMA pipeline completed successfully.
2026-08-18 23:22:14 | INFO     | bsma.dashboard | orchestrator.py:171 | PipelineOrchestrator initialized.
2026-08-18 23:22:15 | INFO     | bsma.dashboard | pipeline.py:279 | BSMA pipeline completed successfully.
2026-08-18 23:22:15 | INFO     | bsma.dashboard | orchestrator.py:171 | PipelineOrchestrator initialized.
2026-08-18 23:22:16 | INFO     | bsma.dashboard | pipeline.py:279 | BSMA pipeline completed successfully.
2026-08-18 23:22:29 | INFO     | utils.pdf_exporter | pdf_exporter.py:1439 | Memulai pembuatan PDF stasiun PPJR _ 2026-02-05 18_04_27 UTC.
2026-08-18 23:23:49 | INFO     | utils.pdf_exporter | pdf_exporter.py:1954 | Laporan PDF berhasil dibuat: D:\Perkuliahan\Cadangan project\Project BSMA\outputs\reports\reports\BSMA_Report_PPJR _ 2026-02-05 18_04_27 UTC.pdf
2026-08-18 23:23:55 | INFO     | utils.pdf_exporter | pdf_exporter.py:1439 | Memulai pembuatan PDF stasiun PCJI _ 2026-02-05 18_04_28 UTC.
2026-08-18 23:25:20 | INFO     | utils.pdf_exporter | pdf_exporter.py:1954 | Laporan PDF berhasil dibuat: D:\Perkuliahan\Cadangan project\Project BSMA\outputs\reports\reports\BSMA_Report_PCJI _ 2026-02-05 18_04_28 UTC.pdf
2026-08-18 23:25:27 | INFO     | utils.pdf_exporter | pdf_exporter.py:1439 | Memulai pembuatan PDF stasiun PRJI _ 2026-02-05 18_04_30 UTC.
2026-08-18 23:26:52 | INFO     | utils.pdf_exporter | pdf_exporter.py:1954 | Laporan PDF berhasil dibuat: D:\Perkuliahan\Cadangan project\Project BSMA\outputs\reports\reports\BSMA_Report_PRJI _ 2026-02-05 18_04_30 UTC.pdf
2026-08-18 23:26:59 | INFO     | utils.pdf_exporter | pdf_exporter.py:1439 | Memulai pembuatan PDF stasiun PWJI _ 2026-02-05 18_04_33 UTC.
2026-08-18 23:29:02 | INFO     | utils.pdf_exporter | pdf_exporter.py:1954 | Laporan PDF berhasil dibuat: D:\Perkuliahan\Cadangan project\Project BSMA\outputs\reports\reports\BSMA_Report_PWJI _ 2026-02-05 18_04_33 UTC.pdf
2026-08-18 23:29:14 | INFO     | utils.pdf_exporter | pdf_exporter.py:1439 | Memulai pembuatan PDF stasiun TAJN _ 2026-02-05 18_04_33 UTC.
2026-08-18 23:29:21 | INFO     | root | logger.py:243 | ========================================
2026-08-18 23:29:21 | INFO     | root | logger.py:244 |  BSMA Logging Initialized
2026-08-18 23:29:21 | INFO     | root | logger.py:245 |  Log File : logs\bsma.log
2026-08-18 23:29:21 | INFO     | root | logger.py:246 |  Log Level: INFO
2026-08-18 23:29:21 | INFO     | root | logger.py:247 |  Max Size : 10485760 bytes
2026-08-18 23:29:21 | INFO     | root | logger.py:248 |  Backups  : 5
2026-08-18 23:29:21 | INFO     | root | logger.py:249 | ========================================
2026-08-18 23:30:12 | INFO     | root | logger.py:243 | ========================================
2026-08-18 23:30:12 | INFO     | root | logger.py:244 |  BSMA Logging Initialized
2026-08-18 23:30:12 | INFO     | root | logger.py:245 |  Log File : logs\bsma.log
2026-08-18 23:30:12 | INFO     | root | logger.py:246 |  Log Level: INFO
2026-08-18 23:30:12 | INFO     | root | logger.py:247 |  Max Size : 10485760 bytes
2026-08-18 23:30:12 | INFO     | root | logger.py:248 |  Backups  : 5
2026-08-18 23:30:12 | INFO     | root | logger.py:249 | ========================================
2026-08-18 23:30:13 | INFO     | services.analysis_service | qc.py:362 | QCAnalyzer initialized.
2026-08-18 23:30:13 | INFO     | services.analysis_service | qc.py:431 | Stream QC completed.
2026-08-18 23:30:13 | INFO     | services.analysis_service | orchestrator.py:171 | PipelineOrchestrator initialized.
2026-08-18 23:30:18 | INFO     | services.analysis_service | pipeline.py:279 | BSMA pipeline completed successfully.
2026-08-18 23:30:18 | INFO     | services.analysis_service | orchestrator.py:171 | PipelineOrchestrator initialized.
2026-08-18 23:30:22 | INFO     | services.analysis_service | pipeline.py:279 | BSMA pipeline completed successfully.
2026-08-18 23:30:22 | INFO     | services.analysis_service | orchestrator.py:171 | PipelineOrchestrator initialized.
2026-08-18 23:30:27 | INFO     | services.analysis_service | pipeline.py:279 | BSMA pipeline completed successfully.
2026-08-18 23:30:27 | INFO     | services.analysis_service | qc.py:431 | Stream QC completed.
2026-08-18 23:30:27 | INFO     | services.analysis_service | orchestrator.py:171 | PipelineOrchestrator initialized.
2026-08-18 23:30:31 | INFO     | services.analysis_service | pipeline.py:279 | BSMA pipeline completed successfully.
2026-08-18 23:30:31 | INFO     | services.analysis_service | orchestrator.py:171 | PipelineOrchestrator initialized.
2026-08-18 23:30:36 | INFO     | services.analysis_service | pipeline.py:279 | BSMA pipeline completed successfully.
2026-08-18 23:30:36 | INFO     | services.analysis_service | orchestrator.py:171 | PipelineOrchestrator initialized.
2026-08-18 23:30:41 | INFO     | services.analysis_service | pipeline.py:279 | BSMA pipeline completed successfully.
2026-08-18 23:30:41 | INFO     | services.analysis_service | qc.py:431 | Stream QC completed.
2026-08-18 23:30:41 | INFO     | services.analysis_service | orchestrator.py:171 | PipelineOrchestrator initialized.
2026-08-18 23:30:45 | INFO     | services.analysis_service | pipeline.py:279 | BSMA pipeline completed successfully.
2026-08-18 23:30:45 | INFO     | services.analysis_service | orchestrator.py:171 | PipelineOrchestrator initialized.
2026-08-18 23:30:50 | INFO     | services.analysis_service | pipeline.py:279 | BSMA pipeline completed successfully.
2026-08-18 23:30:50 | INFO     | services.analysis_service | orchestrator.py:171 | PipelineOrchestrator initialized.
2026-08-18 23:30:54 | INFO     | services.analysis_service | pipeline.py:279 | BSMA pipeline completed successfully.
2026-08-18 23:30:54 | INFO     | services.analysis_service | qc.py:431 | Stream QC completed.
2026-08-18 23:30:54 | INFO     | services.analysis_service | orchestrator.py:171 | PipelineOrchestrator initialized.
2026-08-18 23:30:59 | INFO     | services.analysis_service | pipeline.py:279 | BSMA pipeline completed successfully.
2026-08-18 23:30:59 | INFO     | services.analysis_service | orchestrator.py:171 | PipelineOrchestrator initialized.
2026-08-18 23:31:03 | INFO     | services.analysis_service | pipeline.py:279 | BSMA pipeline completed successfully.
2026-08-18 23:31:03 | INFO     | services.analysis_service | orchestrator.py:171 | PipelineOrchestrator initialized.
2026-08-18 23:31:07 | INFO     | services.analysis_service | pipeline.py:279 | BSMA pipeline completed successfully.
2026-08-18 23:31:07 | INFO     | services.analysis_service | qc.py:431 | Stream QC completed.
2026-08-18 23:31:07 | INFO     | services.analysis_service | orchestrator.py:171 | PipelineOrchestrator initialized.
2026-08-18 23:31:12 | INFO     | services.analysis_service | pipeline.py:279 | BSMA pipeline completed successfully.
2026-08-18 23:31:12 | INFO     | services.analysis_service | orchestrator.py:171 | PipelineOrchestrator initialized.
2026-08-18 23:31:18 | INFO     | services.analysis_service | pipeline.py:279 | BSMA pipeline completed successfully.
2026-08-18 23:31:18 | INFO     | services.analysis_service | orchestrator.py:171 | PipelineOrchestrator initialized.
2026-08-18 23:31:23 | INFO     | services.analysis_service | pipeline.py:279 | BSMA pipeline completed successfully.
2026-08-18 23:31:23 | INFO     | services.analysis_service | qc.py:431 | Stream QC completed.
2026-08-18 23:31:23 | INFO     | services.analysis_service | orchestrator.py:171 | PipelineOrchestrator initialized.
2026-08-18 23:31:28 | INFO     | services.analysis_service | pipeline.py:279 | BSMA pipeline completed successfully.
2026-08-18 23:31:28 | INFO     | services.analysis_service | orchestrator.py:171 | PipelineOrchestrator initialized.
2026-08-18 23:31:31 | INFO     | services.analysis_service | pipeline.py:279 | BSMA pipeline completed successfully.
2026-08-18 23:31:31 | INFO     | services.analysis_service | orchestrator.py:171 | PipelineOrchestrator initialized.
2026-08-18 23:31:34 | INFO     | services.analysis_service | pipeline.py:279 | BSMA pipeline completed successfully.
2026-08-18 23:31:34 | INFO     | services.analysis_service | qc.py:431 | Stream QC completed.
2026-08-18 23:31:34 | INFO     | services.analysis_service | orchestrator.py:171 | PipelineOrchestrator initialized.
2026-08-18 23:31:37 | INFO     | services.analysis_service | pipeline.py:279 | BSMA pipeline completed successfully.
2026-08-18 23:31:37 | INFO     | services.analysis_service | orchestrator.py:171 | PipelineOrchestrator initialized.
2026-08-18 23:31:40 | INFO     | services.analysis_service | pipeline.py:279 | BSMA pipeline completed successfully.
2026-08-18 23:31:40 | INFO     | services.analysis_service | orchestrator.py:171 | PipelineOrchestrator initialized.
2026-08-18 23:31:43 | INFO     | services.analysis_service | pipeline.py:279 | BSMA pipeline completed successfully.
2026-08-18 23:31:43 | INFO     | services.analysis_service | qc.py:431 | Stream QC completed.
2026-08-18 23:31:43 | INFO     | services.analysis_service | orchestrator.py:171 | PipelineOrchestrator initialized.
2026-08-18 23:31:45 | INFO     | services.analysis_service | pipeline.py:279 | BSMA pipeline completed successfully.
2026-08-18 23:31:45 | INFO     | services.analysis_service | orchestrator.py:171 | PipelineOrchestrator initialized.
2026-08-18 23:31:48 | INFO     | services.analysis_service | pipeline.py:279 | BSMA pipeline completed successfully.
2026-08-18 23:31:48 | INFO     | services.analysis_service | orchestrator.py:171 | PipelineOrchestrator initialized.
2026-08-18 23:31:50 | INFO     | services.analysis_service | pipeline.py:279 | BSMA pipeline completed successfully.
2026-08-18 23:31:51 | INFO     | services.analysis_service | qc.py:431 | Stream QC completed.
2026-08-18 23:31:51 | INFO     | services.analysis_service | orchestrator.py:171 | PipelineOrchestrator initialized.
2026-08-18 23:31:53 | INFO     | services.analysis_service | pipeline.py:279 | BSMA pipeline completed successfully.
2026-08-18 23:31:53 | INFO     | services.analysis_service | orchestrator.py:171 | PipelineOrchestrator initialized.
2026-08-18 23:31:56 | INFO     | services.analysis_service | pipeline.py:279 | BSMA pipeline completed successfully.
2026-08-18 23:31:56 | INFO     | services.analysis_service | orchestrator.py:171 | PipelineOrchestrator initialized.
2026-08-18 23:31:59 | INFO     | services.analysis_service | pipeline.py:279 | BSMA pipeline completed successfully.
2026-08-18 23:31:59 | INFO     | services.analysis_service | qc.py:431 | Stream QC completed.
2026-08-18 23:31:59 | INFO     | services.analysis_service | orchestrator.py:171 | PipelineOrchestrator initialized.
2026-08-18 23:32:01 | INFO     | services.analysis_service | pipeline.py:279 | BSMA pipeline completed successfully.
2026-08-18 23:32:01 | INFO     | services.analysis_service | orchestrator.py:171 | PipelineOrchestrator initialized.
2026-08-18 23:32:04 | INFO     | services.analysis_service | pipeline.py:279 | BSMA pipeline completed successfully.
2026-08-18 23:32:04 | INFO     | services.analysis_service | orchestrator.py:171 | PipelineOrchestrator initialized.
2026-08-18 23:32:07 | INFO     | services.analysis_service | pipeline.py:279 | BSMA pipeline completed successfully.
2026-08-18 23:32:08 | INFO     | services.analysis_service | qc.py:431 | Stream QC completed.
2026-08-18 23:32:08 | INFO     | services.analysis_service | orchestrator.py:171 | PipelineOrchestrator initialized.
2026-08-18 23:32:12 | INFO     | services.analysis_service | pipeline.py:279 | BSMA pipeline completed successfully.
2026-08-18 23:32:12 | INFO     | services.analysis_service | orchestrator.py:171 | PipelineOrchestrator initialized.
2026-08-18 23:32:15 | INFO     | services.analysis_service | pipeline.py:279 | BSMA pipeline completed successfully.
2026-08-18 23:32:15 | INFO     | services.analysis_service | orchestrator.py:171 | PipelineOrchestrator initialized.
2026-08-18 23:32:20 | INFO     | services.analysis_service | pipeline.py:279 | BSMA pipeline completed successfully.
2026-08-18 23:32:20 | INFO     | services.analysis_service | qc.py:431 | Stream QC completed.
2026-08-18 23:32:20 | INFO     | services.analysis_service | orchestrator.py:171 | PipelineOrchestrator initialized.
2026-08-18 23:32:24 | INFO     | services.analysis_service | pipeline.py:279 | BSMA pipeline completed successfully.
2026-08-18 23:32:24 | INFO     | services.analysis_service | orchestrator.py:171 | PipelineOrchestrator initialized.
2026-08-18 23:32:28 | INFO     | services.analysis_service | pipeline.py:279 | BSMA pipeline completed successfully.
2026-08-18 23:32:28 | INFO     | services.analysis_service | orchestrator.py:171 | PipelineOrchestrator initialized.
2026-08-18 23:32:29 | INFO     | utils.pdf_exporter | pdf_exporter.py:1954 | Laporan PDF berhasil dibuat: D:\Perkuliahan\Cadangan project\Project BSMA\outputs\reports\reports\BSMA_Report_TAJN _ 2026-02-05 18_04_33 UTC.pdf
2026-08-18 23:32:32 | INFO     | services.analysis_service | pipeline.py:279 | BSMA pipeline completed successfully.
2026-08-18 23:32:32 | INFO     | services.analysis_service | qc.py:431 | Stream QC completed.
2026-08-18 23:32:32 | INFO     | services.analysis_service | orchestrator.py:171 | PipelineOrchestrator initialized.
2026-08-18 23:32:37 | INFO     | services.analysis_service | pipeline.py:279 | BSMA pipeline completed successfully.
2026-08-18 23:32:37 | INFO     | services.analysis_service | orchestrator.py:171 | PipelineOrchestrator initialized.
2026-08-18 23:32:40 | INFO     | services.analysis_service | pipeline.py:279 | BSMA pipeline completed successfully.
2026-08-18 23:32:40 | INFO     | services.analysis_service | orchestrator.py:171 | PipelineOrchestrator initialized.
2026-08-18 23:32:41 | INFO     | utils.pdf_exporter | pdf_exporter.py:1439 | Memulai pembuatan PDF stasiun WGJR _ 2026-02-05 18_04_33 UTC.
2026-08-18 23:32:44 | INFO     | services.analysis_service | pipeline.py:279 | BSMA pipeline completed successfully.
2026-08-18 23:32:44 | INFO     | services.analysis_service | qc.py:431 | Stream QC completed.
2026-08-18 23:32:44 | INFO     | services.analysis_service | orchestrator.py:171 | PipelineOrchestrator initialized.
2026-08-18 23:32:47 | INFO     | services.analysis_service | pipeline.py:279 | BSMA pipeline completed successfully.
2026-08-18 23:32:47 | INFO     | services.analysis_service | orchestrator.py:171 | PipelineOrchestrator initialized.
2026-08-18 23:32:51 | INFO     | services.analysis_service | pipeline.py:279 | BSMA pipeline completed successfully.
2026-08-18 23:32:51 | INFO     | services.analysis_service | orchestrator.py:171 | PipelineOrchestrator initialized.
2026-08-18 23:32:54 | INFO     | services.analysis_service | pipeline.py:279 | BSMA pipeline completed successfully.
2026-08-18 23:32:54 | INFO     | services.analysis_service | qc.py:431 | Stream QC completed.
2026-08-18 23:32:54 | INFO     | services.analysis_service | orchestrator.py:171 | PipelineOrchestrator initialized.
2026-08-18 23:32:58 | INFO     | services.analysis_service | pipeline.py:279 | BSMA pipeline completed successfully.
2026-08-18 23:32:58 | INFO     | services.analysis_service | orchestrator.py:171 | PipelineOrchestrator initialized.
2026-08-18 23:33:02 | INFO     | services.analysis_service | pipeline.py:279 | BSMA pipeline completed successfully.
2026-08-18 23:33:02 | INFO     | services.analysis_service | orchestrator.py:171 | PipelineOrchestrator initialized.
2026-08-18 23:33:06 | INFO     | services.analysis_service | pipeline.py:279 | BSMA pipeline completed successfully.
2026-08-18 23:33:06 | INFO     | services.analysis_service | qc.py:431 | Stream QC completed.
2026-08-18 23:33:06 | INFO     | services.analysis_service | orchestrator.py:171 | PipelineOrchestrator initialized.
2026-08-18 23:33:08 | INFO     | root | logger.py:243 | ========================================
2026-08-18 23:33:08 | INFO     | root | logger.py:244 |  BSMA Logging Initialized
2026-08-18 23:33:08 | INFO     | root | logger.py:245 |  Log File : logs\bsma.log
2026-08-18 23:33:08 | INFO     | root | logger.py:246 |  Log Level: INFO
2026-08-18 23:33:08 | INFO     | root | logger.py:247 |  Max Size : 10485760 bytes
2026-08-18 23:33:08 | INFO     | root | logger.py:248 |  Backups  : 5
2026-08-18 23:33:08 | INFO     | root | logger.py:249 | ========================================
2026-08-18 23:33:08 | INFO     | services.analysis_service | qc.py:362 | QCAnalyzer initialized.
2026-08-18 23:33:08 | INFO     | services.analysis_service | qc.py:431 | Stream QC completed.
2026-08-18 23:33:08 | INFO     | services.analysis_service | orchestrator.py:171 | PipelineOrchestrator initialized.
2026-08-18 23:33:10 | INFO     | services.analysis_service | pipeline.py:279 | BSMA pipeline completed successfully.
2026-08-18 23:33:10 | INFO     | services.analysis_service | orchestrator.py:171 | PipelineOrchestrator initialized.
2026-08-18 23:33:12 | INFO     | services.analysis_service | pipeline.py:279 | BSMA pipeline completed successfully.
2026-08-18 23:33:12 | INFO     | services.analysis_service | orchestrator.py:171 | PipelineOrchestrator initialized.
2026-08-18 23:33:14 | INFO     | services.analysis_service | pipeline.py:279 | BSMA pipeline completed successfully.
2026-08-18 23:33:14 | INFO     | services.analysis_service | orchestrator.py:171 | PipelineOrchestrator initialized.
2026-08-18 23:33:16 | INFO     | services.analysis_service | pipeline.py:279 | BSMA pipeline completed successfully.
2026-08-18 23:33:16 | INFO     | services.analysis_service | orchestrator.py:171 | PipelineOrchestrator initialized.
2026-08-18 23:33:18 | INFO     | services.analysis_service | pipeline.py:279 | BSMA pipeline completed successfully.
2026-08-18 23:33:18 | INFO     | services.analysis_service | qc.py:431 | Stream QC completed.
2026-08-18 23:33:18 | INFO     | services.analysis_service | orchestrator.py:171 | PipelineOrchestrator initialized.
2026-08-18 23:33:20 | INFO     | services.analysis_service | pipeline.py:279 | BSMA pipeline completed successfully.
2026-08-18 23:33:20 | INFO     | services.analysis_service | qc.py:431 | Stream QC completed.
2026-08-18 23:33:20 | INFO     | services.analysis_service | orchestrator.py:171 | PipelineOrchestrator initialized.
2026-08-18 23:33:21 | INFO     | services.analysis_service | pipeline.py:279 | BSMA pipeline completed successfully.
2026-08-18 23:33:21 | INFO     | services.analysis_service | orchestrator.py:171 | PipelineOrchestrator initialized.
2026-08-18 23:33:24 | INFO     | services.analysis_service | pipeline.py:279 | BSMA pipeline completed successfully.
2026-08-18 23:33:24 | INFO     | services.analysis_service | orchestrator.py:171 | PipelineOrchestrator initialized.
2026-08-18 23:33:26 | INFO     | services.analysis_service | pipeline.py:279 | BSMA pipeline completed successfully.
2026-08-18 23:33:26 | INFO     | services.analysis_service | orchestrator.py:171 | PipelineOrchestrator initialized.
2026-08-18 23:33:28 | INFO     | services.analysis_service | pipeline.py:279 | BSMA pipeline completed successfully.
2026-08-18 23:33:28 | INFO     | services.analysis_service | orchestrator.py:171 | PipelineOrchestrator initialized.
2026-08-18 23:33:29 | INFO     | services.analysis_service | pipeline.py:279 | BSMA pipeline completed successfully.
2026-08-18 23:33:29 | INFO     | services.analysis_service | qc.py:431 | Stream QC completed.
2026-08-18 23:33:29 | INFO     | services.analysis_service | orchestrator.py:171 | PipelineOrchestrator initialized.
2026-08-18 23:33:32 | INFO     | services.analysis_service | pipeline.py:279 | BSMA pipeline completed successfully.
2026-08-18 23:33:32 | INFO     | services.analysis_service | qc.py:431 | Stream QC completed.
2026-08-18 23:33:32 | INFO     | services.analysis_service | orchestrator.py:171 | PipelineOrchestrator initialized.
2026-08-18 23:33:33 | INFO     | services.analysis_service | pipeline.py:279 | BSMA pipeline completed successfully.
2026-08-18 23:33:33 | INFO     | services.analysis_service | orchestrator.py:171 | PipelineOrchestrator initialized.
2026-08-18 23:33:36 | INFO     | services.analysis_service | pipeline.py:279 | BSMA pipeline completed successfully.
2026-08-18 23:33:36 | INFO     | services.analysis_service | orchestrator.py:171 | PipelineOrchestrator initialized.
2026-08-18 23:33:37 | INFO     | services.analysis_service | pipeline.py:279 | BSMA pipeline completed successfully.
2026-08-18 23:33:37 | INFO     | services.analysis_service | orchestrator.py:171 | PipelineOrchestrator initialized.
2026-08-18 23:33:40 | INFO     | services.analysis_service | pipeline.py:279 | BSMA pipeline completed successfully.
2026-08-18 23:33:40 | INFO     | services.analysis_service | orchestrator.py:171 | PipelineOrchestrator initialized.
2026-08-18 23:33:41 | INFO     | services.analysis_service | pipeline.py:279 | BSMA pipeline completed successfully.
2026-08-18 23:33:41 | INFO     | services.analysis_service | qc.py:431 | Stream QC completed.
2026-08-18 23:33:41 | INFO     | services.analysis_service | orchestrator.py:171 | PipelineOrchestrator initialized.
2026-08-18 23:33:44 | INFO     | services.analysis_service | pipeline.py:279 | BSMA pipeline completed successfully.
2026-08-18 23:33:44 | INFO     | services.analysis_service | qc.py:431 | Stream QC completed.
2026-08-18 23:33:44 | INFO     | services.analysis_service | orchestrator.py:171 | PipelineOrchestrator initialized.
2026-08-18 23:33:45 | INFO     | services.analysis_service | pipeline.py:279 | BSMA pipeline completed successfully.
2026-08-18 23:33:45 | INFO     | services.analysis_service | orchestrator.py:171 | PipelineOrchestrator initialized.
2026-08-18 23:33:48 | INFO     | services.analysis_service | pipeline.py:279 | BSMA pipeline completed successfully.
2026-08-18 23:33:48 | INFO     | services.analysis_service | orchestrator.py:171 | PipelineOrchestrator initialized.
2026-08-18 23:33:49 | INFO     | services.analysis_service | pipeline.py:279 | BSMA pipeline completed successfully.
2026-08-18 23:33:49 | INFO     | services.analysis_service | orchestrator.py:171 | PipelineOrchestrator initialized.
2026-08-18 23:33:52 | INFO     | services.analysis_service | pipeline.py:279 | BSMA pipeline completed successfully.
2026-08-18 23:33:52 | INFO     | services.analysis_service | qc.py:431 | Stream QC completed.
2026-08-18 23:33:52 | INFO     | services.analysis_service | orchestrator.py:171 | PipelineOrchestrator initialized.
2026-08-18 23:33:53 | INFO     | services.analysis_service | pipeline.py:279 | BSMA pipeline completed successfully.
2026-08-18 23:33:53 | INFO     | services.analysis_service | orchestrator.py:171 | PipelineOrchestrator initialized.
2026-08-18 23:33:56 | INFO     | services.analysis_service | pipeline.py:279 | BSMA pipeline completed successfully.
2026-08-18 23:33:56 | INFO     | services.analysis_service | orchestrator.py:171 | PipelineOrchestrator initialized.
2026-08-18 23:33:57 | INFO     | services.analysis_service | pipeline.py:279 | BSMA pipeline completed successfully.
2026-08-18 23:33:57 | INFO     | services.analysis_service | qc.py:431 | Stream QC completed.
2026-08-18 23:33:57 | INFO     | services.analysis_service | orchestrator.py:171 | PipelineOrchestrator initialized.
2026-08-18 23:34:00 | INFO     | services.analysis_service | pipeline.py:279 | BSMA pipeline completed successfully.
2026-08-18 23:34:00 | INFO     | services.analysis_service | orchestrator.py:171 | PipelineOrchestrator initialized.
2026-08-18 23:34:02 | INFO     | services.analysis_service | pipeline.py:279 | BSMA pipeline completed successfully.
2026-08-18 23:34:02 | INFO     | services.analysis_service | orchestrator.py:171 | PipelineOrchestrator initialized.
2026-08-18 23:34:04 | INFO     | services.analysis_service | pipeline.py:279 | BSMA pipeline completed successfully.
2026-08-18 23:34:04 | INFO     | services.analysis_service | qc.py:431 | Stream QC completed.
2026-08-18 23:34:04 | INFO     | services.analysis_service | orchestrator.py:171 | PipelineOrchestrator initialized.
2026-08-18 23:34:05 | INFO     | services.analysis_service | pipeline.py:279 | BSMA pipeline completed successfully.
2026-08-18 23:34:05 | INFO     | services.analysis_service | orchestrator.py:171 | PipelineOrchestrator initialized.
2026-08-18 23:34:08 | INFO     | services.analysis_service | pipeline.py:279 | BSMA pipeline completed successfully.
2026-08-18 23:34:08 | INFO     | services.analysis_service | orchestrator.py:171 | PipelineOrchestrator initialized.
2026-08-18 23:34:09 | INFO     | services.analysis_service | pipeline.py:279 | BSMA pipeline completed successfully.
2026-08-18 23:34:09 | INFO     | services.analysis_service | qc.py:431 | Stream QC completed.
2026-08-18 23:34:09 | INFO     | services.analysis_service | orchestrator.py:171 | PipelineOrchestrator initialized.
2026-08-18 23:34:11 | INFO     | services.analysis_service | pipeline.py:279 | BSMA pipeline completed successfully.
2026-08-18 23:34:11 | INFO     | services.analysis_service | orchestrator.py:171 | PipelineOrchestrator initialized.
2026-08-18 23:34:12 | INFO     | services.analysis_service | pipeline.py:279 | BSMA pipeline completed successfully.
2026-08-18 23:34:12 | INFO     | services.analysis_service | orchestrator.py:171 | PipelineOrchestrator initialized.
2026-08-18 23:34:15 | INFO     | services.analysis_service | pipeline.py:279 | BSMA pipeline completed successfully.
2026-08-18 23:34:15 | INFO     | services.analysis_service | qc.py:431 | Stream QC completed.
2026-08-18 23:34:15 | INFO     | services.analysis_service | orchestrator.py:171 | PipelineOrchestrator initialized.
2026-08-18 23:34:16 | INFO     | services.analysis_service | pipeline.py:279 | BSMA pipeline completed successfully.
2026-08-18 23:34:16 | INFO     | services.analysis_service | orchestrator.py:171 | PipelineOrchestrator initialized.
2026-08-18 23:34:19 | INFO     | services.analysis_service | pipeline.py:279 | BSMA pipeline completed successfully.
2026-08-18 23:34:19 | INFO     | services.analysis_service | orchestrator.py:171 | PipelineOrchestrator initialized.
2026-08-18 23:34:20 | INFO     | services.analysis_service | pipeline.py:279 | BSMA pipeline completed successfully.
2026-08-18 23:34:23 | INFO     | services.analysis_service | pipeline.py:279 | BSMA pipeline completed successfully.
2026-08-18 23:34:23 | INFO     | services.analysis_service | orchestrator.py:171 | PipelineOrchestrator initialized.
2026-08-18 23:34:26 | INFO     | services.analysis_service | pipeline.py:279 | BSMA pipeline completed successfully.
2026-08-18 23:34:27 | INFO     | services.analysis_service | qc.py:431 | Stream QC completed.
2026-08-18 23:34:27 | INFO     | services.analysis_service | orchestrator.py:171 | PipelineOrchestrator initialized.
2026-08-18 23:34:30 | INFO     | services.analysis_service | pipeline.py:279 | BSMA pipeline completed successfully.
2026-08-18 23:34:30 | INFO     | services.analysis_service | orchestrator.py:171 | PipelineOrchestrator initialized.
2026-08-18 23:34:34 | INFO     | services.analysis_service | pipeline.py:279 | BSMA pipeline completed successfully.
2026-08-18 23:34:34 | INFO     | services.analysis_service | orchestrator.py:171 | PipelineOrchestrator initialized.
2026-08-18 23:34:37 | INFO     | services.analysis_service | pipeline.py:279 | BSMA pipeline completed successfully.
2026-08-18 23:34:37 | INFO     | services.analysis_service | qc.py:431 | Stream QC completed.
2026-08-18 23:34:37 | INFO     | services.analysis_service | orchestrator.py:171 | PipelineOrchestrator initialized.
2026-08-18 23:34:42 | INFO     | services.analysis_service | pipeline.py:279 | BSMA pipeline completed successfully.
2026-08-18 23:34:42 | INFO     | services.analysis_service | orchestrator.py:171 | PipelineOrchestrator initialized.
2026-08-18 23:34:46 | INFO     | services.analysis_service | pipeline.py:279 | BSMA pipeline completed successfully.
2026-08-18 23:34:46 | INFO     | services.analysis_service | orchestrator.py:171 | PipelineOrchestrator initialized.
2026-08-18 23:34:51 | INFO     | services.analysis_service | pipeline.py:279 | BSMA pipeline completed successfully.
2026-08-18 23:34:51 | INFO     | services.analysis_service | qc.py:431 | Stream QC completed.
2026-08-18 23:34:51 | INFO     | services.analysis_service | orchestrator.py:171 | PipelineOrchestrator initialized.
2026-08-18 23:34:55 | INFO     | services.analysis_service | pipeline.py:279 | BSMA pipeline completed successfully.
2026-08-18 23:34:55 | INFO     | services.analysis_service | orchestrator.py:171 | PipelineOrchestrator initialized.
2026-08-18 23:34:59 | INFO     | services.analysis_service | pipeline.py:279 | BSMA pipeline completed successfully.
2026-08-18 23:34:59 | INFO     | services.analysis_service | orchestrator.py:171 | PipelineOrchestrator initialized.
2026-08-18 23:35:02 | INFO     | services.analysis_service | pipeline.py:279 | BSMA pipeline completed successfully.
2026-08-18 23:35:02 | INFO     | services.analysis_service | qc.py:431 | Stream QC completed.
2026-08-18 23:35:02 | INFO     | services.analysis_service | orchestrator.py:171 | PipelineOrchestrator initialized.
2026-08-18 23:35:06 | INFO     | services.analysis_service | pipeline.py:279 | BSMA pipeline completed successfully.
2026-08-18 23:35:06 | INFO     | services.analysis_service | orchestrator.py:171 | PipelineOrchestrator initialized.
2026-08-18 23:35:09 | INFO     | services.analysis_service | pipeline.py:279 | BSMA pipeline completed successfully.
2026-08-18 23:35:09 | INFO     | services.analysis_service | orchestrator.py:171 | PipelineOrchestrator initialized.
2026-08-18 23:35:13 | INFO     | services.analysis_service | pipeline.py:279 | BSMA pipeline completed successfully.
2026-08-18 23:35:13 | INFO     | services.analysis_service | qc.py:431 | Stream QC completed.
2026-08-18 23:35:13 | INFO     | services.analysis_service | orchestrator.py:171 | PipelineOrchestrator initialized.
2026-08-18 23:35:17 | INFO     | services.analysis_service | pipeline.py:279 | BSMA pipeline completed successfully.
2026-08-18 23:35:17 | INFO     | services.analysis_service | orchestrator.py:171 | PipelineOrchestrator initialized.
2026-08-18 23:35:20 | INFO     | services.analysis_service | pipeline.py:279 | BSMA pipeline completed successfully.
2026-08-18 23:35:20 | INFO     | services.analysis_service | orchestrator.py:171 | PipelineOrchestrator initialized.
2026-08-18 23:35:23 | INFO     | services.analysis_service | pipeline.py:279 | BSMA pipeline completed successfully.
2026-08-18 23:35:23 | INFO     | services.analysis_service | qc.py:431 | Stream QC completed.
2026-08-18 23:35:23 | INFO     | services.analysis_service | orchestrator.py:171 | PipelineOrchestrator initialized.
2026-08-18 23:35:25 | INFO     | services.analysis_service | pipeline.py:279 | BSMA pipeline completed successfully.
2026-08-18 23:35:25 | INFO     | services.analysis_service | orchestrator.py:171 | PipelineOrchestrator initialized.
2026-08-18 23:35:28 | INFO     | services.analysis_service | pipeline.py:279 | BSMA pipeline completed successfully.
2026-08-18 23:35:28 | INFO     | services.analysis_service | orchestrator.py:171 | PipelineOrchestrator initialized.
2026-08-18 23:35:32 | INFO     | services.analysis_service | pipeline.py:279 | BSMA pipeline completed successfully.
2026-08-18 23:35:32 | INFO     | services.analysis_service | qc.py:431 | Stream QC completed.
2026-08-18 23:35:32 | INFO     | services.analysis_service | orchestrator.py:171 | PipelineOrchestrator initialized.
2026-08-18 23:35:35 | INFO     | services.analysis_service | pipeline.py:279 | BSMA pipeline completed successfully.
2026-08-18 23:35:35 | INFO     | services.analysis_service | orchestrator.py:171 | PipelineOrchestrator initialized.
2026-08-18 23:35:38 | INFO     | services.analysis_service | pipeline.py:279 | BSMA pipeline completed successfully.
2026-08-18 23:35:38 | INFO     | services.analysis_service | orchestrator.py:171 | PipelineOrchestrator initialized.
2026-08-18 23:35:41 | INFO     | services.analysis_service | pipeline.py:279 | BSMA pipeline completed successfully.
2026-08-18 23:35:42 | INFO     | services.analysis_service | qc.py:431 | Stream QC completed.
2026-08-18 23:35:42 | INFO     | services.analysis_service | orchestrator.py:171 | PipelineOrchestrator initialized.
2026-08-18 23:35:43 | INFO     | utils.pdf_exporter | pdf_exporter.py:1954 | Laporan PDF berhasil dibuat: D:\Perkuliahan\Cadangan project\Project BSMA\outputs\reports\reports\BSMA_Report_WGJR _ 2026-02-05 18_04_33 UTC.pdf
2026-08-18 23:35:45 | INFO     | services.analysis_service | pipeline.py:279 | BSMA pipeline completed successfully.
2026-08-18 23:35:45 | INFO     | services.analysis_service | orchestrator.py:171 | PipelineOrchestrator initialized.
2026-08-18 23:35:48 | INFO     | services.analysis_service | pipeline.py:279 | BSMA pipeline completed successfully.
2026-08-18 23:35:48 | INFO     | services.analysis_service | orchestrator.py:171 | PipelineOrchestrator initialized.
2026-08-18 23:35:51 | INFO     | services.analysis_service | pipeline.py:279 | BSMA pipeline completed successfully.
2026-08-18 23:35:52 | INFO     | utils.pdf_exporter | pdf_exporter.py:1439 | Memulai pembuatan PDF stasiun PGJM _ 2026-02-05 18_04_34 UTC.
2026-08-18 23:37:17 | INFO     | utils.pdf_exporter | pdf_exporter.py:1954 | Laporan PDF berhasil dibuat: D:\Perkuliahan\Cadangan project\Project BSMA\outputs\reports\reports\BSMA_Report_PGJM _ 2026-02-05 18_04_34 UTC.pdf
2026-08-18 23:37:24 | INFO     | utils.pdf_exporter | pdf_exporter.py:1439 | Memulai pembuatan PDF stasiun GKJM _ 2026-02-05 18_04_34 UTC.
2026-08-18 23:38:51 | INFO     | utils.pdf_exporter | pdf_exporter.py:1954 | Laporan PDF berhasil dibuat: D:\Perkuliahan\Cadangan project\Project BSMA\outputs\reports\reports\BSMA_Report_GKJM _ 2026-02-05 18_04_34 UTC.pdf
2026-08-18 23:38:57 | INFO     | utils.pdf_exporter | pdf_exporter.py:1439 | Memulai pembuatan PDF stasiun PBJR _ 2026-02-05 18_04_35 UTC.
2026-08-18 23:40:13 | INFO     | root | logger.py:243 | ========================================
2026-08-18 23:40:13 | INFO     | root | logger.py:244 |  BSMA Logging Initialized
2026-08-18 23:40:13 | INFO     | root | logger.py:245 |  Log File : logs\bsma.log
2026-08-18 23:40:13 | INFO     | root | logger.py:246 |  Log Level: INFO
2026-08-18 23:40:13 | INFO     | root | logger.py:247 |  Max Size : 10485760 bytes
2026-08-18 23:40:13 | INFO     | root | logger.py:248 |  Backups  : 5
2026-08-18 23:40:13 | INFO     | root | logger.py:249 | ========================================
2026-08-18 23:40:27 | INFO     | bsma.dashboard | qc.py:362 | QCAnalyzer initialized.
2026-08-18 23:40:28 | INFO     | bsma.dashboard | qc.py:431 | Stream QC completed.
2026-08-18 23:40:28 | INFO     | bsma.dashboard | orchestrator.py:171 | PipelineOrchestrator initialized.
2026-08-18 23:40:30 | INFO     | bsma.dashboard | pipeline.py:279 | BSMA pipeline completed successfully.
2026-08-18 23:40:30 | INFO     | bsma.dashboard | orchestrator.py:171 | PipelineOrchestrator initialized.
2026-08-18 23:40:32 | INFO     | bsma.dashboard | pipeline.py:279 | BSMA pipeline completed successfully.
2026-08-18 23:40:32 | INFO     | bsma.dashboard | orchestrator.py:171 | PipelineOrchestrator initialized.
2026-08-18 23:40:34 | INFO     | bsma.dashboard | pipeline.py:279 | BSMA pipeline completed successfully.
2026-08-18 23:40:45 | INFO     | utils.pdf_exporter | pdf_exporter.py:1954 | Laporan PDF berhasil dibuat: D:\Perkuliahan\Cadangan project\Project BSMA\outputs\reports\reports\BSMA_Report_PBJR _ 2026-02-05 18_04_35 UTC.pdf
2026-08-18 23:40:54 | INFO     | utils.pdf_exporter | pdf_exporter.py:1439 | Memulai pembuatan PDF stasiun TTJN _ 2026-02-05 18_04_35 UTC.
2026-08-18 23:40:59 | INFO     | bsma.dashboard | qc.py:362 | QCAnalyzer initialized.
2026-08-18 23:40:59 | INFO     | bsma.dashboard | qc.py:431 | Stream QC completed.
2026-08-18 23:40:59 | INFO     | bsma.dashboard | orchestrator.py:171 | PipelineOrchestrator initialized.
2026-08-18 23:41:02 | INFO     | bsma.dashboard | pipeline.py:279 | BSMA pipeline completed successfully.
2026-08-18 23:41:02 | INFO     | bsma.dashboard | orchestrator.py:171 | PipelineOrchestrator initialized.
2026-08-18 23:41:05 | INFO     | bsma.dashboard | pipeline.py:279 | BSMA pipeline completed successfully.
2026-08-18 23:41:05 | INFO     | bsma.dashboard | orchestrator.py:171 | PipelineOrchestrator initialized.
2026-08-18 23:41:09 | INFO     | bsma.dashboard | pipeline.py:279 | BSMA pipeline completed successfully.
2026-08-18 23:41:34 | INFO     | bsma.dashboard | qc.py:362 | QCAnalyzer initialized.
2026-08-18 23:41:34 | INFO     | bsma.dashboard | qc.py:431 | Stream QC completed.
2026-08-18 23:41:34 | INFO     | bsma.dashboard | orchestrator.py:171 | PipelineOrchestrator initialized.
2026-08-18 23:41:38 | INFO     | bsma.dashboard | pipeline.py:279 | BSMA pipeline completed successfully.
2026-08-18 23:41:38 | INFO     | bsma.dashboard | orchestrator.py:171 | PipelineOrchestrator initialized.
2026-08-18 23:41:41 | INFO     | bsma.dashboard | pipeline.py:279 | BSMA pipeline completed successfully.
2026-08-18 23:41:41 | INFO     | bsma.dashboard | orchestrator.py:171 | PipelineOrchestrator initialized.
2026-08-18 23:41:44 | INFO     | bsma.dashboard | pipeline.py:279 | BSMA pipeline completed successfully.
2026-08-18 23:42:46 | INFO     | utils.pdf_exporter | pdf_exporter.py:1954 | Laporan PDF berhasil dibuat: D:\Perkuliahan\Cadangan project\Project BSMA\outputs\reports\reports\BSMA_Report_TTJN _ 2026-02-05 18_04_35 UTC.pdf
2026-08-18 23:42:54 | INFO     | utils.pdf_exporter | pdf_exporter.py:1439 | Memulai pembuatan PDF stasiun SKJR _ 2026-02-05 18_04_35 UTC.
2026-08-18 23:44:30 | INFO     | utils.pdf_exporter | pdf_exporter.py:1954 | Laporan PDF berhasil dibuat: D:\Perkuliahan\Cadangan project\Project BSMA\outputs\reports\reports\BSMA_Report_SKJR _ 2026-02-05 18_04_35 UTC.pdf
2026-08-18 23:44:39 | INFO     | utils.pdf_exporter | pdf_exporter.py:1439 | Memulai pembuatan PDF stasiun DTJN _ 2026-02-05 18_04_36 UTC.
2026-08-18 23:44:51 | INFO     | utils.pdf_exporter | pdf_exporter.py:1439 | Memulai pembuatan PDF stasiun PPJR _ 2026-02-05 18_04_27 UTC.
2026-08-18 23:46:18 | INFO     | root | logger.py:243 | ========================================
2026-08-18 23:46:18 | INFO     | root | logger.py:244 |  BSMA Logging Initialized
2026-08-18 23:46:18 | INFO     | root | logger.py:245 |  Log File : logs\bsma.log
2026-08-18 23:46:18 | INFO     | root | logger.py:246 |  Log Level: INFO
2026-08-18 23:46:18 | INFO     | root | logger.py:247 |  Max Size : 10485760 bytes
2026-08-18 23:46:18 | INFO     | root | logger.py:248 |  Backups  : 5
2026-08-18 23:46:18 | INFO     | root | logger.py:249 | ========================================
2026-08-18 23:46:18 | INFO     | services.analysis_service | qc.py:362 | QCAnalyzer initialized.
2026-08-18 23:46:18 | INFO     | services.analysis_service | qc.py:431 | Stream QC completed.
2026-08-18 23:46:18 | INFO     | services.analysis_service | orchestrator.py:171 | PipelineOrchestrator initialized.
2026-08-18 23:46:21 | INFO     | services.analysis_service | pipeline.py:279 | BSMA pipeline completed successfully.
2026-08-18 23:46:21 | INFO     | services.analysis_service | orchestrator.py:171 | PipelineOrchestrator initialized.
2026-08-18 23:46:24 | INFO     | services.analysis_service | pipeline.py:279 | BSMA pipeline completed successfully.
2026-08-18 23:46:24 | INFO     | services.analysis_service | orchestrator.py:171 | PipelineOrchestrator initialized.
2026-08-18 23:46:27 | INFO     | services.analysis_service | pipeline.py:279 | BSMA pipeline completed successfully.
2026-08-18 23:46:27 | INFO     | services.analysis_service | qc.py:362 | QCAnalyzer initialized.
2026-08-18 23:46:27 | INFO     | services.analysis_service | qc.py:431 | Stream QC completed.
2026-08-18 23:46:27 | INFO     | services.analysis_service | orchestrator.py:171 | PipelineOrchestrator initialized.
2026-08-18 23:46:30 | INFO     | services.analysis_service | pipeline.py:279 | BSMA pipeline completed successfully.
2026-08-18 23:46:30 | INFO     | services.analysis_service | orchestrator.py:171 | PipelineOrchestrator initialized.
2026-08-18 23:46:33 | INFO     | services.analysis_service | pipeline.py:279 | BSMA pipeline completed successfully.
2026-08-18 23:46:33 | INFO     | services.analysis_service | orchestrator.py:171 | PipelineOrchestrator initialized.
2026-08-18 23:46:36 | INFO     | services.analysis_service | pipeline.py:279 | BSMA pipeline completed successfully.
2026-08-18 23:46:56 | INFO     | utils.pdf_exporter | pdf_exporter.py:1954 | Laporan PDF berhasil dibuat: D:\Perkuliahan\Cadangan project\Project BSMA\outputs\reports\reports\BSMA_Report_DTJN _ 2026-02-05 18_04_36 UTC.pdf
2026-08-18 23:47:04 | INFO     | utils.pdf_exporter | pdf_exporter.py:1439 | Memulai pembuatan PDF stasiun BYJR _ 2026-02-05 18_04_36 UTC.
2026-08-18 23:47:05 | INFO     | utils.pdf_exporter | pdf_exporter.py:1954 | Laporan PDF berhasil dibuat: D:\Perkuliahan\Cadangan project\Project BSMA\outputs\reports\BSMA_Report_PPJR _ 2026-02-05 18_04_27 UTC.pdf
2026-08-18 23:48:37 | INFO     | utils.pdf_exporter | pdf_exporter.py:1954 | Laporan PDF berhasil dibuat: D:\Perkuliahan\Cadangan project\Project BSMA\outputs\reports\reports\BSMA_Report_BYJR _ 2026-02-05 18_04_36 UTC.pdf
2026-08-18 23:48:43 | INFO     | utils.pdf_exporter | pdf_exporter.py:1439 | Memulai pembuatan PDF stasiun KCJN _ 2026-02-05 18_04_36 UTC.
2026-08-18 23:48:50 | INFO     | root | logger.py:243 | ========================================
2026-08-18 23:48:50 | INFO     | root | logger.py:244 |  BSMA Logging Initialized
2026-08-18 23:48:50 | INFO     | root | logger.py:245 |  Log File : logs\bsma.log
2026-08-18 23:48:50 | INFO     | root | logger.py:246 |  Log Level: INFO
2026-08-18 23:48:50 | INFO     | root | logger.py:247 |  Max Size : 10485760 bytes
2026-08-18 23:48:50 | INFO     | root | logger.py:248 |  Backups  : 5
2026-08-18 23:48:50 | INFO     | root | logger.py:249 | ========================================
2026-08-18 23:49:15 | INFO     | bsma.dashboard | qc.py:362 | QCAnalyzer initialized.
2026-08-18 23:49:15 | INFO     | bsma.dashboard | qc.py:431 | Stream QC completed.
2026-08-18 23:49:15 | INFO     | bsma.dashboard | orchestrator.py:171 | PipelineOrchestrator initialized.
2026-08-18 23:49:17 | INFO     | bsma.dashboard | pipeline.py:279 | BSMA pipeline completed successfully.
2026-08-18 23:49:17 | INFO     | bsma.dashboard | orchestrator.py:171 | PipelineOrchestrator initialized.
2026-08-18 23:49:19 | INFO     | bsma.dashboard | pipeline.py:279 | BSMA pipeline completed successfully.
2026-08-18 23:49:19 | INFO     | bsma.dashboard | orchestrator.py:171 | PipelineOrchestrator initialized.
2026-08-18 23:49:21 | INFO     | bsma.dashboard | pipeline.py:279 | BSMA pipeline completed successfully.
2026-08-18 23:49:42 | INFO     | bsma.dashboard | qc.py:362 | QCAnalyzer initialized.
2026-08-18 23:49:42 | INFO     | bsma.dashboard | qc.py:431 | Stream QC completed.
2026-08-18 23:49:42 | INFO     | bsma.dashboard | orchestrator.py:171 | PipelineOrchestrator initialized.
2026-08-18 23:49:44 | INFO     | bsma.dashboard | pipeline.py:279 | BSMA pipeline completed successfully.
2026-08-18 23:49:44 | INFO     | bsma.dashboard | orchestrator.py:171 | PipelineOrchestrator initialized.
2026-08-18 23:49:46 | INFO     | bsma.dashboard | pipeline.py:279 | BSMA pipeline completed successfully.
2026-08-18 23:49:46 | INFO     | bsma.dashboard | orchestrator.py:171 | PipelineOrchestrator initialized.
2026-08-18 23:49:47 | INFO     | bsma.dashboard | pipeline.py:279 | BSMA pipeline completed successfully.
2026-08-18 23:50:18 | INFO     | utils.pdf_exporter | pdf_exporter.py:1954 | Laporan PDF berhasil dibuat: D:\Perkuliahan\Cadangan project\Project BSMA\outputs\reports\reports\BSMA_Report_KCJN _ 2026-02-05 18_04_36 UTC.pdf
2026-08-18 23:50:26 | INFO     | utils.pdf_exporter | pdf_exporter.py:1439 | Memulai pembuatan PDF stasiun KYJR _ 2026-02-05 18_04_36 UTC.
2026-08-18 23:50:33 | INFO     | bsma.dashboard | qc.py:362 | QCAnalyzer initialized.
2026-08-18 23:50:33 | INFO     | bsma.dashboard | qc.py:431 | Stream QC completed.
2026-08-18 23:50:33 | INFO     | bsma.dashboard | orchestrator.py:171 | PipelineOrchestrator initialized.
2026-08-18 23:50:35 | INFO     | bsma.dashboard | pipeline.py:279 | BSMA pipeline completed successfully.
2026-08-18 23:50:35 | INFO     | bsma.dashboard | orchestrator.py:171 | PipelineOrchestrator initialized.
2026-08-18 23:50:37 | INFO     | bsma.dashboard | pipeline.py:279 | BSMA pipeline completed successfully.
2026-08-18 23:50:37 | INFO     | bsma.dashboard | orchestrator.py:171 | PipelineOrchestrator initialized.
2026-08-18 23:50:40 | INFO     | bsma.dashboard | pipeline.py:279 | BSMA pipeline completed successfully.
2026-08-18 23:52:00 | INFO     | utils.pdf_exporter | pdf_exporter.py:1954 | Laporan PDF berhasil dibuat: D:\Perkuliahan\Cadangan project\Project BSMA\outputs\reports\reports\BSMA_Report_KYJR _ 2026-02-05 18_04_36 UTC.pdf
2026-08-18 23:52:07 | INFO     | utils.pdf_exporter | pdf_exporter.py:1439 | Memulai pembuatan PDF stasiun NBJR _ 2026-02-05 18_04_36 UTC.
2026-08-18 23:53:39 | INFO     | utils.pdf_exporter | pdf_exporter.py:1954 | Laporan PDF berhasil dibuat: D:\Perkuliahan\Cadangan project\Project BSMA\outputs\reports\reports\BSMA_Report_NBJR _ 2026-02-05 18_04_36 UTC.pdf
2026-08-18 23:53:46 | INFO     | utils.pdf_exporter | pdf_exporter.py:1439 | Memulai pembuatan PDF stasiun MKJM _ 2026-02-05 18_04_37 UTC.
2026-08-18 23:54:21 | INFO     | root | logger.py:243 | ========================================
2026-08-18 23:54:21 | INFO     | root | logger.py:244 |  BSMA Logging Initialized
2026-08-18 23:54:21 | INFO     | root | logger.py:245 |  Log File : logs\bsma.log
2026-08-18 23:54:21 | INFO     | root | logger.py:246 |  Log Level: INFO
2026-08-18 23:54:21 | INFO     | root | logger.py:247 |  Max Size : 10485760 bytes
2026-08-18 23:54:21 | INFO     | root | logger.py:248 |  Backups  : 5
2026-08-18 23:54:21 | INFO     | root | logger.py:249 | ========================================
2026-08-18 23:55:18 | INFO     | root | logger.py:243 | ========================================
2026-08-18 23:55:18 | INFO     | root | logger.py:244 |  BSMA Logging Initialized
2026-08-18 23:55:18 | INFO     | root | logger.py:245 |  Log File : logs\bsma.log
2026-08-18 23:55:18 | INFO     | root | logger.py:246 |  Log Level: INFO
2026-08-18 23:55:18 | INFO     | root | logger.py:247 |  Max Size : 10485760 bytes
2026-08-18 23:55:18 | INFO     | root | logger.py:248 |  Backups  : 5
2026-08-18 23:55:18 | INFO     | root | logger.py:249 | ========================================
2026-08-18 23:55:18 | INFO     | services.analysis_service | qc.py:362 | QCAnalyzer initialized.
2026-08-18 23:55:18 | INFO     | services.analysis_service | qc.py:431 | Stream QC completed.
2026-08-18 23:55:18 | INFO     | services.analysis_service | orchestrator.py:171 | PipelineOrchestrator initialized.
2026-08-18 23:55:19 | INFO     | services.analysis_service | pipeline.py:279 | BSMA pipeline completed successfully.
2026-08-18 23:55:19 | INFO     | utils.pdf_exporter | pdf_exporter.py:1436 | Memulai pembuatan PDF stasiun TEST.
2026-08-18 23:55:48 | INFO     | utils.pdf_exporter | pdf_exporter.py:1954 | Laporan PDF berhasil dibuat: D:\Perkuliahan\Cadangan project\Project BSMA\outputs\reports\reports\BSMA_Report_MKJM _ 2026-02-05 18_04_37 UTC.pdf
2026-08-18 23:55:57 | INFO     | utils.pdf_exporter | pdf_exporter.py:1439 | Memulai pembuatan PDF stasiun MBJN _ 2026-02-05 18_04_37 UTC.
2026-08-18 23:56:26 | INFO     | utils.pdf_exporter | pdf_exporter.py:1951 | Laporan PDF berhasil dibuat: C:\Users\USer\AppData\Local\Temp\pytest-of-USer\pytest-26\test_export_service_generates_0\report.pdf
2026-08-18 23:56:26 | INFO     | services.analysis_service | qc.py:362 | QCAnalyzer initialized.
2026-08-18 23:56:26 | INFO     | services.analysis_service | qc.py:431 | Stream QC completed.
2026-08-18 23:56:26 | INFO     | services.analysis_service | orchestrator.py:171 | PipelineOrchestrator initialized.
2026-08-18 23:56:26 | INFO     | services.analysis_service | pipeline.py:279 | BSMA pipeline completed successfully.
2026-08-18 23:56:26 | INFO     | utils.pdf_exporter | pdf_exporter.py:1436 | Memulai pembuatan PDF stasiun TEST.
2026-08-18 23:57:15 | INFO     | root | logger.py:243 | ========================================
2026-08-18 23:57:15 | INFO     | root | logger.py:244 |  BSMA Logging Initialized
2026-08-18 23:57:15 | INFO     | root | logger.py:245 |  Log File : logs\bsma.log
2026-08-18 23:57:15 | INFO     | root | logger.py:246 |  Log Level: INFO
2026-08-18 23:57:15 | INFO     | root | logger.py:247 |  Max Size : 10485760 bytes
2026-08-18 23:57:15 | INFO     | root | logger.py:248 |  Backups  : 5
2026-08-18 23:57:15 | INFO     | root | logger.py:249 | ========================================
2026-08-18 23:57:33 | INFO     | utils.pdf_exporter | pdf_exporter.py:1951 | Laporan PDF berhasil dibuat: C:\Users\USer\AppData\Local\Temp\pytest-of-USer\pytest-26\test_export_station_pdf_includ0\event_report.pdf
2026-08-18 23:58:21 | INFO     | utils.pdf_exporter | pdf_exporter.py:1954 | Laporan PDF berhasil dibuat: D:\Perkuliahan\Cadangan project\Project BSMA\outputs\reports\reports\BSMA_Report_MBJN _ 2026-02-05 18_04_37 UTC.pdf
2026-08-18 23:58:29 | INFO     | utils.pdf_exporter | pdf_exporter.py:1439 | Memulai pembuatan PDF stasiun BOJI _ 2026-02-05 18_04_37 UTC.
2026-08-19 00:00:48 | INFO     | utils.pdf_exporter | pdf_exporter.py:1954 | Laporan PDF berhasil dibuat: D:\Perkuliahan\Cadangan project\Project BSMA\outputs\reports\reports\BSMA_Report_BOJI _ 2026-02-05 18_04_37 UTC.pdf
2026-08-19 00:00:57 | INFO     | utils.pdf_exporter | pdf_exporter.py:1439 | Memulai pembuatan PDF stasiun PLJI _ 2026-02-05 18_04_37 UTC.
2026-08-19 00:03:09 | INFO     | utils.pdf_exporter | pdf_exporter.py:1954 | Laporan PDF berhasil dibuat: D:\Perkuliahan\Cadangan project\Project BSMA\outputs\reports\reports\BSMA_Report_PLJI _ 2026-02-05 18_04_37 UTC.pdf
2026-08-19 00:03:17 | INFO     | utils.pdf_exporter | pdf_exporter.py:1439 | Memulai pembuatan PDF stasiun JUII _ 2026-02-05 18_04_37 UTC.
2026-08-19 00:05:33 | INFO     | utils.pdf_exporter | pdf_exporter.py:1954 | Laporan PDF berhasil dibuat: D:\Perkuliahan\Cadangan project\Project BSMA\outputs\reports\reports\BSMA_Report_JUII _ 2026-02-05 18_04_37 UTC.pdf
2026-08-19 00:05:43 | INFO     | utils.pdf_exporter | pdf_exporter.py:1439 | Memulai pembuatan PDF stasiun MLJI _ 2026-02-05 18_04_38 UTC.
2026-08-19 00:08:09 | INFO     | utils.pdf_exporter | pdf_exporter.py:1954 | Laporan PDF berhasil dibuat: D:\Perkuliahan\Cadangan project\Project BSMA\outputs\reports\reports\BSMA_Report_MLJI _ 2026-02-05 18_04_38 UTC.pdf
2026-08-19 00:08:18 | INFO     | utils.pdf_exporter | pdf_exporter.py:1439 | Memulai pembuatan PDF stasiun TKJN _ 2026-02-05 18_04_38 UTC.
2026-08-19 00:09:38 | INFO     | root | logger.py:243 | ========================================
2026-08-19 00:09:38 | INFO     | root | logger.py:244 |  BSMA Logging Initialized
2026-08-19 00:09:38 | INFO     | root | logger.py:245 |  Log File : logs\bsma.log
2026-08-19 00:09:38 | INFO     | root | logger.py:246 |  Log Level: INFO
2026-08-19 00:09:38 | INFO     | root | logger.py:247 |  Max Size : 10485760 bytes
2026-08-19 00:09:38 | INFO     | root | logger.py:248 |  Backups  : 5
2026-08-19 00:09:38 | INFO     | root | logger.py:249 | ========================================
2026-08-19 00:09:38 | INFO     | services.analysis_service | qc.py:362 | QCAnalyzer initialized.
2026-08-19 00:09:38 | INFO     | services.analysis_service | qc.py:431 | Stream QC completed.
2026-08-19 00:09:38 | INFO     | services.analysis_service | orchestrator.py:171 | PipelineOrchestrator initialized.
2026-08-19 00:09:40 | INFO     | services.analysis_service | pipeline.py:279 | BSMA pipeline completed successfully.
2026-08-19 00:09:40 | INFO     | services.analysis_service | orchestrator.py:171 | PipelineOrchestrator initialized.
2026-08-19 00:09:42 | INFO     | services.analysis_service | pipeline.py:279 | BSMA pipeline completed successfully.
2026-08-19 00:09:42 | INFO     | services.analysis_service | orchestrator.py:171 | PipelineOrchestrator initialized.
2026-08-19 00:09:44 | INFO     | services.analysis_service | pipeline.py:279 | BSMA pipeline completed successfully.
2026-08-19 00:10:29 | INFO     | utils.pdf_exporter | pdf_exporter.py:1954 | Laporan PDF berhasil dibuat: D:\Perkuliahan\Cadangan project\Project BSMA\outputs\reports\reports\BSMA_Report_TKJN _ 2026-02-05 18_04_38 UTC.pdf
2026-08-19 00:10:32 | INFO     | root | logger.py:243 | ========================================
2026-08-19 00:10:32 | INFO     | root | logger.py:244 |  BSMA Logging Initialized
2026-08-19 00:10:32 | INFO     | root | logger.py:245 |  Log File : logs\bsma.log
2026-08-19 00:10:32 | INFO     | root | logger.py:246 |  Log Level: INFO
2026-08-19 00:10:32 | INFO     | root | logger.py:247 |  Max Size : 10485760 bytes
2026-08-19 00:10:32 | INFO     | root | logger.py:248 |  Backups  : 5
2026-08-19 00:10:32 | INFO     | root | logger.py:249 | ========================================
2026-08-19 00:10:38 | INFO     | utils.pdf_exporter | pdf_exporter.py:1439 | Memulai pembuatan PDF stasiun KMJR _ 2026-02-05 18_04_40 UTC.
2026-08-19 00:11:33 | INFO     | bsma.dashboard | qc.py:362 | QCAnalyzer initialized.
2026-08-19 00:11:33 | INFO     | bsma.dashboard | qc.py:431 | Stream QC completed.
2026-08-19 00:11:33 | INFO     | bsma.dashboard | orchestrator.py:171 | PipelineOrchestrator initialized.
2026-08-19 00:11:36 | INFO     | bsma.dashboard | pipeline.py:279 | BSMA pipeline completed successfully.
2026-08-19 00:11:36 | INFO     | bsma.dashboard | orchestrator.py:171 | PipelineOrchestrator initialized.
2026-08-19 00:11:37 | INFO     | bsma.dashboard | pipeline.py:279 | BSMA pipeline completed successfully.
2026-08-19 00:11:37 | INFO     | bsma.dashboard | orchestrator.py:171 | PipelineOrchestrator initialized.
2026-08-19 00:11:39 | INFO     | bsma.dashboard | pipeline.py:279 | BSMA pipeline completed successfully.
2026-08-19 00:12:29 | INFO     | utils.pdf_exporter | pdf_exporter.py:1954 | Laporan PDF berhasil dibuat: D:\Perkuliahan\Cadangan project\Project BSMA\outputs\reports\reports\BSMA_Report_KMJR _ 2026-02-05 18_04_40 UTC.pdf
2026-08-19 00:12:36 | INFO     | utils.pdf_exporter | pdf_exporter.py:1439 | Memulai pembuatan PDF stasiun MCJN _ 2026-02-05 18_04_41 UTC.
2026-08-19 00:13:47 | INFO     | root | logger.py:243 | ========================================
2026-08-19 00:13:47 | INFO     | root | logger.py:244 |  BSMA Logging Initialized
2026-08-19 00:13:47 | INFO     | root | logger.py:245 |  Log File : logs\bsma.log
2026-08-19 00:13:47 | INFO     | root | logger.py:246 |  Log Level: INFO
2026-08-19 00:13:47 | INFO     | root | logger.py:247 |  Max Size : 10485760 bytes
2026-08-19 00:13:47 | INFO     | root | logger.py:248 |  Backups  : 5
2026-08-19 00:13:47 | INFO     | root | logger.py:249 | ========================================
2026-08-19 00:13:47 | INFO     | services.analysis_service | qc.py:362 | QCAnalyzer initialized.
2026-08-19 00:13:47 | INFO     | services.analysis_service | qc.py:431 | Stream QC completed.
2026-08-19 00:13:47 | INFO     | services.analysis_service | orchestrator.py:171 | PipelineOrchestrator initialized.
2026-08-19 00:13:49 | INFO     | services.analysis_service | pipeline.py:279 | BSMA pipeline completed successfully.
2026-08-19 00:13:49 | INFO     | services.analysis_service | orchestrator.py:171 | PipelineOrchestrator initialized.
2026-08-19 00:13:52 | INFO     | services.analysis_service | pipeline.py:279 | BSMA pipeline completed successfully.
2026-08-19 00:13:52 | INFO     | services.analysis_service | orchestrator.py:171 | PipelineOrchestrator initialized.
2026-08-19 00:13:54 | INFO     | services.analysis_service | pipeline.py:279 | BSMA pipeline completed successfully.
2026-08-19 00:14:24 | INFO     | root | logger.py:243 | ========================================
2026-08-19 00:14:24 | INFO     | root | logger.py:244 |  BSMA Logging Initialized
2026-08-19 00:14:24 | INFO     | root | logger.py:245 |  Log File : logs\bsma.log
2026-08-19 00:14:24 | INFO     | root | logger.py:246 |  Log Level: INFO
2026-08-19 00:14:24 | INFO     | root | logger.py:247 |  Max Size : 10485760 bytes
2026-08-19 00:14:24 | INFO     | root | logger.py:248 |  Backups  : 5
2026-08-19 00:14:24 | INFO     | root | logger.py:249 | ========================================
2026-08-19 00:14:38 | INFO     | utils.pdf_exporter | pdf_exporter.py:1954 | Laporan PDF berhasil dibuat: D:\Perkuliahan\Cadangan project\Project BSMA\outputs\reports\reports\BSMA_Report_MCJN _ 2026-02-05 18_04_41 UTC.pdf
2026-08-19 00:14:45 | INFO     | utils.pdf_exporter | pdf_exporter.py:1439 | Memulai pembuatan PDF stasiun JTJN _ 2026-02-05 18_04_41 UTC.
2026-08-19 00:16:37 | INFO     | utils.pdf_exporter | pdf_exporter.py:1954 | Laporan PDF berhasil dibuat: D:\Perkuliahan\Cadangan project\Project BSMA\outputs\reports\reports\BSMA_Report_JTJN _ 2026-02-05 18_04_41 UTC.pdf
2026-08-19 00:16:43 | INFO     | utils.pdf_exporter | pdf_exporter.py:1439 | Memulai pembuatan PDF stasiun BBJM _ 2026-02-05 18_04_41 UTC.
2026-08-19 05:56:51 | INFO     | utils.pdf_exporter | pdf_exporter.py:1954 | Laporan PDF berhasil dibuat: D:\Perkuliahan\Cadangan project\Project BSMA\outputs\reports\reports\BSMA_Report_BBJM _ 2026-02-05 18_04_41 UTC.pdf
2026-08-19 05:57:02 | INFO     | utils.pdf_exporter | pdf_exporter.py:1439 | Memulai pembuatan PDF stasiun OTJN _ 2026-02-05 18_04_41 UTC.
2026-08-19 05:57:57 | INFO     | bsma.dashboard | qc.py:362 | QCAnalyzer initialized.
2026-08-19 05:57:57 | INFO     | bsma.dashboard | qc.py:431 | Stream QC completed.
2026-08-19 05:57:57 | INFO     | bsma.dashboard | orchestrator.py:171 | PipelineOrchestrator initialized.
2026-08-19 05:58:01 | INFO     | bsma.dashboard | pipeline.py:279 | BSMA pipeline completed successfully.
2026-08-19 05:58:01 | INFO     | bsma.dashboard | orchestrator.py:171 | PipelineOrchestrator initialized.
2026-08-19 05:58:04 | INFO     | bsma.dashboard | pipeline.py:279 | BSMA pipeline completed successfully.
2026-08-19 05:58:04 | INFO     | bsma.dashboard | orchestrator.py:171 | PipelineOrchestrator initialized.
2026-08-19 05:58:07 | INFO     | bsma.dashboard | pipeline.py:279 | BSMA pipeline completed successfully.
2026-08-19 05:59:36 | INFO     | utils.pdf_exporter | pdf_exporter.py:1954 | Laporan PDF berhasil dibuat: D:\Perkuliahan\Cadangan project\Project BSMA\outputs\reports\reports\BSMA_Report_OTJN _ 2026-02-05 18_04_41 UTC.pdf
2026-08-19 05:59:45 | INFO     | utils.pdf_exporter | pdf_exporter.py:1439 | Memulai pembuatan PDF stasiun GGJM _ 2026-02-05 18_04_42 UTC.
2026-08-19 06:02:01 | INFO     | utils.pdf_exporter | pdf_exporter.py:1436 | Memulai pembuatan PDF stasiun MKJM _ 2026-02-05 18_04_37 UTC.
2026-08-19 06:02:17 | INFO     | utils.pdf_exporter | pdf_exporter.py:1954 | Laporan PDF berhasil dibuat: D:\Perkuliahan\Cadangan project\Project BSMA\outputs\reports\reports\BSMA_Report_GGJM _ 2026-02-05 18_04_42 UTC.pdf
2026-08-19 06:02:27 | INFO     | utils.pdf_exporter | pdf_exporter.py:1439 | Memulai pembuatan PDF stasiun JWJM _ 2026-02-05 18_04_42 UTC.
2026-08-19 06:04:43 | INFO     | utils.pdf_exporter | pdf_exporter.py:1951 | Laporan PDF berhasil dibuat: D:\Perkuliahan\Cadangan project\Project BSMA\outputs\reports\BSMA_Report_MKJM _ 2026-02-05 18_04_37 UTC.pdf
2026-08-19 06:05:03 | INFO     | utils.pdf_exporter | pdf_exporter.py:1954 | Laporan PDF berhasil dibuat: D:\Perkuliahan\Cadangan project\Project BSMA\outputs\reports\reports\BSMA_Report_JWJM _ 2026-02-05 18_04_42 UTC.pdf
2026-08-19 06:06:43 | INFO     | root | logger.py:243 | ========================================
2026-08-19 06:06:43 | INFO     | root | logger.py:244 |  BSMA Logging Initialized
2026-08-19 06:06:43 | INFO     | root | logger.py:245 |  Log File : logs\bsma.log
2026-08-19 06:06:43 | INFO     | root | logger.py:246 |  Log Level: INFO
2026-08-19 06:06:43 | INFO     | root | logger.py:247 |  Max Size : 10485760 bytes
2026-08-19 06:06:43 | INFO     | root | logger.py:248 |  Backups  : 5
2026-08-19 06:06:43 | INFO     | root | logger.py:249 | ========================================
2026-08-19 06:06:43 | INFO     | services.analysis_service | qc.py:362 | QCAnalyzer initialized.
2026-08-19 06:06:43 | INFO     | services.analysis_service | qc.py:431 | Stream QC completed.
2026-08-19 06:06:43 | INFO     | services.analysis_service | orchestrator.py:171 | PipelineOrchestrator initialized.
2026-08-19 06:06:47 | INFO     | services.analysis_service | pipeline.py:279 | BSMA pipeline completed successfully.
2026-08-19 06:06:47 | INFO     | services.analysis_service | orchestrator.py:171 | PipelineOrchestrator initialized.
2026-08-19 06:06:50 | INFO     | services.analysis_service | pipeline.py:279 | BSMA pipeline completed successfully.
2026-08-19 06:06:50 | INFO     | services.analysis_service | orchestrator.py:171 | PipelineOrchestrator initialized.
2026-08-19 06:06:53 | INFO     | services.analysis_service | pipeline.py:279 | BSMA pipeline completed successfully.
2026-08-19 06:06:53 | INFO     | utils.pdf_exporter | pdf_exporter.py:1436 | Memulai pembuatan PDF stasiun PPJR.
2026-08-19 06:09:38 | INFO     | utils.pdf_exporter | pdf_exporter.py:1951 | Laporan PDF berhasil dibuat: d:\Perkuliahan\Cadangan project\Project BSMA\scratch\test_benchmark.pdf
2026-08-19 06:15:15 | INFO     | root | logger.py:243 | ========================================
2026-08-19 06:15:15 | INFO     | root | logger.py:244 |  BSMA Logging Initialized
2026-08-19 06:15:15 | INFO     | root | logger.py:245 |  Log File : logs\bsma.log
2026-08-19 06:15:15 | INFO     | root | logger.py:246 |  Log Level: INFO
2026-08-19 06:15:15 | INFO     | root | logger.py:247 |  Max Size : 10485760 bytes
2026-08-19 06:15:15 | INFO     | root | logger.py:248 |  Backups  : 5
2026-08-19 06:15:15 | INFO     | root | logger.py:249 | ========================================
2026-08-19 06:15:16 | INFO     | services.analysis_service | qc.py:362 | QCAnalyzer initialized.
2026-08-19 06:15:16 | INFO     | services.analysis_service | qc.py:431 | Stream QC completed.
2026-08-19 06:15:16 | INFO     | services.analysis_service | orchestrator.py:171 | PipelineOrchestrator initialized.
2026-08-19 06:15:19 | INFO     | services.analysis_service | pipeline.py:279 | BSMA pipeline completed successfully.
2026-08-19 06:15:19 | INFO     | services.analysis_service | orchestrator.py:171 | PipelineOrchestrator initialized.
2026-08-19 06:15:21 | INFO     | services.analysis_service | pipeline.py:279 | BSMA pipeline completed successfully.
2026-08-19 06:15:21 | INFO     | services.analysis_service | orchestrator.py:171 | PipelineOrchestrator initialized.
2026-08-19 06:15:24 | INFO     | services.analysis_service | pipeline.py:279 | BSMA pipeline completed successfully.
2026-08-19 06:15:24 | INFO     | utils.pdf_exporter | pdf_exporter.py:1449 | Memulai pembuatan PDF stasiun PPJR.
2026-08-19 06:16:00 | INFO     | utils.pdf_exporter | pdf_exporter.py:1966 | Laporan PDF berhasil dibuat: d:\Perkuliahan\Cadangan project\Project BSMA\scratch\test_benchmark.pdf
2026-08-19 06:17:12 | INFO     | root | logger.py:243 | ========================================
2026-08-19 06:17:12 | INFO     | root | logger.py:244 |  BSMA Logging Initialized
2026-08-19 06:17:12 | INFO     | root | logger.py:245 |  Log File : logs\bsma.log
2026-08-19 06:17:12 | INFO     | root | logger.py:246 |  Log Level: INFO
2026-08-19 06:17:12 | INFO     | root | logger.py:247 |  Max Size : 10485760 bytes
2026-08-19 06:17:12 | INFO     | root | logger.py:248 |  Backups  : 5
2026-08-19 06:17:12 | INFO     | root | logger.py:249 | ========================================
2026-08-19 06:17:12 | INFO     | services.analysis_service | qc.py:362 | QCAnalyzer initialized.
2026-08-19 06:17:12 | INFO     | services.analysis_service | qc.py:431 | Stream QC completed.
2026-08-19 06:17:12 | INFO     | services.analysis_service | orchestrator.py:171 | PipelineOrchestrator initialized.
2026-08-19 06:17:14 | INFO     | services.analysis_service | pipeline.py:279 | BSMA pipeline completed successfully.
2026-08-19 06:17:14 | INFO     | services.analysis_service | orchestrator.py:171 | PipelineOrchestrator initialized.
2026-08-19 06:17:17 | INFO     | services.analysis_service | pipeline.py:279 | BSMA pipeline completed successfully.
2026-08-19 06:17:17 | INFO     | services.analysis_service | orchestrator.py:171 | PipelineOrchestrator initialized.
2026-08-19 06:17:20 | INFO     | services.analysis_service | pipeline.py:279 | BSMA pipeline completed successfully.
2026-08-19 06:17:20 | INFO     | utils.pdf_exporter | pdf_exporter.py:1481 | Memulai pembuatan PDF stasiun PPJR.
2026-08-19 06:18:06 | INFO     | utils.pdf_exporter | pdf_exporter.py:1884 | Laporan PDF berhasil dibuat: d:\Perkuliahan\Cadangan project\Project BSMA\scratch\test_benchmark.pdf
2026-08-19 06:18:51 | INFO     | root | logger.py:243 | ========================================
2026-08-19 06:18:51 | INFO     | root | logger.py:244 |  BSMA Logging Initialized
2026-08-19 06:18:51 | INFO     | root | logger.py:245 |  Log File : logs\bsma.log
2026-08-19 06:18:51 | INFO     | root | logger.py:246 |  Log Level: INFO
2026-08-19 06:18:51 | INFO     | root | logger.py:247 |  Max Size : 10485760 bytes
2026-08-19 06:18:51 | INFO     | root | logger.py:248 |  Backups  : 5
2026-08-19 06:18:51 | INFO     | root | logger.py:249 | ========================================
2026-08-19 06:18:51 | INFO     | services.analysis_service | qc.py:362 | QCAnalyzer initialized.
2026-08-19 06:18:51 | INFO     | services.analysis_service | qc.py:431 | Stream QC completed.
2026-08-19 06:18:51 | INFO     | services.analysis_service | orchestrator.py:171 | PipelineOrchestrator initialized.
2026-08-19 06:18:51 | INFO     | services.analysis_service | pipeline.py:279 | BSMA pipeline completed successfully.
2026-08-19 06:18:51 | INFO     | utils.pdf_exporter | pdf_exporter.py:1481 | Memulai pembuatan PDF stasiun TEST.
2026-08-19 06:19:06 | INFO     | utils.pdf_exporter | pdf_exporter.py:1884 | Laporan PDF berhasil dibuat: C:\Users\USer\AppData\Local\Temp\pytest-of-USer\pytest-27\test_export_service_generates_0\report.pdf
2026-08-19 06:19:06 | INFO     | services.analysis_service | qc.py:362 | QCAnalyzer initialized.
2026-08-19 06:19:06 | INFO     | services.analysis_service | qc.py:431 | Stream QC completed.
2026-08-19 06:19:06 | INFO     | services.analysis_service | orchestrator.py:171 | PipelineOrchestrator initialized.
2026-08-19 06:19:06 | INFO     | services.analysis_service | pipeline.py:279 | BSMA pipeline completed successfully.
2026-08-19 06:19:06 | INFO     | utils.pdf_exporter | pdf_exporter.py:1481 | Memulai pembuatan PDF stasiun TEST.
2026-08-19 06:19:24 | INFO     | utils.pdf_exporter | pdf_exporter.py:1884 | Laporan PDF berhasil dibuat: C:\Users\USer\AppData\Local\Temp\pytest-of-USer\pytest-27\test_export_station_pdf_includ0\event_report.pdf
2026-08-19 06:19:34 | INFO     | root | logger.py:243 | ========================================
2026-08-19 06:19:35 | INFO     | root | logger.py:244 |  BSMA Logging Initialized
2026-08-19 06:19:35 | INFO     | root | logger.py:245 |  Log File : logs\bsma.log
2026-08-19 06:19:35 | INFO     | root | logger.py:246 |  Log Level: INFO
2026-08-19 06:19:35 | INFO     | root | logger.py:247 |  Max Size : 10485760 bytes
2026-08-19 06:19:35 | INFO     | root | logger.py:248 |  Backups  : 5
2026-08-19 06:19:35 | INFO     | root | logger.py:249 | ========================================
2026-08-19 06:20:18 | INFO     | root | logger.py:243 | ========================================
2026-08-19 06:20:18 | INFO     | root | logger.py:244 |  BSMA Logging Initialized
2026-08-19 06:20:18 | INFO     | root | logger.py:245 |  Log File : logs\bsma.log
2026-08-19 06:20:18 | INFO     | root | logger.py:246 |  Log Level: INFO
2026-08-19 06:20:18 | INFO     | root | logger.py:247 |  Max Size : 10485760 bytes
2026-08-19 06:20:18 | INFO     | root | logger.py:248 |  Backups  : 5
2026-08-19 06:20:18 | INFO     | root | logger.py:249 | ========================================
2026-08-19 06:20:22 | INFO     | services.analysis_service | qc.py:362 | QCAnalyzer initialized.
2026-08-19 06:20:22 | INFO     | services.analysis_service | qc.py:431 | Stream QC completed.
2026-08-19 06:20:22 | INFO     | services.analysis_service | orchestrator.py:171 | PipelineOrchestrator initialized.
2026-08-19 06:20:22 | INFO     | services.analysis_service | pipeline.py:279 | BSMA pipeline completed successfully.
2026-08-19 06:20:22 | INFO     | services.analysis_service | qc.py:362 | QCAnalyzer initialized.
2026-08-19 06:20:22 | INFO     | services.analysis_service | qc.py:431 | Stream QC completed.
2026-08-19 06:20:22 | INFO     | services.analysis_service | orchestrator.py:171 | PipelineOrchestrator initialized.
2026-08-19 06:20:22 | ERROR    | services.analysis_service | analysis_service.py:259 | BSMA analysis failed for trace XX.TEST.00.HNE.
Traceback (most recent call last):
  File "D:\Perkuliahan\Cadangan project\Project BSMA\services\analysis_service.py", line 248, in process_station_stream
    context = self._create_initial_context(
              ~~~~~~~~~~~~~~~~~~~~~~~~~~~~^
        trace=trace,
        ^^^^^^^^^^^^
        inventory=inventory,
        ^^^^^^^^^^^^^^^^^^^^
        qc_metrics=qc_report.trace_metrics[trace.id],
        ^^^^^^^^^^^^^^^^^^^^^^^^^^^^^^^^^^^^^^^^^^^^^
    ).add_history("FilterRecommendation", filter_decision)
    ^
  File "D:\Perkuliahan\Cadangan project\Project BSMA\services\analysis_service.py", line 354, in _create_initial_context
    raise AnalysisServiceError(
    ...<2 lines>...
    )
services.analysis_service.AnalysisServiceError: StationXML is absent for XX.TEST.00.HNE. Declare input_unit explicitly to confirm that the samples are acceleration.
2026-08-19 06:20:22 | INFO     | services.analysis_service | qc.py:362 | QCAnalyzer initialized.
2026-08-19 06:20:22 | INFO     | services.analysis_service | qc.py:362 | QCAnalyzer initialized.
2026-08-19 06:20:22 | INFO     | services.analysis_service | qc.py:431 | Stream QC completed.
2026-08-19 06:20:22 | INFO     | services.analysis_service | orchestrator.py:171 | PipelineOrchestrator initialized.
2026-08-19 06:20:22 | INFO     | services.analysis_service | pipeline.py:279 | BSMA pipeline completed successfully.
2026-08-19 06:20:24 | INFO     | services.analysis_service | qc.py:362 | QCAnalyzer initialized.
2026-08-19 06:20:24 | INFO     | services.analysis_service | qc.py:431 | Stream QC completed.
2026-08-19 06:20:24 | INFO     | services.analysis_service | orchestrator.py:171 | PipelineOrchestrator initialized.
2026-08-19 06:20:24 | INFO     | services.analysis_service | pipeline.py:279 | BSMA pipeline completed successfully.
2026-08-19 06:20:24 | INFO     | services.analysis_service | qc.py:362 | QCAnalyzer initialized.
2026-08-19 06:20:24 | INFO     | services.analysis_service | qc.py:431 | Stream QC completed.
2026-08-19 06:20:24 | INFO     | services.analysis_service | orchestrator.py:171 | PipelineOrchestrator initialized.
2026-08-19 06:20:24 | INFO     | services.analysis_service | pipeline.py:279 | BSMA pipeline completed successfully.
2026-08-19 06:20:24 | INFO     | utils.pdf_exporter | pdf_exporter.py:1481 | Memulai pembuatan PDF stasiun TEST.
2026-08-19 06:20:25 | INFO     | root | logger.py:243 | ========================================
2026-08-19 06:20:25 | INFO     | root | logger.py:244 |  BSMA Logging Initialized
2026-08-19 06:20:25 | INFO     | root | logger.py:245 |  Log File : logs\bsma.log
2026-08-19 06:20:25 | INFO     | root | logger.py:246 |  Log Level: INFO
2026-08-19 06:20:25 | INFO     | root | logger.py:247 |  Max Size : 10485760 bytes
2026-08-19 06:20:25 | INFO     | root | logger.py:248 |  Backups  : 5
2026-08-19 06:20:25 | INFO     | root | logger.py:249 | ========================================
2026-08-19 06:20:45 | INFO     | utils.pdf_exporter | pdf_exporter.py:1884 | Laporan PDF berhasil dibuat: C:\Users\USer\AppData\Local\Temp\pytest-of-USer\pytest-28\test_export_service_generates_0\report.pdf
2026-08-19 06:20:45 | INFO     | services.analysis_service | qc.py:362 | QCAnalyzer initialized.
2026-08-19 06:20:45 | INFO     | services.analysis_service | qc.py:431 | Stream QC completed.
2026-08-19 06:20:45 | INFO     | services.analysis_service | orchestrator.py:171 | PipelineOrchestrator initialized.
2026-08-19 06:20:45 | INFO     | services.analysis_service | pipeline.py:279 | BSMA pipeline completed successfully.
2026-08-19 06:20:45 | INFO     | utils.pdf_exporter | pdf_exporter.py:1481 | Memulai pembuatan PDF stasiun TEST.
2026-08-19 06:20:46 | ERROR    | utils.pdf_exporter | pdf_exporter.py:915 | Gagal merender HUSID/FAS plot: 
\mathdefault{10^{-3}}
^
ParseFatalException: Unknown symbol: \mathdefault, found '\'  (at char 0), (line:1, col:1)
Traceback (most recent call last):
  File "D:\Perkuliahan\Cadangan project\Project BSMA\utils\pdf_exporter.py", line 910, in _render_husid_fas_plot
    figure.tight_layout()
    ~~~~~~~~~~~~~~~~~~~^^
  File "C:\Users\USer\Documents\ChatGPT\New project\Project BSMA\.venv\Lib\site-packages\matplotlib\figure.py", line 3665, in tight_layout
    engine.execute(self)
    ~~~~~~~~~~~~~~^^^^^^
  File "C:\Users\USer\Documents\ChatGPT\New project\Project BSMA\.venv\Lib\site-packages\matplotlib\layout_engine.py", line 188, in execute
    kwargs = get_tight_layout_figure(
        fig, fig.axes, get_subplotspec_list(fig.axes), renderer,
        pad=info['pad'], h_pad=info['h_pad'], w_pad=info['w_pad'],
        rect=info['rect'])
  File "C:\Users\USer\Documents\ChatGPT\New project\Project BSMA\.venv\Lib\site-packages\matplotlib\_tight_layout.py", line 266, in get_tight_layout_figure
    kwargs = _auto_adjust_subplotpars(fig, renderer,
                                      shape=(max_nrows, max_ncols),
    ...<2 lines>...
                                      ax_bbox_list=ax_bbox_list,
                                      pad=pad, h_pad=h_pad, w_pad=w_pad)
  File "C:\Users\USer\Documents\ChatGPT\New project\Project BSMA\.venv\Lib\site-packages\matplotlib\_tight_layout.py", line 82, in _auto_adjust_subplotpars
    bb += [martist._get_tightbbox_for_layout_only(ax, renderer)]
           ~~~~~~~~~~~~~~~~~~~~~~~~~~~~~~~~~~~~~~^^^^^^^^^^^^^^
  File "C:\Users\USer\Documents\ChatGPT\New project\Project BSMA\.venv\Lib\site-packages\matplotlib\artist.py", line 1485, in _get_tightbbox_for_layout_only
    return obj.get_tightbbox(*args, **{**kwargs, "for_layout_only": True})
           ~~~~~~~~~~~~~~~~~^^^^^^^^^^^^^^^^^^^^^^^^^^^^^^^^^^^^^^^^^^^^^^
  File "C:\Users\USer\Documents\ChatGPT\New project\Project BSMA\.venv\Lib\site-packages\matplotlib\axes\_base.py", line 4758, in get_tightbbox
    ba = martist._get_tightbbox_for_layout_only(axis, renderer)
  File "C:\Users\USer\Documents\ChatGPT\New project\Project BSMA\.venv\Lib\site-packages\matplotlib\artist.py", line 1485, in _get_tightbbox_for_layout_only
    return obj.get_tightbbox(*args, **{**kwargs, "for_layout_only": True})
           ~~~~~~~~~~~~~~~~~^^^^^^^^^^^^^^^^^^^^^^^^^^^^^^^^^^^^^^^^^^^^^^
  File "C:\Users\USer\Documents\ChatGPT\New project\Project BSMA\.venv\Lib\site-packages\matplotlib\axis.py", line 1427, in get_tightbbox
    self._update_label_position(renderer)
    ~~~~~~~~~~~~~~~~~~~~~~~~~~~^^^^^^^^^^
  File "C:\Users\USer\Documents\ChatGPT\New project\Project BSMA\.venv\Lib\site-packages\matplotlib\axis.py", line 2842, in _update_label_position
    bboxes, bboxes2 = self._get_tick_boxes_siblings(renderer=renderer)
                      ~~~~~~~~~~~~~~~~~~~~~~~~~~~~~^^^^^^^^^^^^^^^^^^^
  File "C:\Users\USer\Documents\ChatGPT\New project\Project BSMA\.venv\Lib\site-packages\matplotlib\axis.py", line 2403, in _get_tick_boxes_siblings
    tlb, tlb2 = axis._get_ticklabel_bboxes(ticks_to_draw, renderer)
                ~~~~~~~~~~~~~~~~~~~~~~~~~~^^^^^^^^^^^^^^^^^^^^^^^^^
  File "C:\Users\USer\Documents\ChatGPT\New project\Project BSMA\.venv\Lib\site-packages\matplotlib\axis.py", line 1404, in _get_ticklabel_bboxes
    return ([tick.label1.get_window_extent(renderer)
             ~~~~~~~~~~~~~~~~~~~~~~~~~~~~~^^^^^^^^^^
  File "C:\Users\USer\Documents\ChatGPT\New project\Project BSMA\.venv\Lib\site-packages\matplotlib\text.py", line 1076, in get_window_extent
    bbox, _, _ = self._get_layout(self._renderer)
                 ~~~~~~~~~~~~~~~~^^^^^^^^^^^^^^^^
  File "C:\Users\USer\Documents\ChatGPT\New project\Project BSMA\.venv\Lib\site-packages\matplotlib\text.py", line 479, in _get_layout
    w, h, d = _get_text_metrics_with_cache(
              ~~~~~~~~~~~~~~~~~~~~~~~~~~~~^
        renderer, clean_line, self._fontproperties,
        ^^^^^^^^^^^^^^^^^^^^^^^^^^^^^^^^^^^^^^^^^^^
        ismath=ismath, dpi=self.get_figure(root=True).dpi)
        ^^^^^^^^^^^^^^^^^^^^^^^^^^^^^^^^^^^^^^^^^^^^^^^^^^
  File "C:\Users\USer\Documents\ChatGPT\New project\Project BSMA\.venv\Lib\site-packages\matplotlib\text.py", line 59, in _get_text_metrics_with_cache
    return get_text_metrics(text, fontprop.copy(), ismath, dpi)
  File "C:\Users\USer\Documents\ChatGPT\New project\Project BSMA\.venv\Lib\site-packages\matplotlib\text.py", line 125, in _text_metrics
    return local_renderer.get_text_width_height_descent(text, fontprop, ismath)
           ~~~~~~~~~~~~~~~~~~~~~~~~~~~~~~~~~~~~~~~~~~~~^^^^^^^^^^^^^^^^^^^^^^^^
  File "C:\Users\USer\Documents\ChatGPT\New project\Project BSMA\.venv\Lib\site-packages\matplotlib\backends\backend_agg.py", line 259, in get_text_width_height_descent
    parse = self.mathtext_parser.parse(s, self.dpi, prop)
  File "C:\Users\USer\Documents\ChatGPT\New project\Project BSMA\.venv\Lib\site-packages\matplotlib\mathtext.py", line 86, in parse
    return self._parse_cached(s, dpi, prop, antialiased, load_glyph_flags)
           ~~~~~~~~~~~~~~~~~~^^^^^^^^^^^^^^^^^^^^^^^^^^^^^^^^^^^^^^^^^^^^^
  File "C:\Users\USer\Documents\ChatGPT\New project\Project BSMA\.venv\Lib\site-packages\matplotlib\mathtext.py", line 100, in _parse_cached
    box = self._parser.parse(s, fontset, fontsize, dpi)
  File "C:\Users\USer\Documents\ChatGPT\New project\Project BSMA\.venv\Lib\site-packages\matplotlib\_mathtext.py", line 2306, in parse
    raise ValueError("\n" + err.explain(0)) from None
ValueError: 
\mathdefault{10^{-3}}
^
ParseFatalException: Unknown symbol: \mathdefault, found '\'  (at char 0), (line:1, col:1)
2026-08-19 06:20:46 | ERROR    | utils.pdf_exporter | pdf_exporter.py:1801 | Gagal membuat response spectrum untuk stasiun TEST.
Traceback (most recent call last):
  File "D:\Perkuliahan\Cadangan project\Project BSMA\utils\pdf_exporter.py", line 1799, in export_station_report
    spectrum_available = fut_spectrum.result()
  File "C:\Users\USer\AppData\Local\Programs\Python\Python313\Lib\concurrent\futures\_base.py", line 456, in result
    return self.__get_result()
           ~~~~~~~~~~~~~~~~~^^
  File "C:\Users\USer\AppData\Local\Programs\Python\Python313\Lib\concurrent\futures\_base.py", line 401, in __get_result
    raise self._exception
  File "C:\Users\USer\AppData\Local\Programs\Python\Python313\Lib\concurrent\futures\thread.py", line 59, in run
    result = self.fn(*self.args, **self.kwargs)
  File "D:\Perkuliahan\Cadangan project\Project BSMA\utils\pdf_exporter.py", line 846, in generate_spectrum_overlay
    fig.savefig(
    ~~~~~~~~~~~^
        output_path,
        ^^^^^^^^^^^^
        dpi=110,
        ^^^^^^^^
        facecolor="white",
        ^^^^^^^^^^^^^^^^^^
    )
    ^
  File "C:\Users\USer\Documents\ChatGPT\New project\Project BSMA\.venv\Lib\site-packages\matplotlib\figure.py", line 3515, in savefig
    self.canvas.print_figure(fname, **kwargs)
    ~~~~~~~~~~~~~~~~~~~~~~~~^^^^^^^^^^^^^^^^^
  File "C:\Users\USer\Documents\ChatGPT\New project\Project BSMA\.venv\Lib\site-packages\matplotlib\backend_bases.py", line 2257, in print_figure
    self.figure.draw(renderer)
    ~~~~~~~~~~~~~~~~^^^^^^^^^^
  File "C:\Users\USer\Documents\ChatGPT\New project\Project BSMA\.venv\Lib\site-packages\matplotlib\artist.py", line 94, in draw_wrapper
    result = draw(artist, renderer, *args, **kwargs)
  File "C:\Users\USer\Documents\ChatGPT\New project\Project BSMA\.venv\Lib\site-packages\matplotlib\artist.py", line 71, in draw_wrapper
    return draw(artist, renderer)
  File "C:\Users\USer\Documents\ChatGPT\New project\Project BSMA\.venv\Lib\site-packages\matplotlib\figure.py", line 3282, in draw
    mimage._draw_list_compositing_images(
    ~~~~~~~~~~~~~~~~~~~~~~~~~~~~~~~~~~~~^
        renderer, self, artists, self.suppressComposite)
        ^^^^^^^^^^^^^^^^^^^^^^^^^^^^^^^^^^^^^^^^^^^^^^^^
  File "C:\Users\USer\Documents\ChatGPT\New project\Project BSMA\.venv\Lib\site-packages\matplotlib\image.py", line 133, in _draw_list_compositing_images
    a.draw(renderer)
    ~~~~~~^^^^^^^^^^
  File "C:\Users\USer\Documents\ChatGPT\New project\Project BSMA\.venv\Lib\site-packages\matplotlib\artist.py", line 71, in draw_wrapper
    return draw(artist, renderer)
  File "C:\Users\USer\Documents\ChatGPT\New project\Project BSMA\.venv\Lib\site-packages\matplotlib\axes\_base.py", line 3367, in draw
    mimage._draw_list_compositing_images(
    ~~~~~~~~~~~~~~~~~~~~~~~~~~~~~~~~~~~~^
        renderer, self, artists, self.get_figure(root=True).suppressComposite)
        ^^^^^^^^^^^^^^^^^^^^^^^^^^^^^^^^^^^^^^^^^^^^^^^^^^^^^^^^^^^^^^^^^^^^^^
  File "C:\Users\USer\Documents\ChatGPT\New project\Project BSMA\.venv\Lib\site-packages\matplotlib\image.py", line 133, in _draw_list_compositing_images
    a.draw(renderer)
    ~~~~~~^^^^^^^^^^
  File "C:\Users\USer\Documents\ChatGPT\New project\Project BSMA\.venv\Lib\site-packages\matplotlib\artist.py", line 71, in draw_wrapper
    return draw(artist, renderer)
  File "C:\Users\USer\Documents\ChatGPT\New project\Project BSMA\.venv\Lib\site-packages\matplotlib\axis.py", line 1478, in draw
    tlb1, tlb2 = self._get_ticklabel_bboxes(ticks_to_draw, renderer)
                 ~~~~~~~~~~~~~~~~~~~~~~~~~~^^^^^^^^^^^^^^^^^^^^^^^^^
  File "C:\Users\USer\Documents\ChatGPT\New project\Project BSMA\.venv\Lib\site-packages\matplotlib\axis.py", line 1404, in _get_ticklabel_bboxes
    return ([tick.label1.get_window_extent(renderer)
             ~~~~~~~~~~~~~~~~~~~~~~~~~~~~~^^^^^^^^^^
  File "C:\Users\USer\Documents\ChatGPT\New project\Project BSMA\.venv\Lib\site-packages\matplotlib\text.py", line 1076, in get_window_extent
    bbox, _, _ = self._get_layout(self._renderer)
                 ~~~~~~~~~~~~~~~~^^^^^^^^^^^^^^^^
  File "C:\Users\USer\Documents\ChatGPT\New project\Project BSMA\.venv\Lib\site-packages\matplotlib\text.py", line 479, in _get_layout
    w, h, d = _get_text_metrics_with_cache(
              ~~~~~~~~~~~~~~~~~~~~~~~~~~~~^
        renderer, clean_line, self._fontproperties,
        ^^^^^^^^^^^^^^^^^^^^^^^^^^^^^^^^^^^^^^^^^^^
        ismath=ismath, dpi=self.get_figure(root=True).dpi)
        ^^^^^^^^^^^^^^^^^^^^^^^^^^^^^^^^^^^^^^^^^^^^^^^^^^
  File "C:\Users\USer\Documents\ChatGPT\New project\Project BSMA\.venv\Lib\site-packages\matplotlib\text.py", line 59, in _get_text_metrics_with_cache
    return get_text_metrics(text, fontprop.copy(), ismath, dpi)
  File "C:\Users\USer\Documents\ChatGPT\New project\Project BSMA\.venv\Lib\site-packages\matplotlib\text.py", line 125, in _text_metrics
    return local_renderer.get_text_width_height_descent(text, fontprop, ismath)
           ~~~~~~~~~~~~~~~~~~~~~~~~~~~~~~~~~~~~~~~~~~~~^^^^^^^^^^^^^^^^^^^^^^^^
  File "C:\Users\USer\Documents\ChatGPT\New project\Project BSMA\.venv\Lib\site-packages\matplotlib\backends\backend_agg.py", line 259, in get_text_width_height_descent
    parse = self.mathtext_parser.parse(s, self.dpi, prop)
  File "C:\Users\USer\Documents\ChatGPT\New project\Project BSMA\.venv\Lib\site-packages\matplotlib\mathtext.py", line 86, in parse
    return self._parse_cached(s, dpi, prop, antialiased, load_glyph_flags)
           ~~~~~~~~~~~~~~~~~~^^^^^^^^^^^^^^^^^^^^^^^^^^^^^^^^^^^^^^^^^^^^^
  File "C:\Users\USer\Documents\ChatGPT\New project\Project BSMA\.venv\Lib\site-packages\matplotlib\mathtext.py", line 100, in _parse_cached
    box = self._parser.parse(s, fontset, fontsize, dpi)
  File "C:\Users\USer\Documents\ChatGPT\New project\Project BSMA\.venv\Lib\site-packages\matplotlib\_mathtext.py", line 2306, in parse
    raise ValueError("\n" + err.explain(0)) from None
ValueError: 

^
ParseException: exception raised in parse action  (at char 0), (line:1, col:1)
2026-08-19 06:20:54 | INFO     | utils.pdf_exporter | pdf_exporter.py:1884 | Laporan PDF berhasil dibuat: C:\Users\USer\AppData\Local\Temp\pytest-of-USer\pytest-28\test_export_station_pdf_includ0\event_report.pdf
2026-08-19 06:20:55 | INFO     | core.pipeline | orchestrator.py:171 | PipelineOrchestrator initialized.
2026-08-19 06:20:55 | INFO     | core.pipeline | pipeline.py:279 | BSMA pipeline completed successfully.
2026-08-19 06:20:55 | INFO     | core.preprocessing.qc | qc.py:362 | QCAnalyzer initialized.
2026-08-19 06:20:55 | INFO     | core.preprocessing.qc | qc.py:431 | Stream QC completed.
2026-08-19 06:21:27 | INFO     | root | logger.py:243 | ========================================
2026-08-19 06:21:27 | INFO     | root | logger.py:244 |  BSMA Logging Initialized
2026-08-19 06:21:27 | INFO     | root | logger.py:245 |  Log File : logs\bsma.log
2026-08-19 06:21:27 | INFO     | root | logger.py:246 |  Log Level: INFO
2026-08-19 06:21:27 | INFO     | root | logger.py:247 |  Max Size : 10485760 bytes
2026-08-19 06:21:27 | INFO     | root | logger.py:248 |  Backups  : 5
2026-08-19 06:21:27 | INFO     | root | logger.py:249 | ========================================
2026-08-19 06:21:27 | INFO     | services.analysis_service | qc.py:362 | QCAnalyzer initialized.
2026-08-19 06:21:27 | INFO     | services.analysis_service | qc.py:431 | Stream QC completed.
2026-08-19 06:21:27 | INFO     | services.analysis_service | orchestrator.py:171 | PipelineOrchestrator initialized.
2026-08-19 06:21:27 | INFO     | services.analysis_service | pipeline.py:279 | BSMA pipeline completed successfully.
2026-08-19 06:21:27 | INFO     | utils.pdf_exporter | pdf_exporter.py:1481 | Memulai pembuatan PDF stasiun TEST.
2026-08-19 06:21:44 | INFO     | utils.pdf_exporter | pdf_exporter.py:1884 | Laporan PDF berhasil dibuat: C:\Users\USer\AppData\Local\Temp\pytest-of-USer\pytest-29\test_export_service_generates_0\report.pdf
2026-08-19 06:21:44 | INFO     | services.analysis_service | qc.py:362 | QCAnalyzer initialized.
2026-08-19 06:21:44 | INFO     | services.analysis_service | qc.py:431 | Stream QC completed.
2026-08-19 06:21:44 | INFO     | services.analysis_service | orchestrator.py:171 | PipelineOrchestrator initialized.
2026-08-19 06:21:44 | INFO     | services.analysis_service | pipeline.py:279 | BSMA pipeline completed successfully.
2026-08-19 06:21:44 | INFO     | utils.pdf_exporter | pdf_exporter.py:1481 | Memulai pembuatan PDF stasiun TEST.
2026-08-19 06:22:00 | INFO     | utils.pdf_exporter | pdf_exporter.py:1884 | Laporan PDF berhasil dibuat: C:\Users\USer\AppData\Local\Temp\pytest-of-USer\pytest-29\test_export_station_pdf_includ0\event_report.pdf
2026-08-19 06:22:13 | INFO     | root | logger.py:243 | ========================================
2026-08-19 06:22:13 | INFO     | root | logger.py:244 |  BSMA Logging Initialized
2026-08-19 06:22:13 | INFO     | root | logger.py:245 |  Log File : logs\bsma.log
2026-08-19 06:22:13 | INFO     | root | logger.py:246 |  Log Level: INFO
2026-08-19 06:22:13 | INFO     | root | logger.py:247 |  Max Size : 10485760 bytes
2026-08-19 06:22:13 | INFO     | root | logger.py:248 |  Backups  : 5
2026-08-19 06:22:13 | INFO     | root | logger.py:249 | ========================================
2026-08-19 06:22:13 | INFO     | services.analysis_service | qc.py:362 | QCAnalyzer initialized.
2026-08-19 06:22:13 | INFO     | services.analysis_service | qc.py:431 | Stream QC completed.
2026-08-19 06:22:13 | INFO     | services.analysis_service | orchestrator.py:171 | PipelineOrchestrator initialized.
2026-08-19 06:22:16 | INFO     | services.analysis_service | pipeline.py:279 | BSMA pipeline completed successfully.
2026-08-19 06:22:16 | INFO     | services.analysis_service | orchestrator.py:171 | PipelineOrchestrator initialized.
2026-08-19 06:22:20 | INFO     | services.analysis_service | pipeline.py:279 | BSMA pipeline completed successfully.
2026-08-19 06:22:20 | INFO     | services.analysis_service | orchestrator.py:171 | PipelineOrchestrator initialized.
2026-08-19 06:22:22 | INFO     | services.analysis_service | pipeline.py:279 | BSMA pipeline completed successfully.
2026-08-19 06:23:07 | INFO     | bsma.dashboard | qc.py:362 | QCAnalyzer initialized.
2026-08-19 06:23:07 | INFO     | bsma.dashboard | qc.py:431 | Stream QC completed.
2026-08-19 06:23:07 | INFO     | bsma.dashboard | orchestrator.py:171 | PipelineOrchestrator initialized.
2026-08-19 06:23:10 | INFO     | bsma.dashboard | pipeline.py:279 | BSMA pipeline completed successfully.
2026-08-19 06:23:10 | INFO     | bsma.dashboard | orchestrator.py:171 | PipelineOrchestrator initialized.
2026-08-19 06:23:13 | INFO     | bsma.dashboard | pipeline.py:279 | BSMA pipeline completed successfully.
2026-08-19 06:23:13 | INFO     | bsma.dashboard | orchestrator.py:171 | PipelineOrchestrator initialized.
2026-08-19 06:23:16 | INFO     | bsma.dashboard | pipeline.py:279 | BSMA pipeline completed successfully.
2026-08-19 06:23:41 | INFO     | utils.pdf_exporter | pdf_exporter.py:1481 | Memulai pembuatan PDF stasiun PPJR _ 2026-02-05 18_04_27 UTC.
2026-08-19 06:23:45 | ERROR    | utils.pdf_exporter | pdf_exporter.py:915 | Gagal merender HUSID/FAS plot: 
\mathdefault{10^{-14}}
^
ParseFatalException: Unknown symbol: \mathdefault, found '\'  (at char 0), (line:1, col:1)
Traceback (most recent call last):
  File "D:\Perkuliahan\Cadangan project\Project BSMA\utils\pdf_exporter.py", line 910, in _render_husid_fas_plot
    figure.tight_layout()
  File "C:\Users\USer\AppData\Local\Programs\Python\Python310\lib\site-packages\matplotlib\figure.py", line 3647, in tight_layout
    engine.execute(self)
  File "C:\Users\USer\AppData\Local\Programs\Python\Python310\lib\site-packages\matplotlib\layout_engine.py", line 188, in execute
    kwargs = get_tight_layout_figure(
  File "C:\Users\USer\AppData\Local\Programs\Python\Python310\lib\site-packages\matplotlib\_tight_layout.py", line 266, in get_tight_layout_figure
    kwargs = _auto_adjust_subplotpars(fig, renderer,
  File "C:\Users\USer\AppData\Local\Programs\Python\Python310\lib\site-packages\matplotlib\_tight_layout.py", line 82, in _auto_adjust_subplotpars
    bb += [martist._get_tightbbox_for_layout_only(ax, renderer)]
  File "C:\Users\USer\AppData\Local\Programs\Python\Python310\lib\site-packages\matplotlib\artist.py", line 1404, in _get_tightbbox_for_layout_only
    return obj.get_tightbbox(*args, **{**kwargs, "for_layout_only": True})
  File "C:\Users\USer\AppData\Local\Programs\Python\Python310\lib\site-packages\matplotlib\axes\_base.py", line 4564, in get_tightbbox
    ba = martist._get_tightbbox_for_layout_only(axis, renderer)
  File "C:\Users\USer\AppData\Local\Programs\Python\Python310\lib\site-packages\matplotlib\artist.py", line 1404, in _get_tightbbox_for_layout_only
    return obj.get_tightbbox(*args, **{**kwargs, "for_layout_only": True})
  File "C:\Users\USer\AppData\Local\Programs\Python\Python310\lib\site-packages\matplotlib\axis.py", line 1353, in get_tightbbox
    self._update_label_position(renderer)
  File "C:\Users\USer\AppData\Local\Programs\Python\Python310\lib\site-packages\matplotlib\axis.py", line 2675, in _update_label_position
    bboxes, bboxes2 = self._get_tick_boxes_siblings(renderer=renderer)
  File "C:\Users\USer\AppData\Local\Programs\Python\Python310\lib\site-packages\matplotlib\axis.py", line 2241, in _get_tick_boxes_siblings
    tlb, tlb2 = axis._get_ticklabel_bboxes(ticks_to_draw, renderer)
  File "C:\Users\USer\AppData\Local\Programs\Python\Python310\lib\site-packages\matplotlib\axis.py", line 1332, in _get_ticklabel_bboxes
    return ([tick.label1.get_window_extent(renderer)
  File "C:\Users\USer\AppData\Local\Programs\Python\Python310\lib\site-packages\matplotlib\axis.py", line 1332, in <listcomp>
    return ([tick.label1.get_window_extent(renderer)
  File "C:\Users\USer\AppData\Local\Programs\Python\Python310\lib\site-packages\matplotlib\text.py", line 969, in get_window_extent
    bbox, info, descent = self._get_layout(self._renderer)
  File "C:\Users\USer\AppData\Local\Programs\Python\Python310\lib\site-packages\matplotlib\text.py", line 382, in _get_layout
    w, h, d = _get_text_metrics_with_cache(
  File "C:\Users\USer\AppData\Local\Programs\Python\Python310\lib\site-packages\matplotlib\text.py", line 69, in _get_text_metrics_with_cache
    return _get_text_metrics_with_cache_impl(
  File "C:\Users\USer\AppData\Local\Programs\Python\Python310\lib\site-packages\matplotlib\text.py", line 77, in _get_text_metrics_with_cache_impl
    return renderer_ref().get_text_width_height_descent(text, fontprop, ismath)
  File "C:\Users\USer\AppData\Local\Programs\Python\Python310\lib\site-packages\matplotlib\backends\backend_agg.py", line 215, in get_text_width_height_descent
    self.mathtext_parser.parse(s, self.dpi, prop)
  File "C:\Users\USer\AppData\Local\Programs\Python\Python310\lib\site-packages\matplotlib\mathtext.py", line 86, in parse
    return self._parse_cached(s, dpi, prop, antialiased, load_glyph_flags)
  File "C:\Users\USer\AppData\Local\Programs\Python\Python310\lib\site-packages\matplotlib\mathtext.py", line 100, in _parse_cached
    box = self._parser.parse(s, fontset, fontsize, dpi)
  File "C:\Users\USer\AppData\Local\Programs\Python\Python310\lib\site-packages\matplotlib\_mathtext.py", line 2160, in parse
    raise ValueError("\n" + ParseException.explain(err, 0)) from None
ValueError: 
\mathdefault{10^{-14}}
^
ParseFatalException: Unknown symbol: \mathdefault, found '\'  (at char 0), (line:1, col:1)
2026-08-19 06:23:45 | ERROR    | utils.pdf_exporter | pdf_exporter.py:1801 | Gagal membuat response spectrum untuk stasiun PPJR _ 2026-02-05 18_04_27 UTC.
Traceback (most recent call last):
  File "D:\Perkuliahan\Cadangan project\Project BSMA\utils\pdf_exporter.py", line 1799, in export_station_report
    spectrum_available = fut_spectrum.result()
  File "C:\Users\USer\AppData\Local\Programs\Python\Python310\lib\concurrent\futures\_base.py", line 445, in result
    return self.__get_result()
  File "C:\Users\USer\AppData\Local\Programs\Python\Python310\lib\concurrent\futures\_base.py", line 390, in __get_result
    raise self._exception
  File "C:\Users\USer\AppData\Local\Programs\Python\Python310\lib\concurrent\futures\thread.py", line 52, in run
    result = self.fn(*self.args, **self.kwargs)
  File "D:\Perkuliahan\Cadangan project\Project BSMA\utils\pdf_exporter.py", line 846, in generate_spectrum_overlay
    fig.savefig(
  File "C:\Users\USer\AppData\Local\Programs\Python\Python310\lib\site-packages\matplotlib\figure.py", line 3497, in savefig
    self.canvas.print_figure(fname, **kwargs)
  File "C:\Users\USer\AppData\Local\Programs\Python\Python310\lib\site-packages\matplotlib\backend_bases.py", line 2157, in print_figure
    self.figure.draw(renderer)
  File "C:\Users\USer\AppData\Local\Programs\Python\Python310\lib\site-packages\matplotlib\artist.py", line 94, in draw_wrapper
    result = draw(artist, renderer, *args, **kwargs)
  File "C:\Users\USer\AppData\Local\Programs\Python\Python310\lib\site-packages\matplotlib\artist.py", line 71, in draw_wrapper
    return draw(artist, renderer)
  File "C:\Users\USer\AppData\Local\Programs\Python\Python310\lib\site-packages\matplotlib\figure.py", line 3264, in draw
    mimage._draw_list_compositing_images(
  File "C:\Users\USer\AppData\Local\Programs\Python\Python310\lib\site-packages\matplotlib\image.py", line 134, in _draw_list_compositing_images
    a.draw(renderer)
  File "C:\Users\USer\AppData\Local\Programs\Python\Python310\lib\site-packages\matplotlib\artist.py", line 71, in draw_wrapper
    return draw(artist, renderer)
  File "C:\Users\USer\AppData\Local\Programs\Python\Python310\lib\site-packages\matplotlib\axes\_base.py", line 3226, in draw
    mimage._draw_list_compositing_images(
  File "C:\Users\USer\AppData\Local\Programs\Python\Python310\lib\site-packages\matplotlib\image.py", line 134, in _draw_list_compositing_images
    a.draw(renderer)
  File "C:\Users\USer\AppData\Local\Programs\Python\Python310\lib\site-packages\matplotlib\artist.py", line 71, in draw_wrapper
    return draw(artist, renderer)
  File "C:\Users\USer\AppData\Local\Programs\Python\Python310\lib\site-packages\matplotlib\axis.py", line 1405, in draw
    tlb1, tlb2 = self._get_ticklabel_bboxes(ticks_to_draw, renderer)
  File "C:\Users\USer\AppData\Local\Programs\Python\Python310\lib\site-packages\matplotlib\axis.py", line 1332, in _get_ticklabel_bboxes
    return ([tick.label1.get_window_extent(renderer)
  File "C:\Users\USer\AppData\Local\Programs\Python\Python310\lib\site-packages\matplotlib\axis.py", line 1332, in <listcomp>
    return ([tick.label1.get_window_extent(renderer)
  File "C:\Users\USer\AppData\Local\Programs\Python\Python310\lib\site-packages\matplotlib\text.py", line 969, in get_window_extent
    bbox, info, descent = self._get_layout(self._renderer)
  File "C:\Users\USer\AppData\Local\Programs\Python\Python310\lib\site-packages\matplotlib\text.py", line 382, in _get_layout
    w, h, d = _get_text_metrics_with_cache(
  File "C:\Users\USer\AppData\Local\Programs\Python\Python310\lib\site-packages\matplotlib\text.py", line 69, in _get_text_metrics_with_cache
    return _get_text_metrics_with_cache_impl(
  File "C:\Users\USer\AppData\Local\Programs\Python\Python310\lib\site-packages\matplotlib\text.py", line 77, in _get_text_metrics_with_cache_impl
    return renderer_ref().get_text_width_height_descent(text, fontprop, ismath)
  File "C:\Users\USer\AppData\Local\Programs\Python\Python310\lib\site-packages\matplotlib\backends\backend_agg.py", line 215, in get_text_width_height_descent
    self.mathtext_parser.parse(s, self.dpi, prop)
  File "C:\Users\USer\AppData\Local\Programs\Python\Python310\lib\site-packages\matplotlib\mathtext.py", line 86, in parse
    return self._parse_cached(s, dpi, prop, antialiased, load_glyph_flags)
  File "C:\Users\USer\AppData\Local\Programs\Python\Python310\lib\site-packages\matplotlib\mathtext.py", line 100, in _parse_cached
    box = self._parser.parse(s, fontset, fontsize, dpi)
  File "C:\Users\USer\AppData\Local\Programs\Python\Python310\lib\site-packages\matplotlib\_mathtext.py", line 2160, in parse
    raise ValueError("\n" + ParseException.explain(err, 0)) from None
ValueError: 

^
ParseException: exception raised in parse action  (at char 0), (line:1, col:1)
2026-08-19 06:24:15 | INFO     | utils.pdf_exporter | pdf_exporter.py:1884 | Laporan PDF berhasil dibuat: D:\Perkuliahan\Cadangan project\Project BSMA\outputs\reports\BSMA_Report_PPJR _ 2026-02-05 18_04_27 UTC.pdf
2026-08-19 06:29:18 | INFO     | root | logger.py:243 | ========================================
2026-08-19 06:29:18 | INFO     | root | logger.py:244 |  BSMA Logging Initialized
2026-08-19 06:29:18 | INFO     | root | logger.py:245 |  Log File : logs\bsma.log
2026-08-19 06:29:18 | INFO     | root | logger.py:246 |  Log Level: INFO
2026-08-19 06:29:18 | INFO     | root | logger.py:247 |  Max Size : 10485760 bytes
2026-08-19 06:29:18 | INFO     | root | logger.py:248 |  Backups  : 5
2026-08-19 06:29:18 | INFO     | root | logger.py:249 | ========================================
2026-08-19 06:29:19 | INFO     | services.analysis_service | qc.py:362 | QCAnalyzer initialized.
2026-08-19 06:29:19 | INFO     | services.analysis_service | qc.py:431 | Stream QC completed.
2026-08-19 06:29:19 | INFO     | services.analysis_service | orchestrator.py:171 | PipelineOrchestrator initialized.
2026-08-19 06:29:23 | INFO     | services.analysis_service | pipeline.py:279 | BSMA pipeline completed successfully.
2026-08-19 06:29:23 | INFO     | services.analysis_service | orchestrator.py:171 | PipelineOrchestrator initialized.
2026-08-19 06:29:26 | INFO     | services.analysis_service | pipeline.py:279 | BSMA pipeline completed successfully.
2026-08-19 06:29:26 | INFO     | services.analysis_service | orchestrator.py:171 | PipelineOrchestrator initialized.
2026-08-19 06:29:28 | INFO     | services.analysis_service | pipeline.py:279 | BSMA pipeline completed successfully.
2026-08-19 06:30:25 | INFO     | root | logger.py:243 | ========================================
2026-08-19 06:30:25 | INFO     | root | logger.py:244 |  BSMA Logging Initialized
2026-08-19 06:30:25 | INFO     | root | logger.py:245 |  Log File : logs\bsma.log
2026-08-19 06:30:25 | INFO     | root | logger.py:246 |  Log Level: INFO
2026-08-19 06:30:25 | INFO     | root | logger.py:247 |  Max Size : 10485760 bytes
2026-08-19 06:30:25 | INFO     | root | logger.py:248 |  Backups  : 5
2026-08-19 06:30:25 | INFO     | root | logger.py:249 | ========================================
2026-08-19 06:30:25 | INFO     | services.analysis_service | qc.py:362 | QCAnalyzer initialized.
2026-08-19 06:30:25 | INFO     | services.analysis_service | qc.py:431 | Stream QC completed.
2026-08-19 06:30:25 | INFO     | services.analysis_service | orchestrator.py:171 | PipelineOrchestrator initialized.
2026-08-19 06:30:28 | INFO     | services.analysis_service | pipeline.py:279 | BSMA pipeline completed successfully.
2026-08-19 06:30:28 | INFO     | services.analysis_service | orchestrator.py:171 | PipelineOrchestrator initialized.
2026-08-19 06:30:32 | INFO     | services.analysis_service | pipeline.py:279 | BSMA pipeline completed successfully.
2026-08-19 06:30:32 | INFO     | services.analysis_service | orchestrator.py:171 | PipelineOrchestrator initialized.
2026-08-19 06:30:35 | INFO     | services.analysis_service | pipeline.py:279 | BSMA pipeline completed successfully.
2026-08-19 06:30:35 | INFO     | utils.pdf_exporter | pdf_exporter.py:1481 | Memulai pembuatan PDF stasiun PPJR.
2026-08-19 06:47:49 | INFO     | utils.pdf_exporter | pdf_exporter.py:1884 | Laporan PDF berhasil dibuat: d:\Perkuliahan\Cadangan project\Project BSMA\scratch\test_fix_report.pdf\BSMA_Report_PPJR_20260818_233035.pdf
2026-08-19 06:49:41 | INFO     | root | logger.py:243 | ========================================
2026-08-19 06:49:41 | INFO     | root | logger.py:244 |  BSMA Logging Initialized
2026-08-19 06:49:41 | INFO     | root | logger.py:245 |  Log File : logs\bsma.log
2026-08-19 06:49:41 | INFO     | root | logger.py:246 |  Log Level: INFO
2026-08-19 06:49:41 | INFO     | root | logger.py:247 |  Max Size : 10485760 bytes
2026-08-19 06:49:41 | INFO     | root | logger.py:248 |  Backups  : 5
2026-08-19 06:49:41 | INFO     | root | logger.py:249 | ========================================
2026-08-19 06:49:41 | INFO     | services.analysis_service | qc.py:362 | QCAnalyzer initialized.
2026-08-19 06:49:41 | INFO     | services.analysis_service | qc.py:431 | Stream QC completed.
2026-08-19 06:49:41 | INFO     | services.analysis_service | orchestrator.py:171 | PipelineOrchestrator initialized.
2026-08-19 06:49:47 | INFO     | services.analysis_service | pipeline.py:279 | BSMA pipeline completed successfully.
2026-08-19 06:49:47 | INFO     | services.analysis_service | orchestrator.py:171 | PipelineOrchestrator initialized.
2026-08-19 06:49:51 | INFO     | services.analysis_service | pipeline.py:279 | BSMA pipeline completed successfully.
2026-08-19 06:49:51 | INFO     | services.analysis_service | orchestrator.py:171 | PipelineOrchestrator initialized.
2026-08-19 06:49:55 | INFO     | services.analysis_service | pipeline.py:279 | BSMA pipeline completed successfully.
2026-08-19 06:50:47 | INFO     | root | logger.py:243 | ========================================
2026-08-19 06:50:47 | INFO     | root | logger.py:244 |  BSMA Logging Initialized
2026-08-19 06:50:47 | INFO     | root | logger.py:245 |  Log File : logs\bsma.log
2026-08-19 06:50:47 | INFO     | root | logger.py:246 |  Log Level: INFO
2026-08-19 06:50:47 | INFO     | root | logger.py:247 |  Max Size : 10485760 bytes
2026-08-19 06:50:47 | INFO     | root | logger.py:248 |  Backups  : 5
2026-08-19 06:50:47 | INFO     | root | logger.py:249 | ========================================
2026-08-19 06:50:48 | INFO     | services.analysis_service | qc.py:362 | QCAnalyzer initialized.
2026-08-19 06:50:48 | INFO     | services.analysis_service | qc.py:431 | Stream QC completed.
2026-08-19 06:50:48 | INFO     | services.analysis_service | orchestrator.py:171 | PipelineOrchestrator initialized.
2026-08-19 06:50:53 | INFO     | services.analysis_service | pipeline.py:279 | BSMA pipeline completed successfully.
2026-08-19 06:50:53 | INFO     | services.analysis_service | orchestrator.py:171 | PipelineOrchestrator initialized.
2026-08-19 06:50:58 | INFO     | services.analysis_service | pipeline.py:279 | BSMA pipeline completed successfully.
2026-08-19 06:50:58 | INFO     | services.analysis_service | orchestrator.py:171 | PipelineOrchestrator initialized.
2026-08-19 06:51:04 | INFO     | services.analysis_service | pipeline.py:279 | BSMA pipeline completed successfully.
2026-08-19 06:51:04 | INFO     | utils.pdf_exporter | pdf_exporter.py:1478 | Memulai pembuatan PDF stasiun PPJR.
2026-08-19 06:52:03 | INFO     | utils.pdf_exporter | pdf_exporter.py:1870 | Laporan PDF berhasil dibuat: d:\Perkuliahan\Cadangan project\Project BSMA\scratch\test_benchmark.pdf
2026-08-19 06:53:04 | INFO     | root | logger.py:243 | ========================================
2026-08-19 06:53:04 | INFO     | root | logger.py:244 |  BSMA Logging Initialized
2026-08-19 06:53:04 | INFO     | root | logger.py:245 |  Log File : logs\bsma.log
2026-08-19 06:53:04 | INFO     | root | logger.py:246 |  Log Level: INFO
2026-08-19 06:53:04 | INFO     | root | logger.py:247 |  Max Size : 10485760 bytes
2026-08-19 06:53:04 | INFO     | root | logger.py:248 |  Backups  : 5
2026-08-19 06:53:04 | INFO     | root | logger.py:249 | ========================================
2026-08-19 06:53:04 | INFO     | services.analysis_service | qc.py:362 | QCAnalyzer initialized.
2026-08-19 06:53:04 | INFO     | services.analysis_service | qc.py:431 | Stream QC completed.
2026-08-19 06:53:04 | INFO     | services.analysis_service | orchestrator.py:171 | PipelineOrchestrator initialized.
2026-08-19 06:53:04 | INFO     | services.analysis_service | pipeline.py:279 | BSMA pipeline completed successfully.
2026-08-19 06:53:04 | INFO     | utils.pdf_exporter | pdf_exporter.py:1478 | Memulai pembuatan PDF stasiun TEST.
2026-08-19 06:53:43 | INFO     | utils.pdf_exporter | pdf_exporter.py:1870 | Laporan PDF berhasil dibuat: C:\Users\USer\AppData\Local\Temp\pytest-of-USer\pytest-30\test_export_service_generates_0\report.pdf
2026-08-19 06:53:43 | INFO     | services.analysis_service | qc.py:362 | QCAnalyzer initialized.
2026-08-19 06:53:43 | INFO     | services.analysis_service | qc.py:431 | Stream QC completed.
2026-08-19 06:53:43 | INFO     | services.analysis_service | orchestrator.py:171 | PipelineOrchestrator initialized.
2026-08-19 06:53:43 | INFO     | services.analysis_service | pipeline.py:279 | BSMA pipeline completed successfully.
2026-08-19 06:53:43 | INFO     | utils.pdf_exporter | pdf_exporter.py:1478 | Memulai pembuatan PDF stasiun TEST.
2026-08-19 06:54:20 | INFO     | utils.pdf_exporter | pdf_exporter.py:1870 | Laporan PDF berhasil dibuat: C:\Users\USer\AppData\Local\Temp\pytest-of-USer\pytest-30\test_export_station_pdf_includ0\event_report.pdf
2026-08-19 06:55:15 | INFO     | root | logger.py:243 | ========================================
2026-08-19 06:55:15 | INFO     | root | logger.py:244 |  BSMA Logging Initialized
2026-08-19 06:55:15 | INFO     | root | logger.py:245 |  Log File : logs\bsma.log
2026-08-19 06:55:15 | INFO     | root | logger.py:246 |  Log Level: INFO
2026-08-19 06:55:15 | INFO     | root | logger.py:247 |  Max Size : 10485760 bytes
2026-08-19 06:55:15 | INFO     | root | logger.py:248 |  Backups  : 5
2026-08-19 06:55:15 | INFO     | root | logger.py:249 | ========================================
2026-08-19 06:55:15 | INFO     | services.analysis_service | qc.py:362 | QCAnalyzer initialized.
2026-08-19 06:55:16 | INFO     | services.analysis_service | qc.py:431 | Stream QC completed.
2026-08-19 06:55:16 | INFO     | services.analysis_service | orchestrator.py:171 | PipelineOrchestrator initialized.
2026-08-19 06:55:20 | INFO     | services.analysis_service | pipeline.py:279 | BSMA pipeline completed successfully.
2026-08-19 06:55:20 | INFO     | services.analysis_service | orchestrator.py:171 | PipelineOrchestrator initialized.
2026-08-19 06:55:24 | INFO     | services.analysis_service | pipeline.py:279 | BSMA pipeline completed successfully.
2026-08-19 06:55:24 | INFO     | services.analysis_service | orchestrator.py:171 | PipelineOrchestrator initialized.
2026-08-19 06:55:27 | INFO     | services.analysis_service | pipeline.py:279 | BSMA pipeline completed successfully.
2026-08-19 06:56:35 | INFO     | bsma.dashboard | qc.py:362 | QCAnalyzer initialized.
2026-08-19 06:56:35 | INFO     | bsma.dashboard | qc.py:431 | Stream QC completed.
2026-08-19 06:56:35 | INFO     | bsma.dashboard | orchestrator.py:171 | PipelineOrchestrator initialized.
2026-08-19 06:56:38 | INFO     | bsma.dashboard | pipeline.py:279 | BSMA pipeline completed successfully.
2026-08-19 06:56:38 | INFO     | bsma.dashboard | orchestrator.py:171 | PipelineOrchestrator initialized.
2026-08-19 06:56:42 | INFO     | bsma.dashboard | pipeline.py:279 | BSMA pipeline completed successfully.
2026-08-19 06:56:42 | INFO     | bsma.dashboard | orchestrator.py:171 | PipelineOrchestrator initialized.
2026-08-19 06:56:44 | INFO     | bsma.dashboard | pipeline.py:279 | BSMA pipeline completed successfully.
2026-08-19 06:57:42 | INFO     | utils.pdf_exporter | pdf_exporter.py:1481 | Memulai pembuatan PDF stasiun PPJR _ 2026-02-05 18_04_27 UTC.
2026-08-19 06:57:47 | ERROR    | utils.pdf_exporter | pdf_exporter.py:915 | Gagal merender HUSID/FAS plot: 

^
ParseException: exception raised in parse action  (at char 0), (line:1, col:1)
Traceback (most recent call last):
  File "D:\Perkuliahan\Cadangan project\Project BSMA\utils\pdf_exporter.py", line 910, in _render_husid_fas_plot
    axes[0].set(title="Husid energy curve", xlabel="Time (s)", ylabel="Cumulative Arias energy (%)")
  File "C:\Users\USer\AppData\Local\Programs\Python\Python310\lib\site-packages\matplotlib\figure.py", line 3647, in tight_layout
    engine.execute(self)
  File "C:\Users\USer\AppData\Local\Programs\Python\Python310\lib\site-packages\matplotlib\layout_engine.py", line 188, in execute
    kwargs = get_tight_layout_figure(
  File "C:\Users\USer\AppData\Local\Programs\Python\Python310\lib\site-packages\matplotlib\_tight_layout.py", line 266, in get_tight_layout_figure
    kwargs = _auto_adjust_subplotpars(fig, renderer,
  File "C:\Users\USer\AppData\Local\Programs\Python\Python310\lib\site-packages\matplotlib\_tight_layout.py", line 82, in _auto_adjust_subplotpars
    bb += [martist._get_tightbbox_for_layout_only(ax, renderer)]
  File "C:\Users\USer\AppData\Local\Programs\Python\Python310\lib\site-packages\matplotlib\artist.py", line 1404, in _get_tightbbox_for_layout_only
    return obj.get_tightbbox(*args, **{**kwargs, "for_layout_only": True})
  File "C:\Users\USer\AppData\Local\Programs\Python\Python310\lib\site-packages\matplotlib\axes\_base.py", line 4564, in get_tightbbox
    ba = martist._get_tightbbox_for_layout_only(axis, renderer)
  File "C:\Users\USer\AppData\Local\Programs\Python\Python310\lib\site-packages\matplotlib\artist.py", line 1404, in _get_tightbbox_for_layout_only
    return obj.get_tightbbox(*args, **{**kwargs, "for_layout_only": True})
  File "C:\Users\USer\AppData\Local\Programs\Python\Python310\lib\site-packages\matplotlib\axis.py", line 1353, in get_tightbbox
    self._update_label_position(renderer)
  File "C:\Users\USer\AppData\Local\Programs\Python\Python310\lib\site-packages\matplotlib\axis.py", line 2448, in _update_label_position
    bboxes, bboxes2 = self._get_tick_boxes_siblings(renderer=renderer)
  File "C:\Users\USer\AppData\Local\Programs\Python\Python310\lib\site-packages\matplotlib\axis.py", line 2241, in _get_tick_boxes_siblings
    tlb, tlb2 = axis._get_ticklabel_bboxes(ticks_to_draw, renderer)
  File "C:\Users\USer\AppData\Local\Programs\Python\Python310\lib\site-packages\matplotlib\axis.py", line 1332, in _get_ticklabel_bboxes
    return ([tick.label1.get_window_extent(renderer)
  File "C:\Users\USer\AppData\Local\Programs\Python\Python310\lib\site-packages\matplotlib\axis.py", line 1332, in <listcomp>
    return ([tick.label1.get_window_extent(renderer)
  File "C:\Users\USer\AppData\Local\Programs\Python\Python310\lib\site-packages\matplotlib\text.py", line 969, in get_window_extent
    bbox, info, descent = self._get_layout(self._renderer)
  File "C:\Users\USer\AppData\Local\Programs\Python\Python310\lib\site-packages\matplotlib\text.py", line 382, in _get_layout
    w, h, d = _get_text_metrics_with_cache(
  File "C:\Users\USer\AppData\Local\Programs\Python\Python310\lib\site-packages\matplotlib\text.py", line 69, in _get_text_metrics_with_cache
    return _get_text_metrics_with_cache_impl(
  File "C:\Users\USer\AppData\Local\Programs\Python\Python310\lib\site-packages\matplotlib\text.py", line 77, in _get_text_metrics_with_cache_impl
    return renderer_ref().get_text_width_height_descent(text, fontprop, ismath)
  File "C:\Users\USer\AppData\Local\Programs\Python\Python310\lib\site-packages\matplotlib\backends\backend_agg.py", line 215, in get_text_width_height_descent
    self.mathtext_parser.parse(s, self.dpi, prop)
  File "C:\Users\USer\AppData\Local\Programs\Python\Python310\lib\site-packages\matplotlib\mathtext.py", line 86, in parse
    return self._parse_cached(s, dpi, prop, antialiased, load_glyph_flags)
  File "C:\Users\USer\AppData\Local\Programs\Python\Python310\lib\site-packages\matplotlib\mathtext.py", line 100, in _parse_cached
    box = self._parser.parse(s, fontset, fontsize, dpi)
  File "C:\Users\USer\AppData\Local\Programs\Python\Python310\lib\site-packages\matplotlib\_mathtext.py", line 2160, in parse
    raise ValueError("\n" + ParseException.explain(err, 0)) from None
ValueError: 

^
ParseException: exception raised in parse action  (at char 0), (line:1, col:1)
2026-08-19 06:57:47 | ERROR    | utils.pdf_exporter | pdf_exporter.py:1801 | Gagal membuat response spectrum untuk stasiun PPJR _ 2026-02-05 18_04_27 UTC.
Traceback (most recent call last):
  File "D:\Perkuliahan\Cadangan project\Project BSMA\utils\pdf_exporter.py", line 1799, in export_station_report
    )
  File "C:\Users\USer\AppData\Local\Programs\Python\Python310\lib\concurrent\futures\_base.py", line 445, in result
    return self.__get_result()
  File "C:\Users\USer\AppData\Local\Programs\Python\Python310\lib\concurrent\futures\_base.py", line 390, in __get_result
    raise self._exception
  File "C:\Users\USer\AppData\Local\Programs\Python\Python310\lib\concurrent\futures\thread.py", line 52, in run
    result = self.fn(*self.args, **self.kwargs)
  File "D:\Perkuliahan\Cadangan project\Project BSMA\utils\pdf_exporter.py", line 846, in generate_spectrum_overlay
    output_path,
  File "C:\Users\USer\AppData\Local\Programs\Python\Python310\lib\site-packages\matplotlib\figure.py", line 3497, in savefig
    self.canvas.print_figure(fname, **kwargs)
  File "C:\Users\USer\AppData\Local\Programs\Python\Python310\lib\site-packages\matplotlib\backend_bases.py", line 2157, in print_figure
    self.figure.draw(renderer)
  File "C:\Users\USer\AppData\Local\Programs\Python\Python310\lib\site-packages\matplotlib\artist.py", line 94, in draw_wrapper
    result = draw(artist, renderer, *args, **kwargs)
  File "C:\Users\USer\AppData\Local\Programs\Python\Python310\lib\site-packages\matplotlib\artist.py", line 71, in draw_wrapper
    return draw(artist, renderer)
  File "C:\Users\USer\AppData\Local\Programs\Python\Python310\lib\site-packages\matplotlib\figure.py", line 3264, in draw
    mimage._draw_list_compositing_images(
  File "C:\Users\USer\AppData\Local\Programs\Python\Python310\lib\site-packages\matplotlib\image.py", line 134, in _draw_list_compositing_images
    a.draw(renderer)
  File "C:\Users\USer\AppData\Local\Programs\Python\Python310\lib\site-packages\matplotlib\artist.py", line 71, in draw_wrapper
    return draw(artist, renderer)
  File "C:\Users\USer\AppData\Local\Programs\Python\Python310\lib\site-packages\matplotlib\axes\_base.py", line 3226, in draw
    mimage._draw_list_compositing_images(
  File "C:\Users\USer\AppData\Local\Programs\Python\Python310\lib\site-packages\matplotlib\image.py", line 134, in _draw_list_compositing_images
    a.draw(renderer)
  File "C:\Users\USer\AppData\Local\Programs\Python\Python310\lib\site-packages\matplotlib\artist.py", line 71, in draw_wrapper
    return draw(artist, renderer)
  File "C:\Users\USer\AppData\Local\Programs\Python\Python310\lib\site-packages\matplotlib\axis.py", line 1405, in draw
    tlb1, tlb2 = self._get_ticklabel_bboxes(ticks_to_draw, renderer)
  File "C:\Users\USer\AppData\Local\Programs\Python\Python310\lib\site-packages\matplotlib\axis.py", line 1332, in _get_ticklabel_bboxes
    return ([tick.label1.get_window_extent(renderer)
  File "C:\Users\USer\AppData\Local\Programs\Python\Python310\lib\site-packages\matplotlib\axis.py", line 1332, in <listcomp>
    return ([tick.label1.get_window_extent(renderer)
  File "C:\Users\USer\AppData\Local\Programs\Python\Python310\lib\site-packages\matplotlib\text.py", line 969, in get_window_extent
    bbox, info, descent = self._get_layout(self._renderer)
  File "C:\Users\USer\AppData\Local\Programs\Python\Python310\lib\site-packages\matplotlib\text.py", line 382, in _get_layout
    w, h, d = _get_text_metrics_with_cache(
  File "C:\Users\USer\AppData\Local\Programs\Python\Python310\lib\site-packages\matplotlib\text.py", line 69, in _get_text_metrics_with_cache
    return _get_text_metrics_with_cache_impl(
  File "C:\Users\USer\AppData\Local\Programs\Python\Python310\lib\site-packages\matplotlib\text.py", line 77, in _get_text_metrics_with_cache_impl
    return renderer_ref().get_text_width_height_descent(text, fontprop, ismath)
  File "C:\Users\USer\AppData\Local\Programs\Python\Python310\lib\site-packages\matplotlib\backends\backend_agg.py", line 215, in get_text_width_height_descent
    self.mathtext_parser.parse(s, self.dpi, prop)
  File "C:\Users\USer\AppData\Local\Programs\Python\Python310\lib\site-packages\matplotlib\mathtext.py", line 86, in parse
    return self._parse_cached(s, dpi, prop, antialiased, load_glyph_flags)
  File "C:\Users\USer\AppData\Local\Programs\Python\Python310\lib\site-packages\matplotlib\mathtext.py", line 100, in _parse_cached
    box = self._parser.parse(s, fontset, fontsize, dpi)
  File "C:\Users\USer\AppData\Local\Programs\Python\Python310\lib\site-packages\matplotlib\_mathtext.py", line 2160, in parse
    raise ValueError("\n" + ParseException.explain(err, 0)) from None
ValueError: 
$\mathdefault{10^{-2}}$
^
ParseException: Expected end of text, found '$'  (at char 0), (line:1, col:1)
2026-08-19 06:58:27 | INFO     | utils.pdf_exporter | pdf_exporter.py:1884 | Laporan PDF berhasil dibuat: D:\Perkuliahan\Cadangan project\Project BSMA\outputs\reports\BSMA_Report_PPJR _ 2026-02-05 18_04_27 UTC.pdf
2026-08-19 07:02:16 | INFO     | root | logger.py:243 | ========================================
2026-08-19 07:02:16 | INFO     | root | logger.py:244 |  BSMA Logging Initialized
2026-08-19 07:02:16 | INFO     | root | logger.py:245 |  Log File : logs\bsma.log
2026-08-19 07:02:16 | INFO     | root | logger.py:246 |  Log Level: INFO
2026-08-19 07:02:16 | INFO     | root | logger.py:247 |  Max Size : 10485760 bytes
2026-08-19 07:02:16 | INFO     | root | logger.py:248 |  Backups  : 5
2026-08-19 07:02:16 | INFO     | root | logger.py:249 | ========================================
2026-08-19 07:02:29 | INFO     | root | logger.py:243 | ========================================
2026-08-19 07:02:29 | INFO     | root | logger.py:244 |  BSMA Logging Initialized
2026-08-19 07:02:29 | INFO     | root | logger.py:245 |  Log File : logs\bsma.log
2026-08-19 07:02:29 | INFO     | root | logger.py:246 |  Log Level: INFO
2026-08-19 07:02:29 | INFO     | root | logger.py:247 |  Max Size : 10485760 bytes
2026-08-19 07:02:29 | INFO     | root | logger.py:248 |  Backups  : 5
2026-08-19 07:02:29 | INFO     | root | logger.py:249 | ========================================
2026-08-19 07:02:29 | INFO     | services.analysis_service | qc.py:362 | QCAnalyzer initialized.
2026-08-19 07:02:29 | INFO     | services.analysis_service | qc.py:431 | Stream QC completed.
2026-08-19 07:02:29 | INFO     | services.analysis_service | orchestrator.py:171 | PipelineOrchestrator initialized.
2026-08-19 07:02:31 | INFO     | services.analysis_service | pipeline.py:279 | BSMA pipeline completed successfully.
2026-08-19 07:02:31 | INFO     | services.analysis_service | orchestrator.py:171 | PipelineOrchestrator initialized.
2026-08-19 07:02:32 | INFO     | services.analysis_service | pipeline.py:279 | BSMA pipeline completed successfully.
2026-08-19 07:02:32 | INFO     | services.analysis_service | orchestrator.py:171 | PipelineOrchestrator initialized.
2026-08-19 07:02:34 | INFO     | services.analysis_service | pipeline.py:279 | BSMA pipeline completed successfully.
2026-08-19 07:03:27 | INFO     | root | logger.py:243 | ========================================
2026-08-19 07:03:27 | INFO     | root | logger.py:244 |  BSMA Logging Initialized
2026-08-19 07:03:27 | INFO     | root | logger.py:245 |  Log File : logs\bsma.log
2026-08-19 07:03:27 | INFO     | root | logger.py:246 |  Log Level: INFO
2026-08-19 07:03:27 | INFO     | root | logger.py:247 |  Max Size : 10485760 bytes
2026-08-19 07:03:27 | INFO     | root | logger.py:248 |  Backups  : 5
2026-08-19 07:03:27 | INFO     | root | logger.py:249 | ========================================
2026-08-19 07:03:45 | INFO     | root | logger.py:243 | ========================================
2026-08-19 07:03:45 | INFO     | root | logger.py:244 |  BSMA Logging Initialized
2026-08-19 07:03:45 | INFO     | root | logger.py:245 |  Log File : logs\bsma.log
2026-08-19 07:03:45 | INFO     | root | logger.py:246 |  Log Level: INFO
2026-08-19 07:03:45 | INFO     | root | logger.py:247 |  Max Size : 10485760 bytes
2026-08-19 07:03:45 | INFO     | root | logger.py:248 |  Backups  : 5
2026-08-19 07:03:45 | INFO     | root | logger.py:249 | ========================================
2026-08-19 07:03:59 | INFO     | root | logger.py:243 | ========================================
2026-08-19 07:03:59 | INFO     | root | logger.py:244 |  BSMA Logging Initialized
2026-08-19 07:03:59 | INFO     | root | logger.py:245 |  Log File : logs\bsma.log
2026-08-19 07:03:59 | INFO     | root | logger.py:246 |  Log Level: INFO
2026-08-19 07:03:59 | INFO     | root | logger.py:247 |  Max Size : 10485760 bytes
2026-08-19 07:03:59 | INFO     | root | logger.py:248 |  Backups  : 5
2026-08-19 07:03:59 | INFO     | root | logger.py:249 | ========================================
2026-08-19 07:04:16 | INFO     | root | logger.py:243 | ========================================
2026-08-19 07:04:16 | INFO     | root | logger.py:244 |  BSMA Logging Initialized
2026-08-19 07:04:16 | INFO     | root | logger.py:245 |  Log File : logs\bsma.log
2026-08-19 07:04:16 | INFO     | root | logger.py:246 |  Log Level: INFO
2026-08-19 07:04:16 | INFO     | root | logger.py:247 |  Max Size : 10485760 bytes
2026-08-19 07:04:16 | INFO     | root | logger.py:248 |  Backups  : 5
2026-08-19 07:04:16 | INFO     | root | logger.py:249 | ========================================
2026-08-19 07:04:16 | INFO     | services.analysis_service | qc.py:362 | QCAnalyzer initialized.
2026-08-19 07:04:16 | INFO     | services.analysis_service | qc.py:431 | Stream QC completed.
2026-08-19 07:04:16 | INFO     | services.analysis_service | orchestrator.py:171 | PipelineOrchestrator initialized.
2026-08-19 07:04:19 | INFO     | services.analysis_service | pipeline.py:279 | BSMA pipeline completed successfully.
2026-08-19 07:04:19 | INFO     | services.analysis_service | orchestrator.py:171 | PipelineOrchestrator initialized.
2026-08-19 07:04:22 | INFO     | services.analysis_service | pipeline.py:279 | BSMA pipeline completed successfully.
2026-08-19 07:04:22 | INFO     | services.analysis_service | orchestrator.py:171 | PipelineOrchestrator initialized.
2026-08-19 07:04:25 | INFO     | services.analysis_service | pipeline.py:279 | BSMA pipeline completed successfully.
2026-08-19 07:04:25 | INFO     | utils.pdf_exporter | pdf_exporter.py:1478 | Memulai pembuatan PDF stasiun PPJR.
2026-08-19 07:05:07 | INFO     | utils.pdf_exporter | pdf_exporter.py:1870 | Laporan PDF berhasil dibuat: d:\Perkuliahan\Cadangan project\Project BSMA\scratch\test_fix_report.pdf\BSMA_Report_PPJR_20260819_000425.pdf
2026-08-19 07:05:48 | INFO     | root | logger.py:243 | ========================================
2026-08-19 07:05:48 | INFO     | root | logger.py:244 |  BSMA Logging Initialized
2026-08-19 07:05:48 | INFO     | root | logger.py:245 |  Log File : logs\bsma.log
2026-08-19 07:05:48 | INFO     | root | logger.py:246 |  Log Level: INFO
2026-08-19 07:05:48 | INFO     | root | logger.py:247 |  Max Size : 10485760 bytes
2026-08-19 07:05:48 | INFO     | root | logger.py:248 |  Backups  : 5
2026-08-19 07:05:48 | INFO     | root | logger.py:249 | ========================================
2026-08-19 07:06:04 | INFO     | bsma.dashboard | qc.py:362 | QCAnalyzer initialized.
2026-08-19 07:06:04 | INFO     | bsma.dashboard | qc.py:431 | Stream QC completed.
2026-08-19 07:06:04 | INFO     | bsma.dashboard | orchestrator.py:171 | PipelineOrchestrator initialized.
2026-08-19 07:06:06 | INFO     | bsma.dashboard | pipeline.py:279 | BSMA pipeline completed successfully.
2026-08-19 07:06:06 | INFO     | bsma.dashboard | orchestrator.py:171 | PipelineOrchestrator initialized.
2026-08-19 07:06:09 | INFO     | bsma.dashboard | pipeline.py:279 | BSMA pipeline completed successfully.
2026-08-19 07:06:09 | INFO     | bsma.dashboard | orchestrator.py:171 | PipelineOrchestrator initialized.
2026-08-19 07:06:12 | INFO     | bsma.dashboard | pipeline.py:279 | BSMA pipeline completed successfully.
2026-08-19 07:06:32 | INFO     | utils.pdf_exporter | pdf_exporter.py:1478 | Memulai pembuatan PDF stasiun PPJR _ 2026-02-05 18_04_27 UTC.
2026-08-19 07:07:13 | INFO     | utils.pdf_exporter | pdf_exporter.py:1870 | Laporan PDF berhasil dibuat: D:\Perkuliahan\Cadangan project\Project BSMA\outputs\reports\BSMA_Report_PPJR _ 2026-02-05 18_04_27 UTC.pdf
2026-08-19 07:22:08 | INFO     | bsma.dashboard | qc.py:362 | QCAnalyzer initialized.
2026-08-19 07:22:08 | INFO     | bsma.dashboard | qc.py:431 | Stream QC completed.
2026-08-19 07:22:08 | INFO     | bsma.dashboard | orchestrator.py:171 | PipelineOrchestrator initialized.
2026-08-19 07:22:11 | INFO     | bsma.dashboard | pipeline.py:279 | BSMA pipeline completed successfully.
2026-08-19 07:22:11 | INFO     | bsma.dashboard | orchestrator.py:171 | PipelineOrchestrator initialized.
2026-08-19 07:22:14 | INFO     | bsma.dashboard | pipeline.py:279 | BSMA pipeline completed successfully.
2026-08-19 07:22:14 | INFO     | bsma.dashboard | orchestrator.py:171 | PipelineOrchestrator initialized.
2026-08-19 07:22:17 | INFO     | bsma.dashboard | pipeline.py:279 | BSMA pipeline completed successfully.
2026-08-19 07:22:32 | INFO     | bsma.dashboard | qc.py:362 | QCAnalyzer initialized.
2026-08-19 07:22:32 | INFO     | bsma.dashboard | qc.py:431 | Stream QC completed.
2026-08-19 07:22:32 | INFO     | bsma.dashboard | orchestrator.py:171 | PipelineOrchestrator initialized.
2026-08-19 07:22:35 | INFO     | bsma.dashboard | pipeline.py:279 | BSMA pipeline completed successfully.
2026-08-19 07:22:35 | INFO     | bsma.dashboard | orchestrator.py:171 | PipelineOrchestrator initialized.
2026-08-19 07:22:38 | INFO     | bsma.dashboard | pipeline.py:279 | BSMA pipeline completed successfully.
2026-08-19 07:22:38 | INFO     | bsma.dashboard | orchestrator.py:171 | PipelineOrchestrator initialized.
2026-08-19 07:22:41 | INFO     | bsma.dashboard | pipeline.py:279 | BSMA pipeline completed successfully.
2026-08-19 07:23:02 | INFO     | bsma.dashboard | qc.py:362 | QCAnalyzer initialized.
2026-08-19 07:23:02 | INFO     | bsma.dashboard | qc.py:431 | Stream QC completed.
2026-08-19 07:23:02 | INFO     | bsma.dashboard | orchestrator.py:171 | PipelineOrchestrator initialized.
2026-08-19 07:23:05 | INFO     | bsma.dashboard | pipeline.py:279 | BSMA pipeline completed successfully.
2026-08-19 07:23:05 | INFO     | bsma.dashboard | orchestrator.py:171 | PipelineOrchestrator initialized.
2026-08-19 07:23:07 | INFO     | bsma.dashboard | pipeline.py:279 | BSMA pipeline completed successfully.
2026-08-19 07:23:07 | INFO     | bsma.dashboard | orchestrator.py:171 | PipelineOrchestrator initialized.
2026-08-19 07:23:10 | INFO     | bsma.dashboard | pipeline.py:279 | BSMA pipeline completed successfully.
2026-08-19 07:30:24 | INFO     | root | logger.py:243 | ========================================
2026-08-19 07:30:24 | INFO     | root | logger.py:244 |  BSMA Logging Initialized
2026-08-19 07:30:24 | INFO     | root | logger.py:245 |  Log File : logs\bsma.log
2026-08-19 07:30:24 | INFO     | root | logger.py:246 |  Log Level: INFO
2026-08-19 07:30:24 | INFO     | root | logger.py:247 |  Max Size : 10485760 bytes
2026-08-19 07:30:24 | INFO     | root | logger.py:248 |  Backups  : 5
2026-08-19 07:30:24 | INFO     | root | logger.py:249 | ========================================
2026-08-19 07:32:15 | INFO     | bsma.dashboard | qc.py:362 | QCAnalyzer initialized.
2026-08-19 07:32:15 | INFO     | bsma.dashboard | qc.py:431 | Stream QC completed.
2026-08-19 07:32:15 | INFO     | bsma.dashboard | orchestrator.py:171 | PipelineOrchestrator initialized.
2026-08-19 07:32:19 | INFO     | bsma.dashboard | pipeline.py:279 | BSMA pipeline completed successfully.
2026-08-19 07:32:19 | INFO     | bsma.dashboard | orchestrator.py:171 | PipelineOrchestrator initialized.
2026-08-19 07:32:21 | INFO     | bsma.dashboard | pipeline.py:279 | BSMA pipeline completed successfully.
2026-08-19 07:32:21 | INFO     | bsma.dashboard | orchestrator.py:171 | PipelineOrchestrator initialized.
2026-08-19 07:32:25 | INFO     | bsma.dashboard | pipeline.py:279 | BSMA pipeline completed successfully.
2026-08-19 07:32:37 | INFO     | bsma.dashboard | qc.py:362 | QCAnalyzer initialized.
2026-08-19 07:32:37 | INFO     | bsma.dashboard | qc.py:431 | Stream QC completed.
2026-08-19 07:32:37 | INFO     | bsma.dashboard | orchestrator.py:171 | PipelineOrchestrator initialized.
2026-08-19 07:32:40 | INFO     | bsma.dashboard | pipeline.py:279 | BSMA pipeline completed successfully.
2026-08-19 07:32:40 | INFO     | bsma.dashboard | orchestrator.py:171 | PipelineOrchestrator initialized.
2026-08-19 07:32:42 | INFO     | bsma.dashboard | pipeline.py:279 | BSMA pipeline completed successfully.
2026-08-19 07:32:42 | INFO     | bsma.dashboard | orchestrator.py:171 | PipelineOrchestrator initialized.
2026-08-19 07:32:44 | INFO     | bsma.dashboard | pipeline.py:279 | BSMA pipeline completed successfully.
2026-08-19 07:33:03 | INFO     | bsma.dashboard | qc.py:362 | QCAnalyzer initialized.
2026-08-19 07:33:03 | INFO     | bsma.dashboard | qc.py:431 | Stream QC completed.
2026-08-19 07:33:03 | INFO     | bsma.dashboard | orchestrator.py:171 | PipelineOrchestrator initialized.
2026-08-19 07:33:07 | INFO     | bsma.dashboard | pipeline.py:279 | BSMA pipeline completed successfully.
2026-08-19 07:33:07 | INFO     | bsma.dashboard | orchestrator.py:171 | PipelineOrchestrator initialized.
2026-08-19 07:33:10 | INFO     | bsma.dashboard | pipeline.py:279 | BSMA pipeline completed successfully.
2026-08-19 07:33:10 | INFO     | bsma.dashboard | orchestrator.py:171 | PipelineOrchestrator initialized.
2026-08-19 07:33:13 | INFO     | bsma.dashboard | pipeline.py:279 | BSMA pipeline completed successfully.
2026-08-19 07:34:52 | INFO     | utils.pdf_exporter | pdf_exporter.py:1488 | Memulai pembuatan PDF stasiun PPJR _ 2026-02-05 18_04_27 UTC.
2026-08-19 07:35:28 | INFO     | utils.pdf_exporter | pdf_exporter.py:1880 | Laporan PDF berhasil dibuat: D:\Perkuliahan\Cadangan project\Project BSMA\outputs\reports\BSMA_Report_PPJR _ 2026-02-05 18_04_27 UTC.pdf
2026-08-19 07:42:26 | INFO     | root | logger.py:243 | ========================================
2026-08-19 07:42:26 | INFO     | root | logger.py:244 |  BSMA Logging Initialized
2026-08-19 07:42:26 | INFO     | root | logger.py:245 |  Log File : logs\bsma.log
2026-08-19 07:42:26 | INFO     | root | logger.py:246 |  Log Level: INFO
2026-08-19 07:42:26 | INFO     | root | logger.py:247 |  Max Size : 10485760 bytes
2026-08-19 07:42:26 | INFO     | root | logger.py:248 |  Backups  : 5
2026-08-19 07:42:26 | INFO     | root | logger.py:249 | ========================================
2026-08-19 07:42:44 | INFO     | root | logger.py:243 | ========================================
2026-08-19 07:42:44 | INFO     | root | logger.py:244 |  BSMA Logging Initialized
2026-08-19 07:42:44 | INFO     | root | logger.py:245 |  Log File : logs\bsma.log
2026-08-19 07:42:44 | INFO     | root | logger.py:246 |  Log Level: INFO
2026-08-19 07:42:44 | INFO     | root | logger.py:247 |  Max Size : 10485760 bytes
2026-08-19 07:42:44 | INFO     | root | logger.py:248 |  Backups  : 5
2026-08-19 07:42:44 | INFO     | root | logger.py:249 | ========================================
2026-08-19 07:42:59 | INFO     | root | logger.py:243 | ========================================
2026-08-19 07:42:59 | INFO     | root | logger.py:244 |  BSMA Logging Initialized
2026-08-19 07:42:59 | INFO     | root | logger.py:245 |  Log File : logs\bsma.log
2026-08-19 07:42:59 | INFO     | root | logger.py:246 |  Log Level: INFO
2026-08-19 07:42:59 | INFO     | root | logger.py:247 |  Max Size : 10485760 bytes
2026-08-19 07:42:59 | INFO     | root | logger.py:248 |  Backups  : 5
2026-08-19 07:42:59 | INFO     | root | logger.py:249 | ========================================
2026-08-19 07:43:13 | INFO     | root | logger.py:243 | ========================================
2026-08-19 07:43:13 | INFO     | root | logger.py:244 |  BSMA Logging Initialized
2026-08-19 07:43:13 | INFO     | root | logger.py:245 |  Log File : logs\bsma.log
2026-08-19 07:43:13 | INFO     | root | logger.py:246 |  Log Level: INFO
2026-08-19 07:43:13 | INFO     | root | logger.py:247 |  Max Size : 10485760 bytes
2026-08-19 07:43:13 | INFO     | root | logger.py:248 |  Backups  : 5
2026-08-19 07:43:13 | INFO     | root | logger.py:249 | ========================================
2026-08-19 07:43:13 | INFO     | services.analysis_service | qc.py:362 | QCAnalyzer initialized.
2026-08-19 07:43:13 | INFO     | services.analysis_service | qc.py:431 | Stream QC completed.
2026-08-19 07:43:13 | INFO     | services.analysis_service | orchestrator.py:171 | PipelineOrchestrator initialized.
2026-08-19 07:43:16 | INFO     | services.analysis_service | pipeline.py:279 | BSMA pipeline completed successfully.
2026-08-19 07:43:16 | INFO     | services.analysis_service | orchestrator.py:171 | PipelineOrchestrator initialized.
2026-08-19 07:43:18 | INFO     | services.analysis_service | pipeline.py:279 | BSMA pipeline completed successfully.
2026-08-19 07:43:18 | INFO     | services.analysis_service | orchestrator.py:171 | PipelineOrchestrator initialized.
2026-08-19 07:43:20 | INFO     | services.analysis_service | pipeline.py:279 | BSMA pipeline completed successfully.
2026-08-19 07:43:20 | INFO     | utils.pdf_exporter | pdf_exporter.py:1491 | Memulai pembuatan PDF stasiun PPJR.
2026-08-19 07:43:56 | INFO     | utils.pdf_exporter | pdf_exporter.py:1883 | Laporan PDF berhasil dibuat: outputs\reports\test_verify.pdf
2026-08-19 07:45:31 | INFO     | bsma.dashboard | qc.py:362 | QCAnalyzer initialized.
2026-08-19 07:45:31 | INFO     | bsma.dashboard | qc.py:431 | Stream QC completed.
2026-08-19 07:45:31 | INFO     | bsma.dashboard | orchestrator.py:171 | PipelineOrchestrator initialized.
2026-08-19 07:45:33 | INFO     | bsma.dashboard | pipeline.py:279 | BSMA pipeline completed successfully.
2026-08-19 07:45:33 | INFO     | bsma.dashboard | orchestrator.py:171 | PipelineOrchestrator initialized.
2026-08-19 07:45:35 | INFO     | bsma.dashboard | pipeline.py:279 | BSMA pipeline completed successfully.
2026-08-19 07:45:35 | INFO     | bsma.dashboard | orchestrator.py:171 | PipelineOrchestrator initialized.
2026-08-19 07:45:39 | INFO     | bsma.dashboard | pipeline.py:279 | BSMA pipeline completed successfully.
2026-08-19 07:46:09 | INFO     | bsma.dashboard | qc.py:362 | QCAnalyzer initialized.
2026-08-19 07:46:09 | INFO     | bsma.dashboard | qc.py:431 | Stream QC completed.
2026-08-19 07:46:09 | INFO     | bsma.dashboard | orchestrator.py:171 | PipelineOrchestrator initialized.
2026-08-19 07:46:11 | INFO     | bsma.dashboard | pipeline.py:279 | BSMA pipeline completed successfully.
2026-08-19 07:46:11 | INFO     | bsma.dashboard | orchestrator.py:171 | PipelineOrchestrator initialized.
2026-08-19 07:46:14 | INFO     | bsma.dashboard | pipeline.py:279 | BSMA pipeline completed successfully.
2026-08-19 07:46:14 | INFO     | bsma.dashboard | orchestrator.py:171 | PipelineOrchestrator initialized.
2026-08-19 07:46:16 | INFO     | bsma.dashboard | pipeline.py:279 | BSMA pipeline completed successfully.
2026-08-19 07:46:17 | INFO     | bsma.dashboard | qc.py:362 | QCAnalyzer initialized.
2026-08-19 07:46:17 | INFO     | bsma.dashboard | qc.py:431 | Stream QC completed.
2026-08-19 07:46:17 | INFO     | bsma.dashboard | orchestrator.py:171 | PipelineOrchestrator initialized.
2026-08-19 07:46:20 | INFO     | bsma.dashboard | pipeline.py:279 | BSMA pipeline completed successfully.
2026-08-19 07:46:20 | INFO     | bsma.dashboard | orchestrator.py:171 | PipelineOrchestrator initialized.
2026-08-19 07:46:22 | INFO     | bsma.dashboard | pipeline.py:279 | BSMA pipeline completed successfully.
2026-08-19 07:46:22 | INFO     | bsma.dashboard | orchestrator.py:171 | PipelineOrchestrator initialized.
2026-08-19 07:46:25 | INFO     | bsma.dashboard | pipeline.py:279 | BSMA pipeline completed successfully.
2026-08-19 07:46:48 | INFO     | bsma.dashboard | qc.py:362 | QCAnalyzer initialized.
2026-08-19 07:46:48 | INFO     | bsma.dashboard | qc.py:431 | Stream QC completed.
2026-08-19 07:46:48 | INFO     | bsma.dashboard | orchestrator.py:171 | PipelineOrchestrator initialized.
2026-08-19 07:46:51 | INFO     | bsma.dashboard | pipeline.py:279 | BSMA pipeline completed successfully.
2026-08-19 07:46:51 | INFO     | bsma.dashboard | orchestrator.py:171 | PipelineOrchestrator initialized.
2026-08-19 07:46:54 | INFO     | bsma.dashboard | pipeline.py:279 | BSMA pipeline completed successfully.
2026-08-19 07:46:54 | INFO     | bsma.dashboard | orchestrator.py:171 | PipelineOrchestrator initialized.
2026-08-19 07:46:56 | INFO     | bsma.dashboard | pipeline.py:279 | BSMA pipeline completed successfully.
2026-08-19 07:51:37 | INFO     | root | logger.py:243 | ========================================
2026-08-19 07:51:37 | INFO     | root | logger.py:244 |  BSMA Logging Initialized
2026-08-19 07:51:37 | INFO     | root | logger.py:245 |  Log File : logs\bsma.log
2026-08-19 07:51:37 | INFO     | root | logger.py:246 |  Log Level: INFO
2026-08-19 07:51:37 | INFO     | root | logger.py:247 |  Max Size : 10485760 bytes
2026-08-19 07:51:37 | INFO     | root | logger.py:248 |  Backups  : 5
2026-08-19 07:51:37 | INFO     | root | logger.py:249 | ========================================
2026-08-19 07:51:46 | INFO     | services.analysis_service | qc.py:362 | QCAnalyzer initialized.
2026-08-19 07:51:46 | INFO     | services.analysis_service | qc.py:431 | Stream QC completed.
2026-08-19 07:51:46 | INFO     | services.analysis_service | orchestrator.py:171 | PipelineOrchestrator initialized.
2026-08-19 07:51:46 | INFO     | services.analysis_service | pipeline.py:279 | BSMA pipeline completed successfully.
2026-08-19 07:51:46 | INFO     | services.analysis_service | qc.py:362 | QCAnalyzer initialized.
2026-08-19 07:51:46 | INFO     | services.analysis_service | qc.py:431 | Stream QC completed.
2026-08-19 07:51:46 | INFO     | services.analysis_service | orchestrator.py:171 | PipelineOrchestrator initialized.
2026-08-19 07:51:46 | ERROR    | services.analysis_service | analysis_service.py:259 | BSMA analysis failed for trace XX.TEST.00.HNE.
Traceback (most recent call last):
  File "D:\Perkuliahan\Cadangan project\Project BSMA\services\analysis_service.py", line 248, in process_station_stream
    context = self._create_initial_context(
              ~~~~~~~~~~~~~~~~~~~~~~~~~~~~^
        trace=trace,
        ^^^^^^^^^^^^
        inventory=inventory,
        ^^^^^^^^^^^^^^^^^^^^
        qc_metrics=qc_report.trace_metrics[trace.id],
        ^^^^^^^^^^^^^^^^^^^^^^^^^^^^^^^^^^^^^^^^^^^^^
    ).add_history("FilterRecommendation", filter_decision)
    ^
  File "D:\Perkuliahan\Cadangan project\Project BSMA\services\analysis_service.py", line 354, in _create_initial_context
    raise AnalysisServiceError(
    ...<2 lines>...
    )
services.analysis_service.AnalysisServiceError: StationXML is absent for XX.TEST.00.HNE. Declare input_unit explicitly to confirm that the samples are acceleration.
2026-08-19 07:51:46 | INFO     | services.analysis_service | qc.py:362 | QCAnalyzer initialized.
2026-08-19 07:51:46 | INFO     | services.analysis_service | qc.py:362 | QCAnalyzer initialized.
2026-08-19 07:51:46 | INFO     | services.analysis_service | qc.py:431 | Stream QC completed.
2026-08-19 07:51:46 | INFO     | services.analysis_service | orchestrator.py:171 | PipelineOrchestrator initialized.
2026-08-19 07:51:46 | INFO     | services.analysis_service | pipeline.py:279 | BSMA pipeline completed successfully.
2026-08-19 07:51:48 | INFO     | services.analysis_service | qc.py:362 | QCAnalyzer initialized.
2026-08-19 07:51:48 | INFO     | services.analysis_service | qc.py:431 | Stream QC completed.
2026-08-19 07:51:48 | INFO     | services.analysis_service | orchestrator.py:171 | PipelineOrchestrator initialized.
2026-08-19 07:51:48 | INFO     | services.analysis_service | pipeline.py:279 | BSMA pipeline completed successfully.
2026-08-19 07:51:48 | INFO     | services.analysis_service | qc.py:362 | QCAnalyzer initialized.
2026-08-19 07:51:48 | INFO     | services.analysis_service | qc.py:431 | Stream QC completed.
2026-08-19 07:51:48 | INFO     | services.analysis_service | orchestrator.py:171 | PipelineOrchestrator initialized.
2026-08-19 07:51:48 | INFO     | services.analysis_service | pipeline.py:279 | BSMA pipeline completed successfully.
2026-08-19 07:51:48 | INFO     | utils.pdf_exporter | pdf_exporter.py:1491 | Memulai pembuatan PDF stasiun TEST.
2026-08-19 07:52:05 | INFO     | utils.pdf_exporter | pdf_exporter.py:1883 | Laporan PDF berhasil dibuat: C:\Users\USer\AppData\Local\Temp\pytest-of-USer\pytest-31\test_export_service_generates_0\report.pdf
2026-08-19 07:52:06 | INFO     | services.analysis_service | qc.py:362 | QCAnalyzer initialized.
2026-08-19 07:52:06 | INFO     | services.analysis_service | qc.py:431 | Stream QC completed.
2026-08-19 07:52:06 | INFO     | services.analysis_service | orchestrator.py:171 | PipelineOrchestrator initialized.
2026-08-19 07:52:06 | INFO     | services.analysis_service | pipeline.py:279 | BSMA pipeline completed successfully.
2026-08-19 07:52:06 | INFO     | utils.pdf_exporter | pdf_exporter.py:1491 | Memulai pembuatan PDF stasiun TEST.
2026-08-19 07:52:20 | INFO     | utils.pdf_exporter | pdf_exporter.py:1883 | Laporan PDF berhasil dibuat: C:\Users\USer\AppData\Local\Temp\pytest-of-USer\pytest-31\test_export_station_pdf_includ0\event_report.pdf
2026-08-19 07:52:21 | INFO     | core.pipeline | orchestrator.py:171 | PipelineOrchestrator initialized.
2026-08-19 07:52:21 | INFO     | core.pipeline | pipeline.py:279 | BSMA pipeline completed successfully.
2026-08-19 07:52:21 | INFO     | core.preprocessing.qc | qc.py:362 | QCAnalyzer initialized.
2026-08-19 07:52:21 | INFO     | core.preprocessing.qc | qc.py:431 | Stream QC completed.
2026-08-19 07:56:10 | INFO     | root | logger.py:243 | ========================================
2026-08-19 07:56:10 | INFO     | root | logger.py:244 |  BSMA Logging Initialized
2026-08-19 07:56:10 | INFO     | root | logger.py:245 |  Log File : logs\bsma.log
2026-08-19 07:56:10 | INFO     | root | logger.py:246 |  Log Level: INFO
2026-08-19 07:56:10 | INFO     | root | logger.py:247 |  Max Size : 10485760 bytes
2026-08-19 07:56:10 | INFO     | root | logger.py:248 |  Backups  : 5
2026-08-19 07:56:10 | INFO     | root | logger.py:249 | ========================================
2026-08-19 07:56:15 | INFO     | services.analysis_service | qc.py:362 | QCAnalyzer initialized.
2026-08-19 07:56:15 | INFO     | services.analysis_service | qc.py:431 | Stream QC completed.
2026-08-19 07:56:15 | INFO     | services.analysis_service | orchestrator.py:171 | PipelineOrchestrator initialized.
2026-08-19 07:56:15 | INFO     | services.analysis_service | pipeline.py:279 | BSMA pipeline completed successfully.
2026-08-19 07:56:15 | INFO     | services.analysis_service | qc.py:362 | QCAnalyzer initialized.
2026-08-19 07:56:15 | INFO     | services.analysis_service | qc.py:431 | Stream QC completed.
2026-08-19 07:56:15 | INFO     | services.analysis_service | orchestrator.py:171 | PipelineOrchestrator initialized.
2026-08-19 07:56:15 | ERROR    | services.analysis_service | analysis_service.py:259 | BSMA analysis failed for trace XX.TEST.00.HNE.
Traceback (most recent call last):
  File "D:\Perkuliahan\Cadangan project\Project BSMA\services\analysis_service.py", line 248, in process_station_stream
    context = self._create_initial_context(
              ~~~~~~~~~~~~~~~~~~~~~~~~~~~~^
        trace=trace,
        ^^^^^^^^^^^^
        inventory=inventory,
        ^^^^^^^^^^^^^^^^^^^^
        qc_metrics=qc_report.trace_metrics[trace.id],
        ^^^^^^^^^^^^^^^^^^^^^^^^^^^^^^^^^^^^^^^^^^^^^
    ).add_history("FilterRecommendation", filter_decision)
    ^
  File "D:\Perkuliahan\Cadangan project\Project BSMA\services\analysis_service.py", line 354, in _create_initial_context
    raise AnalysisServiceError(
    ...<2 lines>...
    )
services.analysis_service.AnalysisServiceError: StationXML is absent for XX.TEST.00.HNE. Declare input_unit explicitly to confirm that the samples are acceleration.
2026-08-19 07:56:15 | INFO     | services.analysis_service | qc.py:362 | QCAnalyzer initialized.
2026-08-19 07:56:15 | INFO     | services.analysis_service | qc.py:362 | QCAnalyzer initialized.
2026-08-19 07:56:15 | INFO     | services.analysis_service | qc.py:431 | Stream QC completed.
2026-08-19 07:56:15 | INFO     | services.analysis_service | orchestrator.py:171 | PipelineOrchestrator initialized.
2026-08-19 07:56:15 | INFO     | services.analysis_service | pipeline.py:279 | BSMA pipeline completed successfully.
2026-08-19 07:56:17 | INFO     | services.analysis_service | qc.py:362 | QCAnalyzer initialized.
2026-08-19 07:56:17 | INFO     | services.analysis_service | qc.py:431 | Stream QC completed.
2026-08-19 07:56:17 | INFO     | services.analysis_service | orchestrator.py:171 | PipelineOrchestrator initialized.
2026-08-19 07:56:17 | INFO     | services.analysis_service | pipeline.py:279 | BSMA pipeline completed successfully.
2026-08-19 07:56:17 | INFO     | services.analysis_service | qc.py:362 | QCAnalyzer initialized.
2026-08-19 07:56:17 | INFO     | services.analysis_service | qc.py:431 | Stream QC completed.
2026-08-19 07:56:17 | INFO     | services.analysis_service | orchestrator.py:171 | PipelineOrchestrator initialized.
2026-08-19 07:56:17 | INFO     | services.analysis_service | pipeline.py:279 | BSMA pipeline completed successfully.
2026-08-19 07:56:17 | INFO     | utils.pdf_exporter | pdf_exporter.py:1509 | Memulai pembuatan PDF stasiun TEST.
2026-08-19 07:56:38 | INFO     | utils.pdf_exporter | pdf_exporter.py:1901 | Laporan PDF berhasil dibuat: C:\Users\USer\AppData\Local\Temp\pytest-of-USer\pytest-32\test_export_service_generates_0\report.pdf
2026-08-19 07:56:38 | INFO     | services.analysis_service | qc.py:362 | QCAnalyzer initialized.
2026-08-19 07:56:38 | INFO     | services.analysis_service | qc.py:431 | Stream QC completed.
2026-08-19 07:56:38 | INFO     | services.analysis_service | orchestrator.py:171 | PipelineOrchestrator initialized.
2026-08-19 07:56:38 | INFO     | services.analysis_service | pipeline.py:279 | BSMA pipeline completed successfully.
2026-08-19 07:56:38 | INFO     | utils.pdf_exporter | pdf_exporter.py:1509 | Memulai pembuatan PDF stasiun TEST.
2026-08-19 07:56:52 | INFO     | utils.pdf_exporter | pdf_exporter.py:1901 | Laporan PDF berhasil dibuat: C:\Users\USer\AppData\Local\Temp\pytest-of-USer\pytest-32\test_export_station_pdf_includ0\event_report.pdf
2026-08-19 07:57:05 | INFO     | core.pipeline | orchestrator.py:171 | PipelineOrchestrator initialized.
2026-08-19 07:57:05 | INFO     | core.pipeline | pipeline.py:279 | BSMA pipeline completed successfully.
2026-08-19 07:57:06 | INFO     | core.preprocessing.qc | qc.py:362 | QCAnalyzer initialized.
2026-08-19 07:57:06 | INFO     | core.preprocessing.qc | qc.py:431 | Stream QC completed.
2026-08-19 07:57:19 | INFO     | root | logger.py:243 | ========================================
2026-08-19 07:57:19 | INFO     | root | logger.py:244 |  BSMA Logging Initialized
2026-08-19 07:57:19 | INFO     | root | logger.py:245 |  Log File : logs\bsma.log
2026-08-19 07:57:19 | INFO     | root | logger.py:246 |  Log Level: INFO
2026-08-19 07:57:19 | INFO     | root | logger.py:247 |  Max Size : 10485760 bytes
2026-08-19 07:57:19 | INFO     | root | logger.py:248 |  Backups  : 5
2026-08-19 07:57:19 | INFO     | root | logger.py:249 | ========================================
2026-08-19 07:57:23 | INFO     | services.analysis_service | qc.py:362 | QCAnalyzer initialized.
2026-08-19 07:57:23 | INFO     | services.analysis_service | qc.py:431 | Stream QC completed.
2026-08-19 07:57:23 | INFO     | services.analysis_service | orchestrator.py:171 | PipelineOrchestrator initialized.
2026-08-19 07:57:23 | INFO     | services.analysis_service | pipeline.py:279 | BSMA pipeline completed successfully.
2026-08-19 07:57:23 | INFO     | services.analysis_service | qc.py:362 | QCAnalyzer initialized.
2026-08-19 07:57:23 | INFO     | services.analysis_service | qc.py:431 | Stream QC completed.
2026-08-19 07:57:23 | INFO     | services.analysis_service | orchestrator.py:171 | PipelineOrchestrator initialized.
2026-08-19 07:57:23 | ERROR    | services.analysis_service | analysis_service.py:259 | BSMA analysis failed for trace XX.TEST.00.HNE.
Traceback (most recent call last):
  File "D:\Perkuliahan\Cadangan project\Project BSMA\services\analysis_service.py", line 248, in process_station_stream
    context = self._create_initial_context(
              ~~~~~~~~~~~~~~~~~~~~~~~~~~~~^
        trace=trace,
        ^^^^^^^^^^^^
        inventory=inventory,
        ^^^^^^^^^^^^^^^^^^^^
        qc_metrics=qc_report.trace_metrics[trace.id],
        ^^^^^^^^^^^^^^^^^^^^^^^^^^^^^^^^^^^^^^^^^^^^^
    ).add_history("FilterRecommendation", filter_decision)
    ^
  File "D:\Perkuliahan\Cadangan project\Project BSMA\services\analysis_service.py", line 354, in _create_initial_context
    raise AnalysisServiceError(
    ...<2 lines>...
    )
services.analysis_service.AnalysisServiceError: StationXML is absent for XX.TEST.00.HNE. Declare input_unit explicitly to confirm that the samples are acceleration.
2026-08-19 07:57:23 | INFO     | services.analysis_service | qc.py:362 | QCAnalyzer initialized.
2026-08-19 07:57:23 | INFO     | services.analysis_service | qc.py:362 | QCAnalyzer initialized.
2026-08-19 07:57:23 | INFO     | services.analysis_service | qc.py:431 | Stream QC completed.
2026-08-19 07:57:23 | INFO     | services.analysis_service | orchestrator.py:171 | PipelineOrchestrator initialized.
2026-08-19 07:57:23 | INFO     | services.analysis_service | pipeline.py:279 | BSMA pipeline completed successfully.
2026-08-19 07:57:23 | INFO     | services.analysis_service | qc.py:362 | QCAnalyzer initialized.
2026-08-19 07:57:23 | INFO     | services.analysis_service | qc.py:431 | Stream QC completed.
2026-08-19 07:57:23 | INFO     | services.analysis_service | orchestrator.py:171 | PipelineOrchestrator initialized.
2026-08-19 07:57:23 | INFO     | services.analysis_service | pipeline.py:279 | BSMA pipeline completed successfully.
2026-08-19 07:57:23 | INFO     | services.analysis_service | qc.py:362 | QCAnalyzer initialized.
2026-08-19 07:57:23 | INFO     | services.analysis_service | qc.py:431 | Stream QC completed.
2026-08-19 07:57:23 | INFO     | services.analysis_service | orchestrator.py:171 | PipelineOrchestrator initialized.
2026-08-19 07:57:23 | INFO     | services.analysis_service | pipeline.py:279 | BSMA pipeline completed successfully.
2026-08-19 07:57:23 | INFO     | utils.pdf_exporter | pdf_exporter.py:1509 | Memulai pembuatan PDF stasiun TEST.
2026-08-19 07:57:43 | INFO     | utils.pdf_exporter | pdf_exporter.py:1901 | Laporan PDF berhasil dibuat: C:\Users\USer\AppData\Local\Temp\pytest-of-USer\pytest-33\test_export_service_generates_0\report.pdf
2026-08-19 07:57:43 | INFO     | services.analysis_service | qc.py:362 | QCAnalyzer initialized.
2026-08-19 07:57:43 | INFO     | services.analysis_service | qc.py:431 | Stream QC completed.
2026-08-19 07:57:43 | INFO     | services.analysis_service | orchestrator.py:171 | PipelineOrchestrator initialized.
2026-08-19 07:57:43 | INFO     | services.analysis_service | pipeline.py:279 | BSMA pipeline completed successfully.
2026-08-19 07:57:43 | INFO     | utils.pdf_exporter | pdf_exporter.py:1509 | Memulai pembuatan PDF stasiun TEST.
2026-08-19 07:57:52 | INFO     | root | logger.py:243 | ========================================
2026-08-19 07:57:52 | INFO     | root | logger.py:244 |  BSMA Logging Initialized
2026-08-19 07:57:52 | INFO     | root | logger.py:245 |  Log File : logs\bsma.log
2026-08-19 07:57:52 | INFO     | root | logger.py:246 |  Log Level: INFO
2026-08-19 07:57:52 | INFO     | root | logger.py:247 |  Max Size : 10485760 bytes
2026-08-19 07:57:52 | INFO     | root | logger.py:248 |  Backups  : 5
2026-08-19 07:57:52 | INFO     | root | logger.py:249 | ========================================
2026-08-19 08:05:23 | INFO     | services.analysis_service | qc.py:362 | QCAnalyzer initialized.
2026-08-19 08:05:23 | INFO     | services.analysis_service | qc.py:431 | Stream QC completed.
2026-08-19 08:05:23 | INFO     | services.analysis_service | orchestrator.py:171 | PipelineOrchestrator initialized.
2026-08-19 08:05:23 | INFO     | services.analysis_service | pipeline.py:279 | BSMA pipeline completed successfully.
2026-08-19 08:05:23 | INFO     | services.analysis_service | qc.py:362 | QCAnalyzer initialized.
2026-08-19 08:05:23 | INFO     | services.analysis_service | qc.py:431 | Stream QC completed.
2026-08-19 08:05:23 | INFO     | services.analysis_service | orchestrator.py:171 | PipelineOrchestrator initialized.
2026-08-19 08:05:23 | ERROR    | services.analysis_service | analysis_service.py:259 | BSMA analysis failed for trace XX.TEST.00.HNE.
Traceback (most recent call last):
  File "D:\Perkuliahan\Cadangan project\Project BSMA\services\analysis_service.py", line 248, in process_station_stream
    context = self._create_initial_context(
              ~~~~~~~~~~~~~~~~~~~~~~~~~~~~^
        trace=trace,
        ^^^^^^^^^^^^
        inventory=inventory,
        ^^^^^^^^^^^^^^^^^^^^
        qc_metrics=qc_report.trace_metrics[trace.id],
        ^^^^^^^^^^^^^^^^^^^^^^^^^^^^^^^^^^^^^^^^^^^^^
    ).add_history("FilterRecommendation", filter_decision)
    ^
  File "D:\Perkuliahan\Cadangan project\Project BSMA\services\analysis_service.py", line 354, in _create_initial_context
    raise AnalysisServiceError(
    ...<2 lines>...
    )
services.analysis_service.AnalysisServiceError: StationXML is absent for XX.TEST.00.HNE. Declare input_unit explicitly to confirm that the samples are acceleration.
2026-08-19 08:05:23 | INFO     | services.analysis_service | qc.py:362 | QCAnalyzer initialized.
2026-08-19 08:05:23 | INFO     | services.analysis_service | qc.py:362 | QCAnalyzer initialized.
2026-08-19 08:05:23 | INFO     | services.analysis_service | qc.py:431 | Stream QC completed.
2026-08-19 08:05:23 | INFO     | services.analysis_service | orchestrator.py:171 | PipelineOrchestrator initialized.
2026-08-19 08:05:23 | INFO     | services.analysis_service | pipeline.py:279 | BSMA pipeline completed successfully.
2026-08-19 08:05:24 | INFO     | services.analysis_service | qc.py:362 | QCAnalyzer initialized.
2026-08-19 08:05:24 | INFO     | services.analysis_service | qc.py:431 | Stream QC completed.
2026-08-19 08:05:24 | INFO     | services.analysis_service | orchestrator.py:171 | PipelineOrchestrator initialized.
2026-08-19 08:05:24 | INFO     | services.analysis_service | pipeline.py:279 | BSMA pipeline completed successfully.
2026-08-19 08:05:24 | INFO     | services.analysis_service | qc.py:362 | QCAnalyzer initialized.
2026-08-19 08:05:24 | INFO     | services.analysis_service | qc.py:431 | Stream QC completed.
2026-08-19 08:05:24 | INFO     | services.analysis_service | orchestrator.py:171 | PipelineOrchestrator initialized.
2026-08-19 08:05:25 | INFO     | services.analysis_service | pipeline.py:279 | BSMA pipeline completed successfully.
2026-08-19 08:05:25 | INFO     | utils.pdf_exporter | pdf_exporter.py:1509 | Memulai pembuatan PDF stasiun TEST.
2026-08-19 08:05:38 | INFO     | utils.pdf_exporter | pdf_exporter.py:1901 | Laporan PDF berhasil dibuat: C:\Users\USer\AppData\Local\Temp\pytest-of-USer\pytest-33\test_export_station_pdf_includ0\event_report.pdf
2026-08-19 08:05:57 | INFO     | utils.pdf_exporter | pdf_exporter.py:1901 | Laporan PDF berhasil dibuat: C:\Users\USer\AppData\Local\Temp\pytest-of-USer\pytest-34\test_export_service_generates_0\report.pdf
2026-08-19 08:05:57 | INFO     | services.analysis_service | qc.py:362 | QCAnalyzer initialized.
2026-08-19 08:05:57 | INFO     | services.analysis_service | qc.py:431 | Stream QC completed.
2026-08-19 08:05:57 | INFO     | services.analysis_service | orchestrator.py:171 | PipelineOrchestrator initialized.
2026-08-19 08:05:57 | INFO     | services.analysis_service | pipeline.py:279 | BSMA pipeline completed successfully.
2026-08-19 08:05:57 | INFO     | utils.pdf_exporter | pdf_exporter.py:1509 | Memulai pembuatan PDF stasiun TEST.
2026-08-19 08:06:02 | INFO     | core.pipeline | orchestrator.py:171 | PipelineOrchestrator initialized.
2026-08-19 08:06:02 | INFO     | core.pipeline | pipeline.py:279 | BSMA pipeline completed successfully.
2026-08-19 08:06:03 | INFO     | core.preprocessing.qc | qc.py:362 | QCAnalyzer initialized.
2026-08-19 08:06:03 | INFO     | core.preprocessing.qc | qc.py:431 | Stream QC completed.
2026-08-19 08:06:24 | INFO     | utils.pdf_exporter | pdf_exporter.py:1901 | Laporan PDF berhasil dibuat: C:\Users\USer\AppData\Local\Temp\pytest-of-USer\pytest-34\test_export_station_pdf_includ0\event_report.pdf
2026-08-19 08:06:50 | INFO     | core.pipeline | orchestrator.py:171 | PipelineOrchestrator initialized.
2026-08-19 08:06:50 | INFO     | core.pipeline | pipeline.py:279 | BSMA pipeline completed successfully.
2026-08-19 08:06:51 | INFO     | core.preprocessing.qc | qc.py:362 | QCAnalyzer initialized.
2026-08-19 08:06:51 | INFO     | core.preprocessing.qc | qc.py:431 | Stream QC completed.
2026-08-19 08:07:20 | INFO     | root | logger.py:243 | ========================================
2026-08-19 08:07:20 | INFO     | root | logger.py:244 |  BSMA Logging Initialized
2026-08-19 08:07:20 | INFO     | root | logger.py:245 |  Log File : logs\bsma.log
2026-08-19 08:07:20 | INFO     | root | logger.py:246 |  Log Level: INFO
2026-08-19 08:07:20 | INFO     | root | logger.py:247 |  Max Size : 10485760 bytes
2026-08-19 08:07:20 | INFO     | root | logger.py:248 |  Backups  : 5
2026-08-19 08:07:20 | INFO     | root | logger.py:249 | ========================================
2026-08-19 08:07:21 | INFO     | services.analysis_service | qc.py:362 | QCAnalyzer initialized.
2026-08-19 08:07:21 | INFO     | services.analysis_service | qc.py:431 | Stream QC completed.
2026-08-19 08:07:21 | INFO     | services.analysis_service | orchestrator.py:171 | PipelineOrchestrator initialized.
2026-08-19 08:07:23 | INFO     | services.analysis_service | pipeline.py:279 | BSMA pipeline completed successfully.
2026-08-19 08:07:23 | INFO     | services.analysis_service | orchestrator.py:171 | PipelineOrchestrator initialized.
2026-08-19 08:07:25 | INFO     | services.analysis_service | pipeline.py:279 | BSMA pipeline completed successfully.
2026-08-19 08:07:25 | INFO     | services.analysis_service | orchestrator.py:171 | PipelineOrchestrator initialized.
2026-08-19 08:07:27 | INFO     | services.analysis_service | pipeline.py:279 | BSMA pipeline completed successfully.
2026-08-19 08:08:27 | INFO     | bsma.dashboard | qc.py:362 | QCAnalyzer initialized.
2026-08-19 08:08:27 | INFO     | bsma.dashboard | qc.py:431 | Stream QC completed.
2026-08-19 08:08:27 | INFO     | bsma.dashboard | orchestrator.py:171 | PipelineOrchestrator initialized.
2026-08-19 08:08:32 | INFO     | bsma.dashboard | pipeline.py:279 | BSMA pipeline completed successfully.
2026-08-19 08:08:32 | INFO     | bsma.dashboard | orchestrator.py:171 | PipelineOrchestrator initialized.
2026-08-19 08:08:35 | INFO     | bsma.dashboard | pipeline.py:279 | BSMA pipeline completed successfully.
2026-08-19 08:08:35 | INFO     | bsma.dashboard | orchestrator.py:171 | PipelineOrchestrator initialized.
2026-08-19 08:08:38 | INFO     | bsma.dashboard | pipeline.py:279 | BSMA pipeline completed successfully.
2026-08-19 08:09:21 | INFO     | utils.pdf_exporter | pdf_exporter.py:1488 | Memulai pembuatan PDF stasiun PPJR _ 2026-02-05 18_04_27 UTC.
2026-08-19 08:09:47 | INFO     | utils.pdf_exporter | pdf_exporter.py:1880 | Laporan PDF berhasil dibuat: D:\Perkuliahan\Cadangan project\Project BSMA\outputs\reports\BSMA_Report_PPJR _ 2026-02-05 18_04_27 UTC.pdf
2026-08-19 09:28:56 | INFO     | bsma.dashboard | qc.py:362 | QCAnalyzer initialized.
2026-08-19 09:28:57 | INFO     | bsma.dashboard | qc.py:431 | Stream QC completed.
2026-08-19 09:28:57 | INFO     | bsma.dashboard | orchestrator.py:171 | PipelineOrchestrator initialized.
2026-08-19 09:29:01 | INFO     | bsma.dashboard | pipeline.py:279 | BSMA pipeline completed successfully.
2026-08-19 09:29:01 | INFO     | bsma.dashboard | orchestrator.py:171 | PipelineOrchestrator initialized.
2026-08-19 09:29:06 | INFO     | bsma.dashboard | pipeline.py:279 | BSMA pipeline completed successfully.
2026-08-19 09:29:06 | INFO     | bsma.dashboard | orchestrator.py:171 | PipelineOrchestrator initialized.
2026-08-19 09:29:11 | INFO     | bsma.dashboard | pipeline.py:279 | BSMA pipeline completed successfully.
2026-08-22 21:30:12 | INFO     | root | logger.py:243 | ========================================
2026-08-22 21:30:12 | INFO     | root | logger.py:244 |  BSMA Logging Initialized
2026-08-22 21:30:12 | INFO     | root | logger.py:245 |  Log File : logs\bsma.log
2026-08-22 21:30:12 | INFO     | root | logger.py:246 |  Log Level: INFO
2026-08-22 21:30:12 | INFO     | root | logger.py:247 |  Max Size : 10485760 bytes
2026-08-22 21:30:12 | INFO     | root | logger.py:248 |  Backups  : 5
2026-08-22 21:30:12 | INFO     | root | logger.py:249 | ========================================
2026-08-22 21:30:32 | INFO     | bsma.dashboard | qc.py:362 | QCAnalyzer initialized.
2026-08-22 21:30:32 | INFO     | bsma.dashboard | qc.py:431 | Stream QC completed.
2026-08-22 21:30:32 | INFO     | bsma.dashboard | orchestrator.py:171 | PipelineOrchestrator initialized.
2026-08-22 21:30:38 | INFO     | bsma.dashboard | pipeline.py:279 | BSMA pipeline completed successfully.
2026-08-22 21:30:38 | INFO     | bsma.dashboard | orchestrator.py:171 | PipelineOrchestrator initialized.
2026-08-22 21:30:43 | INFO     | bsma.dashboard | pipeline.py:279 | BSMA pipeline completed successfully.
2026-08-22 21:30:43 | INFO     | bsma.dashboard | orchestrator.py:171 | PipelineOrchestrator initialized.
2026-08-22 21:30:49 | INFO     | bsma.dashboard | pipeline.py:279 | BSMA pipeline completed successfully.
2026-08-22 21:32:47 | INFO     | root | logger.py:243 | ========================================
2026-08-22 21:32:47 | INFO     | root | logger.py:244 |  BSMA Logging Initialized
2026-08-22 21:32:47 | INFO     | root | logger.py:245 |  Log File : logs\bsma.log
2026-08-22 21:32:47 | INFO     | root | logger.py:246 |  Log Level: INFO
2026-08-22 21:32:47 | INFO     | root | logger.py:247 |  Max Size : 10485760 bytes
2026-08-22 21:32:47 | INFO     | root | logger.py:248 |  Backups  : 5
2026-08-22 21:32:47 | INFO     | root | logger.py:249 | ========================================
2026-08-22 21:32:48 | INFO     | services.analysis_service | qc.py:362 | QCAnalyzer initialized.
2026-08-22 21:32:48 | INFO     | services.analysis_service | qc.py:431 | Stream QC completed.
2026-08-22 21:32:48 | INFO     | services.analysis_service | orchestrator.py:171 | PipelineOrchestrator initialized.
2026-08-22 21:32:52 | INFO     | services.analysis_service | pipeline.py:279 | BSMA pipeline completed successfully.
2026-08-22 21:32:52 | INFO     | services.analysis_service | orchestrator.py:171 | PipelineOrchestrator initialized.
2026-08-22 21:32:55 | INFO     | services.analysis_service | pipeline.py:279 | BSMA pipeline completed successfully.
2026-08-22 21:32:55 | INFO     | services.analysis_service | orchestrator.py:171 | PipelineOrchestrator initialized.
2026-08-22 21:32:59 | INFO     | services.analysis_service | pipeline.py:279 | BSMA pipeline completed successfully.
2026-08-22 21:33:41 | INFO     | root | logger.py:243 | ========================================
2026-08-22 21:33:41 | INFO     | root | logger.py:244 |  BSMA Logging Initialized
2026-08-22 21:33:41 | INFO     | root | logger.py:245 |  Log File : logs\bsma.log
2026-08-22 21:33:41 | INFO     | root | logger.py:246 |  Log Level: INFO
2026-08-22 21:33:41 | INFO     | root | logger.py:247 |  Max Size : 10485760 bytes
2026-08-22 21:33:41 | INFO     | root | logger.py:248 |  Backups  : 5
2026-08-22 21:33:41 | INFO     | root | logger.py:249 | ========================================
2026-08-22 21:33:52 | INFO     | services.analysis_service | qc.py:362 | QCAnalyzer initialized.
2026-08-22 21:33:52 | INFO     | services.analysis_service | qc.py:431 | Stream QC completed.
2026-08-22 21:33:52 | INFO     | services.analysis_service | orchestrator.py:171 | PipelineOrchestrator initialized.
2026-08-22 21:33:52 | INFO     | services.analysis_service | pipeline.py:279 | BSMA pipeline completed successfully.
2026-08-22 21:33:52 | INFO     | services.analysis_service | qc.py:362 | QCAnalyzer initialized.
2026-08-22 21:33:52 | INFO     | services.analysis_service | qc.py:431 | Stream QC completed.
2026-08-22 21:33:52 | INFO     | services.analysis_service | orchestrator.py:171 | PipelineOrchestrator initialized.
2026-08-22 21:33:52 | ERROR    | services.analysis_service | analysis_service.py:259 | BSMA analysis failed for trace XX.TEST.00.HNE.
Traceback (most recent call last):
  File "D:\Perkuliahan\Cadangan project\Project BSMA\services\analysis_service.py", line 248, in process_station_stream
    context = self._create_initial_context(
              ~~~~~~~~~~~~~~~~~~~~~~~~~~~~^
        trace=trace,
        ^^^^^^^^^^^^
        inventory=inventory,
        ^^^^^^^^^^^^^^^^^^^^
        qc_metrics=qc_report.trace_metrics[trace.id],
        ^^^^^^^^^^^^^^^^^^^^^^^^^^^^^^^^^^^^^^^^^^^^^
    ).add_history("FilterRecommendation", filter_decision)
    ^
  File "D:\Perkuliahan\Cadangan project\Project BSMA\services\analysis_service.py", line 354, in _create_initial_context
    raise AnalysisServiceError(
    ...<2 lines>...
    )
services.analysis_service.AnalysisServiceError: StationXML is absent for XX.TEST.00.HNE. Declare input_unit explicitly to confirm that the samples are acceleration.
2026-08-22 21:33:52 | INFO     | services.analysis_service | qc.py:362 | QCAnalyzer initialized.
2026-08-22 21:33:52 | INFO     | services.analysis_service | qc.py:362 | QCAnalyzer initialized.
2026-08-22 21:33:52 | INFO     | services.analysis_service | qc.py:431 | Stream QC completed.
2026-08-22 21:33:52 | INFO     | services.analysis_service | orchestrator.py:171 | PipelineOrchestrator initialized.
2026-08-22 21:33:52 | INFO     | services.analysis_service | pipeline.py:279 | BSMA pipeline completed successfully.
2026-08-22 21:33:52 | INFO     | services.analysis_service | qc.py:362 | QCAnalyzer initialized.
2026-08-22 21:33:52 | INFO     | services.analysis_service | qc.py:431 | Stream QC completed.
2026-08-22 21:33:52 | INFO     | services.analysis_service | orchestrator.py:171 | PipelineOrchestrator initialized.
2026-08-22 21:33:52 | INFO     | services.analysis_service | pipeline.py:279 | BSMA pipeline completed successfully.
2026-08-22 21:33:52 | INFO     | services.analysis_service | qc.py:362 | QCAnalyzer initialized.
2026-08-22 21:33:52 | INFO     | services.analysis_service | qc.py:431 | Stream QC completed.
2026-08-22 21:33:52 | INFO     | services.analysis_service | orchestrator.py:171 | PipelineOrchestrator initialized.
2026-08-22 21:33:52 | INFO     | services.analysis_service | pipeline.py:279 | BSMA pipeline completed successfully.
2026-08-22 21:33:52 | INFO     | utils.pdf_exporter | pdf_exporter.py:1509 | Memulai pembuatan PDF stasiun TEST.
2026-08-22 21:34:21 | INFO     | utils.pdf_exporter | pdf_exporter.py:1901 | Laporan PDF berhasil dibuat: C:\Users\USer\AppData\Local\Temp\pytest-of-USer\pytest-35\test_export_service_generates_0\report.pdf
2026-08-22 21:34:21 | INFO     | services.analysis_service | qc.py:362 | QCAnalyzer initialized.
2026-08-22 21:34:21 | INFO     | services.analysis_service | qc.py:431 | Stream QC completed.
2026-08-22 21:34:21 | INFO     | services.analysis_service | orchestrator.py:171 | PipelineOrchestrator initialized.
2026-08-22 21:34:21 | INFO     | services.analysis_service | pipeline.py:279 | BSMA pipeline completed successfully.
2026-08-22 21:34:21 | INFO     | utils.pdf_exporter | pdf_exporter.py:1509 | Memulai pembuatan PDF stasiun TEST.
2026-08-22 21:34:44 | INFO     | utils.pdf_exporter | pdf_exporter.py:1901 | Laporan PDF berhasil dibuat: C:\Users\USer\AppData\Local\Temp\pytest-of-USer\pytest-35\test_export_station_pdf_includ0\event_report.pdf
2026-08-22 21:35:09 | INFO     | core.pipeline | orchestrator.py:171 | PipelineOrchestrator initialized.
2026-08-22 21:35:09 | INFO     | core.pipeline | pipeline.py:279 | BSMA pipeline completed successfully.
2026-08-22 21:35:09 | INFO     | core.preprocessing.qc | qc.py:362 | QCAnalyzer initialized.
2026-08-22 21:35:09 | INFO     | core.preprocessing.qc | qc.py:431 | Stream QC completed.
2026-08-22 21:37:02 | INFO     | root | logger.py:243 | ========================================
2026-08-22 21:37:02 | INFO     | root | logger.py:244 |  BSMA Logging Initialized
2026-08-22 21:37:02 | INFO     | root | logger.py:245 |  Log File : logs\bsma.log
2026-08-22 21:37:02 | INFO     | root | logger.py:246 |  Log Level: INFO
2026-08-22 21:37:02 | INFO     | root | logger.py:247 |  Max Size : 10485760 bytes
2026-08-22 21:37:02 | INFO     | root | logger.py:248 |  Backups  : 5
2026-08-22 21:37:02 | INFO     | root | logger.py:249 | ========================================
2026-08-23 21:43:26 | INFO     | bsma.dashboard | qc.py:362 | QCAnalyzer initialized.
2026-08-23 21:43:27 | INFO     | bsma.dashboard | qc.py:431 | Stream QC completed.
2026-08-23 21:43:27 | INFO     | bsma.dashboard | orchestrator.py:171 | PipelineOrchestrator initialized.
2026-08-23 21:43:32 | INFO     | bsma.dashboard | pipeline.py:279 | BSMA pipeline completed successfully.
2026-08-23 21:43:32 | INFO     | bsma.dashboard | orchestrator.py:171 | PipelineOrchestrator initialized.
2026-08-23 21:43:36 | INFO     | bsma.dashboard | pipeline.py:279 | BSMA pipeline completed successfully.
2026-08-23 21:43:36 | INFO     | bsma.dashboard | orchestrator.py:171 | PipelineOrchestrator initialized.
2026-08-23 21:43:40 | INFO     | bsma.dashboard | pipeline.py:279 | BSMA pipeline completed successfully.
2026-08-23 21:45:07 | INFO     | utils.pdf_exporter | pdf_exporter.py:1509 | Memulai pembuatan PDF stasiun PPJR _ 2026-02-05 18_04_27 UTC.
2026-08-23 21:46:12 | INFO     | utils.pdf_exporter | pdf_exporter.py:1901 | Laporan PDF berhasil dibuat: D:\Perkuliahan\Cadangan project\Project BSMA\outputs\reports\BSMA_Report_PPJR _ 2026-02-05 18_04_27 UTC.pdf
2026-09-07 23:50:12 | INFO     | root | logger.py:243 | ========================================
2026-09-07 23:50:12 | INFO     | root | logger.py:244 |  BSMA Logging Initialized
2026-09-07 23:50:12 | INFO     | root | logger.py:245 |  Log File : logs\bsma.log
2026-09-07 23:50:12 | INFO     | root | logger.py:246 |  Log Level: INFO
2026-09-07 23:50:12 | INFO     | root | logger.py:247 |  Max Size : 10485760 bytes
2026-09-07 23:50:12 | INFO     | root | logger.py:248 |  Backups  : 5
2026-09-07 23:50:12 | INFO     | root | logger.py:249 | ========================================
2026-09-08 00:10:56 | INFO     | root | logger.py:243 | ========================================
2026-09-08 00:10:56 | INFO     | root | logger.py:244 |  BSMA Logging Initialized
2026-09-08 00:10:56 | INFO     | root | logger.py:245 |  Log File : logs\bsma.log
2026-09-08 00:10:56 | INFO     | root | logger.py:246 |  Log Level: INFO
2026-09-08 00:10:56 | INFO     | root | logger.py:247 |  Max Size : 10485760 bytes
2026-09-08 00:10:56 | INFO     | root | logger.py:248 |  Backups  : 5
2026-09-08 00:10:56 | INFO     | root | logger.py:249 | ========================================
2026-09-08 00:11:03 | INFO     | services.analysis_service | qc.py:362 | QCAnalyzer initialized.
2026-09-08 00:11:03 | INFO     | services.analysis_service | qc.py:431 | Stream QC completed.
2026-09-08 00:11:03 | INFO     | services.analysis_service | orchestrator.py:171 | PipelineOrchestrator initialized.
2026-09-08 00:11:04 | INFO     | services.analysis_service | pipeline.py:279 | BSMA pipeline completed successfully.
2026-09-08 00:11:04 | INFO     | services.analysis_service | qc.py:362 | QCAnalyzer initialized.
2026-09-08 00:11:04 | INFO     | services.analysis_service | qc.py:431 | Stream QC completed.
2026-09-08 00:11:04 | INFO     | services.analysis_service | orchestrator.py:171 | PipelineOrchestrator initialized.
2026-09-08 00:11:04 | ERROR    | services.analysis_service | analysis_service.py:259 | BSMA analysis failed for trace XX.TEST.00.HNE.
Traceback (most recent call last):
  File "D:\Perkuliahan\Cadangan project\Project BSMA\services\analysis_service.py", line 248, in process_station_stream
    context = self._create_initial_context(
  File "D:\Perkuliahan\Cadangan project\Project BSMA\services\analysis_service.py", line 354, in _create_initial_context
    raise AnalysisServiceError(
services.analysis_service.AnalysisServiceError: StationXML is absent for XX.TEST.00.HNE. Declare input_unit explicitly to confirm that the samples are acceleration.
2026-09-08 00:11:04 | INFO     | services.analysis_service | qc.py:362 | QCAnalyzer initialized.
2026-09-08 00:11:04 | INFO     | services.analysis_service | qc.py:362 | QCAnalyzer initialized.
2026-09-08 00:11:04 | INFO     | services.analysis_service | qc.py:431 | Stream QC completed.
2026-09-08 00:11:04 | INFO     | services.analysis_service | orchestrator.py:171 | PipelineOrchestrator initialized.
2026-09-08 00:11:04 | INFO     | services.analysis_service | pipeline.py:279 | BSMA pipeline completed successfully.
2026-09-08 00:11:04 | INFO     | services.analysis_service | qc.py:362 | QCAnalyzer initialized.
2026-09-08 00:11:04 | INFO     | services.analysis_service | qc.py:431 | Stream QC completed.
2026-09-08 00:11:04 | INFO     | services.analysis_service | orchestrator.py:171 | PipelineOrchestrator initialized.
2026-09-08 00:11:04 | INFO     | services.analysis_service | pipeline.py:279 | BSMA pipeline completed successfully.
2026-09-08 00:11:04 | INFO     | services.analysis_service | qc.py:362 | QCAnalyzer initialized.
2026-09-08 00:11:04 | INFO     | services.analysis_service | qc.py:431 | Stream QC completed.
2026-09-08 00:11:04 | INFO     | services.analysis_service | orchestrator.py:171 | PipelineOrchestrator initialized.
2026-09-08 00:11:05 | INFO     | services.analysis_service | pipeline.py:279 | BSMA pipeline completed successfully.
2026-09-08 00:11:05 | INFO     | utils.pdf_exporter | pdf_exporter.py:1509 | Memulai pembuatan PDF stasiun TEST.
2026-09-08 00:11:27 | INFO     | utils.pdf_exporter | pdf_exporter.py:1901 | Laporan PDF berhasil dibuat: C:\Users\USer\AppData\Local\Temp\pytest-of-USer\pytest-36\test_export_service_generates_0\report.pdf
2026-09-08 00:11:28 | INFO     | services.analysis_service | qc.py:362 | QCAnalyzer initialized.
2026-09-08 00:11:28 | INFO     | services.analysis_service | qc.py:431 | Stream QC completed.
2026-09-08 00:11:28 | INFO     | services.analysis_service | orchestrator.py:171 | PipelineOrchestrator initialized.
2026-09-08 00:11:28 | INFO     | services.analysis_service | pipeline.py:279 | BSMA pipeline completed successfully.
2026-09-08 00:11:28 | INFO     | utils.pdf_exporter | pdf_exporter.py:1509 | Memulai pembuatan PDF stasiun TEST.
2026-09-08 00:11:52 | INFO     | utils.pdf_exporter | pdf_exporter.py:1901 | Laporan PDF berhasil dibuat: C:\Users\USer\AppData\Local\Temp\pytest-of-USer\pytest-36\test_export_station_pdf_includ0\event_report.pdf
2026-09-08 00:11:53 | INFO     | core.pipeline | orchestrator.py:171 | PipelineOrchestrator initialized.
2026-09-08 00:11:53 | INFO     | core.pipeline | pipeline.py:279 | BSMA pipeline completed successfully.
2026-09-08 00:11:53 | INFO     | core.preprocessing.qc | qc.py:362 | QCAnalyzer initialized.
2026-09-08 00:11:53 | INFO     | core.preprocessing.qc | qc.py:431 | Stream QC completed.
2026-09-08 00:15:26 | INFO     | root | logger.py:243 | ========================================
2026-09-08 00:15:26 | INFO     | root | logger.py:244 |  BSMA Logging Initialized
2026-09-08 00:15:26 | INFO     | root | logger.py:245 |  Log File : logs\bsma.log
2026-09-08 00:15:26 | INFO     | root | logger.py:246 |  Log Level: INFO
2026-09-08 00:15:26 | INFO     | root | logger.py:247 |  Max Size : 10485760 bytes
2026-09-08 00:15:26 | INFO     | root | logger.py:248 |  Backups  : 5
2026-09-08 00:15:26 | INFO     | root | logger.py:249 | ========================================
2026-09-08 00:15:26 | INFO     | services.analysis_service | qc.py:362 | QCAnalyzer initialized.
2026-09-08 00:15:26 | INFO     | services.analysis_service | qc.py:431 | Stream QC completed.
2026-09-08 00:15:26 | INFO     | services.analysis_service | orchestrator.py:171 | PipelineOrchestrator initialized.
2026-09-08 00:15:26 | INFO     | services.analysis_service | pipeline.py:279 | BSMA pipeline completed successfully.
2026-09-08 00:15:26 | INFO     | utils.pdf_exporter | pdf_exporter.py:1509 | Memulai pembuatan PDF stasiun TEST.
2026-09-08 00:15:51 | INFO     | utils.pdf_exporter | pdf_exporter.py:1901 | Laporan PDF berhasil dibuat: C:\Users\USer\AppData\Local\Temp\pytest-of-USer\pytest-37\test_export_service_generates_0\report.pdf
2026-09-08 00:15:51 | INFO     | services.analysis_service | qc.py:362 | QCAnalyzer initialized.
2026-09-08 00:15:51 | INFO     | services.analysis_service | qc.py:431 | Stream QC completed.
2026-09-08 00:15:51 | INFO     | services.analysis_service | orchestrator.py:171 | PipelineOrchestrator initialized.
2026-09-08 00:15:51 | INFO     | services.analysis_service | pipeline.py:279 | BSMA pipeline completed successfully.
2026-09-08 00:15:51 | INFO     | utils.pdf_exporter | pdf_exporter.py:1509 | Memulai pembuatan PDF stasiun TEST.
2026-09-08 00:16:06 | INFO     | utils.pdf_exporter | pdf_exporter.py:1901 | Laporan PDF berhasil dibuat: C:\Users\USer\AppData\Local\Temp\pytest-of-USer\pytest-37\test_export_station_pdf_includ0\event_report.pdf
2026-09-08 00:26:20 | INFO     | root | logger.py:243 | ========================================
2026-09-08 00:26:20 | INFO     | root | logger.py:244 |  BSMA Logging Initialized
2026-09-08 00:26:20 | INFO     | root | logger.py:245 |  Log File : logs\bsma.log
2026-09-08 00:26:20 | INFO     | root | logger.py:246 |  Log Level: INFO
2026-09-08 00:26:20 | INFO     | root | logger.py:247 |  Max Size : 10485760 bytes
2026-09-08 00:26:20 | INFO     | root | logger.py:248 |  Backups  : 5
2026-09-08 00:26:20 | INFO     | root | logger.py:249 | ========================================
2026-09-08 00:26:24 | INFO     | services.analysis_service | qc.py:362 | QCAnalyzer initialized.
2026-09-08 00:26:24 | INFO     | services.analysis_service | qc.py:431 | Stream QC completed.
2026-09-08 00:26:24 | INFO     | services.analysis_service | orchestrator.py:171 | PipelineOrchestrator initialized.
2026-09-08 00:26:24 | INFO     | services.analysis_service | pipeline.py:279 | BSMA pipeline completed successfully.
2026-09-08 00:26:24 | INFO     | services.analysis_service | qc.py:362 | QCAnalyzer initialized.
2026-09-08 00:26:24 | INFO     | services.analysis_service | qc.py:431 | Stream QC completed.
2026-09-08 00:26:24 | INFO     | services.analysis_service | orchestrator.py:171 | PipelineOrchestrator initialized.
2026-09-08 00:26:24 | ERROR    | services.analysis_service | analysis_service.py:259 | BSMA analysis failed for trace XX.TEST.00.HNE.
Traceback (most recent call last):
  File "D:\Perkuliahan\Cadangan project\Project BSMA\services\analysis_service.py", line 248, in process_station_stream
    context = self._create_initial_context(
  File "D:\Perkuliahan\Cadangan project\Project BSMA\services\analysis_service.py", line 354, in _create_initial_context
    raise AnalysisServiceError(
services.analysis_service.AnalysisServiceError: StationXML is absent for XX.TEST.00.HNE. Declare input_unit explicitly to confirm that the samples are acceleration.
2026-09-08 00:26:24 | INFO     | services.analysis_service | qc.py:362 | QCAnalyzer initialized.
2026-09-08 00:26:24 | INFO     | services.analysis_service | qc.py:362 | QCAnalyzer initialized.
2026-09-08 00:26:24 | INFO     | services.analysis_service | qc.py:431 | Stream QC completed.
2026-09-08 00:26:24 | INFO     | services.analysis_service | orchestrator.py:171 | PipelineOrchestrator initialized.
2026-09-08 00:26:24 | INFO     | services.analysis_service | pipeline.py:279 | BSMA pipeline completed successfully.
2026-09-08 00:26:24 | INFO     | services.analysis_service | qc.py:362 | QCAnalyzer initialized.
2026-09-08 00:26:24 | INFO     | services.analysis_service | qc.py:431 | Stream QC completed.
2026-09-08 00:26:24 | INFO     | services.analysis_service | orchestrator.py:171 | PipelineOrchestrator initialized.
2026-09-08 00:26:24 | INFO     | services.analysis_service | pipeline.py:279 | BSMA pipeline completed successfully.
2026-09-08 00:26:24 | INFO     | services.analysis_service | qc.py:362 | QCAnalyzer initialized.
2026-09-08 00:26:24 | INFO     | services.analysis_service | qc.py:431 | Stream QC completed.
2026-09-08 00:26:24 | INFO     | services.analysis_service | orchestrator.py:171 | PipelineOrchestrator initialized.
2026-09-08 00:26:24 | INFO     | services.analysis_service | pipeline.py:279 | BSMA pipeline completed successfully.
2026-09-08 00:26:24 | INFO     | utils.pdf_exporter | pdf_exporter.py:1509 | Memulai pembuatan PDF stasiun TEST.
2026-09-08 00:26:41 | INFO     | utils.pdf_exporter | pdf_exporter.py:1901 | Laporan PDF berhasil dibuat: C:\Users\USer\AppData\Local\Temp\pytest-of-USer\pytest-38\test_export_service_generates_0\report.pdf
2026-09-08 00:26:41 | INFO     | services.analysis_service | qc.py:362 | QCAnalyzer initialized.
2026-09-08 00:26:41 | INFO     | services.analysis_service | qc.py:431 | Stream QC completed.
2026-09-08 00:26:41 | INFO     | services.analysis_service | orchestrator.py:171 | PipelineOrchestrator initialized.
2026-09-08 00:26:41 | INFO     | services.analysis_service | pipeline.py:279 | BSMA pipeline completed successfully.
2026-09-08 00:26:41 | INFO     | utils.pdf_exporter | pdf_exporter.py:1509 | Memulai pembuatan PDF stasiun TEST.
2026-09-08 00:27:12 | INFO     | utils.pdf_exporter | pdf_exporter.py:1901 | Laporan PDF berhasil dibuat: C:\Users\USer\AppData\Local\Temp\pytest-of-USer\pytest-38\test_export_station_pdf_includ0\event_report.pdf
2026-09-08 00:27:13 | INFO     | core.pipeline | orchestrator.py:171 | PipelineOrchestrator initialized.
2026-09-08 00:27:13 | INFO     | core.pipeline | pipeline.py:279 | BSMA pipeline completed successfully.
2026-09-08 00:27:13 | INFO     | core.preprocessing.qc | qc.py:362 | QCAnalyzer initialized.
2026-09-08 00:27:13 | INFO     | core.preprocessing.qc | qc.py:431 | Stream QC completed.
